"商品ID","商品コード","商品名","商品単価"
"9316188086912","4974475992435","ポニョs","2240"
"9316188086911","4549743646985","クリアファイル　森の中のアシタカ","390"
"9316188086910","4549743952116","クリアファイル　深海の森にて","390"
"9316188086909","4570241690019","長崎ピンズ","550"
"9316188086908","4562443358675","アイマスク　眠いだけじゃだめですか？","500"
"9316188086907","4970381507343","1000P コダマの森","3700"
"9316188086906","4973307731440","ワンプッシュステンレスマグボトル　ジジ","4620"
"9316188086905","4973307731624","カルシファー　ステンレスタンブラー","3120"
"9316188086904","4973307731228","トトロ　木の実　ステンレスタンブラー","3120"
"9316188086903","4992272788631","青いじゅうたん　ミニバッグ","3980"
"9316188086902","4549743647029","クリアファイル　花の中で","390"
"9316188086901","4549743384900","マスキングテープ　千と千尋　","860"
"9316188086900","4988008790634","CD 魔女","2620"
"9316188086899","4970381507329","1000ピースパズル　君をのせて","3700"
"9316188086898","4571572742989","960","960"
"9316188086897","4571572742972","960","960"
"9316188086896","4548626237449","しんちゃん　マスコット　シロしんちゃん","1320"
"9316188086895","4548626207879","しんちゃん　マスコット　ひまわり","1740"
"9316188086894","4548626266715","しんちゃん　アクリル箸　うさぎ","750"
"9316188086893","4548626266708","しんちゃん　アクリル箸　パンダ","750"
"9316188086892","4548626266739","しんちゃん　アクリル箸　うし","750"
"9316188086891","4548626266722","しんちゃん　アクリル箸　ひつじ　","750"
"9316188086890","4548626279173","しんちゃん　竹箸　仮面","440"
"9316188086889","4518003033292","傘　ウォーターフロント　めちゃラク","1100"
"9316188086888","4970381721473","パンダコパンダポシェット","3930"
"9316188086887","4970381721480","パンダコパンダポシェット","3930"
"9316188086886","4580833911729","マメしば　龍","1100"
"9316188086885","4990593403455","kigumiタイガーモス","10730"
"9316188086884","4990593449880","クリップホルダーラピュタ城","3360"
"9316188086883","4990593443673","キキの憧れの靴","4700"
"9316188086882","4990593461745","手のひら小トトロてくてく","3690"
"9316188086881","4943741983330","アコーディオンカーテン　草かげの中からGN","4440"
"9316188086880","4943741983286","アコーディオンカーテン　たんぽぽIV","4440"
"9316188086879","4943741983293","アコーディオンカーテン　たんぽぽGRY","4440"
"9316188086878","4943741003243","カフェ　パイルトトロ","2280"
"9316188086877","4589573930878","切手KH　出島","660"
"9316188086876","4589573930892","切手キーホルダー　ミルクセーキ","660"
"9316188086875","4589573930908","切手キーホルダー　カステラ","660"
"9316188086874","4589573930861","切手キーホルダー　グラバー園","660"
"9316188086873","4589573930885","切手KH  佐世保バーガー","660"
"9316188086872","4589573930854","切手KH  大浦天主堂","660"
"9316188086871","4974475991438","カタカタコダマ","2200"
"9316188086870","4970381500610","豆パズル","1740"
"9316188086869","4974475868532","ベビーギフト　9500 Bセット","10450"
"9316188086868","4974475992336","ポニョ　マスコット","1540"
"9316188086867","4974475994330","なかよしマスコット坊ネズミ","2200"
"9316188086866","4974475994132","なかよしマスコットリリー","2200"
"9316188086865","4974475994231","なかよしマスコットオオトリさま","2200"
"9316188086864","4974475994033","なかよしマスコットジジ","2200"
"9316188086863","4974475993937","なかよしマスコットネコバス","2420"
"9316188086862","4974475993838","なかよしマスコット小トトロ","1760"
"9316188086861","4974475993739","なかよしマスコット中トトロ","2090"
"9316188086860","4974475993531","なかよしマスコット大トトロ","2200"
"9316188086859","4905610405183","あやつりオルゴール　ジジ","12510"
"9316188086858","4974475993630","なかよしマスコット大トトロ葉っぱ","2200"
"9316188086857","4548643204219","抹茶着物ぬいぐるみ　クロミ","3190"
"9316188086856","4974475992633","ポニョマスコット","1870"
"9316188086855","4973307731235","タンブラー　350ml   トトロブラウン","3930"
"9316188086854","4990593535477","春日さま　　ピアス　","2690"
"9316188086853","4990593535484","春日さま　イヤリング","2690"
"9316188086852","4970381710118","ころ鈴小トトロ","1140"
"9316188086851","4582173924797","折り鶴　LOVE 　Tシャツ","2970"
"9316188086850","4979866517457","シンフーパンダ　3L","24200"
"9316188086849","4979866516986","シンフーパンダ　M","3520"
"9316188086848","4970381502218","300p今夜とび立つ","1850"
"9316188086847","4970381161811","500p  海に浮かぶ町","2550"
"9316188086846","4970381195809","パズル300p","1850"
"9316188086845","4970381506957","クリアパズル300p","2550"
"9316188086844","4970381145194","パズル300p","1850"
"9316188086843","4973307731099","2段ランチボックス　進行","2050"
"9316188086842","4973307731563","ふわっとシール容器3Pセット","1710"
"9316188086841","4973307731686","トリオセット　ポニョ","1710"
"9316188086840","4973307730917","弁当箱","1820"
"9316188086839","4973307731396","弁当箱","2050"
"9316188086838","4973307730924","ふわっとタイトランチ　ボックス　トトロ","1540"
"9316188086837","4973307731334","ワンタッチボトル　ボタニカル","1940"
"9316188086836","4973307731617","丸型ランチボックス　カルシファー","1370"
"9316188086835","4990593558810","ヘアゴム","690"
"9316188086834","4990593558803","ヘアゴム","690"
"9316188086833","4990593558797","ヘアゴム","690"
"9316188086832","4990593549337","水鉄砲","900"
"9316188086831","4990593549320","水鉄砲","900"
"9316188086830","4990593542574","キーホルダー　中トトロと小トトロ","1680"
"9316188086829","4990593516940","キーホルダー　風立ちぬ","1540"
"9316188086828","4973307731372","2段ふわっと弁当箱　フレンチ","2050"
"9316188086827","4973307730931","シール容器セット　ネコバス","1540"
"9316188086826","4973307731051","コンビセット トトロ進行","1260"
"9316188086825","4973307731549","丸型ランチボックス　カオナシえんじ","1370"
"9316188086824","4973307731075","2段弁当箱","2050"
"9316188086823","4992272512984","クッション","3980"
"9316188086822","4549743646978","A4クリアファイル　ポルコのアジト","390"
"9316188086821","4973307731174","トトロ木の実弁当箱s","1260"
"9316188086820","4973307731181","トトロ木の実弁当箱","1430"
"9316188086819","4580397926405","たまごっちぬいぐるみマスコット　西郷","1100"
"9316188086818","4957719014117","長崎の変クルス８枚","680"
"9316188086817","4546598562453","眼鏡橋モケケ","1910"
"9316188086816","4589573930847","カステラ君6連","550"
"9316188086815","4974475990738","キーホルダー　小トトロ","990"
"9316188086814","4974475986236","まっくろくろすけ　ブローチ","770"
"9316188086813","4974475988032","ふんわりお手玉　小トトロ　葉っぱ持ち","1760"
"9316188086812","4974475990837","キーホルダー　クロスケ","860"
"9316188086811","4974475987035","ミニマグネット　ジジ","770"
"9316188086810","4974475986830","ミニマグネット　クロスケ","660"
"9316188086809","4974475986731","ミニマグネット　ネコバス","880"
"9316188086808","4974475986335","ミニマグネット","770"
"9316188086807","4974475990530","キーホルダー　大トトロ","1320"
"9316188086806","4974475990639","キーホルダー　中トトロ","1320"
"9316188086805","4974475986038","ジジリュック","9900"
"9316188086804","4970381812218","名台詞トトロ","2080"
"9316188086803","4970381812256","名台詞千と千尋","2080"
"9316188086802","4970381812249","名台詞もののけ姫","2080"
"9316188086801","4974475984133","メイちゃん","4400"
"9316188086800","4974475985833","大トトロ　リュック","9900"
"9316188086799","4570030999446","おえかきさん  びっくりKH 佐世保バーガー","610"
"9316188086798","4549479058540","おえかきさん　ぷくぴかシール","770"
"9316188086797","4991567026441","ご当地キティ　ぷっくりシール","770"
"9316188086796","4991567140857","ご当地靴下　バツ丸くん","660"
"9316188086795","4974475994637","ふかふか　ポニョ　泳ぎ　S","2640"
"9316188086794","4938853501572","ハンギョドンあまおう靴下","660"
"9316188086793","4938853501329","マイメロゼブラ靴下","660"
"9316188086792","4525636332487","おえかきさんバスボール","440"
"9316188086791","4938853501626","ご当地キティ　キッズ靴下　ヒョウ柄","1100"
"9316188086790","4974475992732","ふかふか　ポニョ　立ち　s","2640"
"9316188086789","4548678917535","おえかきさん　あまおうソーダ靴下","500"
"9316188086788","4974475985734","ふんわり小銭入れ　坊ねずみ","1980"
"9316188086787","4974475989534","ふんわりキーホルダー　大トトロ","1650"
"9316188086786","4974475989831","ふんわりキーホルダー　中トトロ","1540"
"9316188086785","4974475985437","ふんわり小銭入れ　ネコバス","1980"
"9316188086784","4974475985130","ふんわり小銭入れ　大トトロ","1980"
"9316188086783","4974475985536","ふんわり小銭入れ　ジジ","1980"
"9316188086782","4974475985635","ふんわり小銭入れ　オオトリ様","1980"
"9316188086781","4974475985338","ふんわり小銭入れ　中トトロ","1980"
"9316188086780","4974475981934","おさんぽ　ネコバス","2200"
"9316188086779","4974475991131","ネコバス　リールパスケース","2640"
"9316188086778","4974475990936","大トトロ　リールパスケース","2200"
"9316188086777","4974475991032","中トトロ　リールパスケース","2200"
"9316188086776","4974475991230","ジジ　リールパスケース","2200"
"9316188086775","4974475991339","ポニョ　リールパスケース","2420"
"9316188086774","4974475987332","ふんわりお手玉M  小トトロとクロスケ","2090"
"9316188086773","4974475990332","ふんわりキーホルダー　オオトリさま","1650"
"9316188086772","4974475989633","ふんわりキーホルダー　大トトロ傘持ち　","1650"
"9316188086771","4974475990431","ふんわりキーホルダー　キツネリス","1650"
"9316188086770","4974475990035","ふんわりキーホルダーネコバス","1760"
"9316188086769","4974475989930","ふんわりキーホルダー小トトロ","1100"
"9316188086768","4974475990134","ふんわりキーホルダー　ジジ","1650"
"9316188086767","4974475990233","ふんわりキーホルダー　坊ねずみ","1650"
"9316188086766","4974475987738","ふんわりお手玉　ネコバス","2530"
"9316188086765","4974475988735","ふんわりお手玉　ヤックル","2200"
"9316188086764","4974475988834","ふんわりお手玉　キツネリス","2200"
"9316188086763","4974475988537","ふんわりお手玉　坊ねずみ","2200"
"9316188086762","4974475987233","ふんわりお手玉M 中トトロとクロスケ","2750"
"9316188086761","4974475988131","ふんわりお手玉　大トトロいねむり","2200"
"9316188086760","4974475988438","ふんわりお手玉　オオトリさま","2200"
"9316188086759","4974475988636","ふんわりお手玉　コダマ","2200"
"9316188086758","4974475987837","ふんわりお手玉　大トトロ　葉っぱ持ち","2200"
"9316188086757","4974475987936","ふんわりお手玉　中トトロ　葉っぱ持ち","2090"
"9316188086756","4974475991735","ガラガラ　大トトロ","1650"
"9316188086755","4974475987530","ふんわりお手玉　中トトロ","2090"
"9316188086754","4974475987431","ふんわりお手玉　大トトロ","2200"
"9316188086753","4974475991933","ネコバス　ガラガラ","1760"
"9316188086752","4974475987134","お手玉大トトロとクロスケ","2530"
"9316188086751","4974475988230","お手玉ジジ","2200"
"9316188086750","4974475988339","お手玉リリー","2200"
"9316188086749","4974475987639","お手玉小トトロ","1760"
"9316188086748","4549743888057","クリアファイル（ポニョと宗介）","390"
"9316188086747","4973307731297","魔女の宅急便　（ジジ　ボタニカル）","1710"
"9316188086746","4992272743067","中トトロ　シルエット　ポーチ","2620"
"9316188086745","4992272542363","となりのトトロ　ポーチ","2620"
"9316188086744","4580397928607","デコシールにゃんこ","550"
"9316188086743","4549743952208","ファイル","390"
"9316188086742","4961524647651","ポストカード","180"
"9316188086741","4970381700737","おでかけポシェット","3700"
"9316188086740","4970381700706","おでかけポシェット","3820"
"9316188086739","4550621598487","クロスケ　クリップ","1600"
"9316188086738","4550621593765","ファイル　ポニョ","390"
"9316188086737","4970381498443","魔女　マルチポシェット","4050"
"9316188086736","4970381498450","魔女　メントケース","3470"
"9316188086735","4970381498467","魔女　ポーチM","2550"
"9316188086734","4970381498436","魔女スケッチ　トートバッグ","3240"
"9316188086733","4990593500932","木製スプーン","1010"
"9316188086732","4990593490486","オルゴール　ルイーゼ","14780"
"9316188086731","4990593519859","トトロKH","1680"
"9316188086730","4541228288147","にゃーがマスコット","1320"
"9316188086729","4957719351823","醤油おかき","600"
"9316188086728","4970381814199","プルバックキーホルダー","2500"
"9316188086727","4970381814182","プルバックキーホルダー","2500"
"9316188086726","4970381504922","108-208Pフレーム","2780"
"9316188086725","18","デザートアイスカップ　2種","600"
"9316188086724","17","まるごと  苺 アイス　3個入　","500"
"9316188086723","16","リッチフルーツバー　3種","600"
"9316188086722","15","かき氷　2種","800"
"9316188086721","4974475811866","折りたたみ傘　星の子","6140"
"9316188086720","4974475810968","折りたたみ傘　ジジと足あと　ホワイト","6140"
"9316188086719","4974475810869","折りたたみ傘","6140"
"9316188086718","4905610404896","シリコンミニがまぐち　グレー","2280"
"9316188086717","4905610404902","シリコンミニがまぐち　ブルー","2280"
"9316188086716","4992272743104","ポーチ","2620"
"9316188086715","4992272437300","コースター","2280"
"9316188086714","4992272437294","コースター","2280"
"9316188086713","4571380042257","サングラス　PY2756-3","1210"
"9316188086712","4990623260768","ぷっくりシール九州","440"
"9316188086711","4549743384849","マスキングテープ　ラピュタ","860"
"9316188086710","4549743506364","フレークシール　クロスケ　","570"
"9316188086709","4571380026943","サングラス　PY2707-3","1210"
"9316188086708","4973307649592","水筒","1940"
"9316188086707","4580397928522","博多ラーメンたまごっち","660"
"9316188086706","4930972587499","おにぎりキティ","860"
"9316188086705","4527837840464","靴下","800"
"9316188086704","4589573949955","通行手形　長崎","660"
"9316188086703","4589573949948","提灯マグネット　長崎","770"
"9316188086702","4549479058182","ファンシーパッチン　クロミカステラ","660"
"9316188086701","4550451331179","ニコヌイ","1430"
"9316188086700","4550451331117","ニコぬいKH","1430"
"9316188086699","4992272724363","マチ付き巾着","1370"
"9316188086698","4992272671315","ナップサック","3190"
"9316188086697","4582606241224","まめしばBC 招き猫","1100"
"9316188086696","4589573949887","ザビエルステッカー","550"
"9316188086695","4589573949634","ザビエル刺繍ソックス","550"
"9316188086694","4589573949641","ザビエル刺繍ソックス","550"
"9316188086693","4589573949672","ザビエル刺繍ソックス　キッズ","550"
"9316188086692","4589573949689","ザビエルタオルハンカチ","770"
"9316188086691","4571380026578","サングラス　PY1228-2","1210"
"9316188086690","4550451331568","ニコぬい　パンダ","1430"
"9316188086689","4550451331308","ニコぬい　パンダ","1430"
"9316188086688","4550451331223","ニコぬい　サメ","1430"
"9316188086687","4550451331094","ニコぬい　ぽてっとクラブ","1430"
"9316188086686","4550451330974","ニコぬい　レッサーパンダ","1430"
"9316188086685","4550451311461","たまごっちニコぬい　めめっち","2200"
"9316188086684","4550451311423","たまごっちニコぬい　まめっち","2200"
"9316188086683","4541228215259","にゃーがキーホルダー","1760"
"9316188086682","4970381724252","らくらくポッケ　パンダコパンダ","1850"
"9316188086681","4970381724269","らくらくポッケ　パンダコパンダ","1850"
"9316188086680","4970381719760","ふわふわステッカー　パンダコパンダ","700"
"9316188086679","4580833910760","長崎2マグネット","550"
"9316188086678","4991567690239","ご当地ねつけ　カステラかじりチョコ","990"
"9316188086677","4991567690253","ご当地ねつけ　カステラかじり","990"
"9316188086676","4938853102045","しっとりーぬさん　ぬいぐるみ　かすてら","880"
"9316188086675","4938853501589","ご当地靴下　プリン　あまおう","660"
"9316188086674","4938853501619","ご当地靴下　ポチャッコ　明太子","660"
"9316188086673","4974475963732","スタイ","3170"
"9316188086672","4974475964036","スタイ","3170"
"9316188086671","4974475963831","スタイ","3170"
"9316188086670","4974475967532","ミニがま口","2420"
"9316188086669","4974475967631","ミニがま口","2420"
"9316188086668","4974475967433","ミニがま口","2420"
"9316188086667","4974475975339","こもれびコダマ","3080"
"9316188086666","4974475966337","こもれびキツネリス","4070"
"9316188086665","4974475964739","こもれびネコバス","5280"
"9316188086664","4974475975131","こもれび坊ネズミ","4400"
"9316188086663","4974475975230","こもれびオオトリさま","4400"
"9316188086662","4571380026929","サングラス　PY2707-1","1210"
"9316188086661","4521121209357","しんちゃん　アクション劇場","1390"
"9316188086660","4582739996060","フロストボールペン　","740"
"9316188086659","4943741050292","のれん","3390"
"9316188086658","4973422778894","トトロ　スリッパ","2050"
"9316188086657","4973307731679","ポニョ　箸箱セット","780"
"9316188086656","4549743981215","　信楽焼　カオナシ","6190"
"9316188086655","4589767662875","モンチッチフェイスマスコット　ザビエル","1430"
"9316188086654","4549743956695","千と千尋B6ノートグラフィック","520"
"9316188086653","4550621588846","メモ帳　パンダコパンダ","570"
"9316188086652","4550621588853","メモ帳　パンダコパンダ","570"
"9316188086651","4550621588945","シャカシャカアクリルキーホルダー","1600"
"9316188086650","4550621588952","シャカシャカアクリルキーホルダー","1600"
"9316188086649","4550621588808","レトロフレームクリアファイル","570"
"9316188086648","4550621588792","レトロフレームクリアファイル","570"
"9316188086647","4550621588938","アクリルブロック　","970"
"9316188086646","4550621588907","アクリルブロック　","970"
"9316188086645","4550621588891","アクリルブロック　","970"
"9316188086644","4550621588914","アクリルブロック　","970"
"9316188086643","4550621588921","アクリルブロック　","970"
"9316188086642","4550621588822","デザインノート　","460"
"9316188086641","4550621588815","デザインノート","460"
"9316188086640","4550621588839","ふせんセット","690"
"9316188086639","4550621588884","缶バッチコレクション　パンダコパンダ","460"
"9316188086638","4550621588860","レトロステッカー","570"
"9316188086637","4550621588877","レトロステッカー","570"
"9316188086636","4992272546545","ポーチ","2280"
"9316188086635","4991567028070","キティラバー立体キーホルダー　あまおう","1320"
"9316188086634","4991567026434","ご当地キティ　ヒョウ柄　プチジャガードタオル","770"
"9316188086633","4549479058045","ご当地クロミ　ぷっちぷちキーホルダー","990"
"9316188086632","4943741050209","のれん","3390"
"9316188086631","4943741050315","のれん","3390"
"9316188086630","4943741050131","のれん","2260"
"9316188086629","4943741003663","カフェカーテン","2050"
"9316188086628","4943741001867","カフェカーテン","2050"
"9316188086627","4943741050308","のれん","3390"
"9316188086626","4943741050285","のれん","3390"
"9316188086625","4973307731167","おにぎりケース","1600"
"9316188086624","4974475982337","コインパース","2750"
"9316188086623","4977524126133","ごほうびスタンプ","3070"
"9316188086622","4992272728330","お昼寝ケット","2280"
"9316188086621","4942040552254","のびーるソックス　ザビエル","610"
"9316188086620","4992272788433","レジャーシート","2280"
"9316188086619","4992272788396","レジャーシート","2280"
"9316188086618","4992272742978","ランチョンマット","1710"
"9316188086617","4992272742961","ランチョンマット","1710"
"9316188086616","4992272742985","ランチョンマット","1710"
"9316188086615","4992272742992","ランチョンマット","1710"
"9316188086614","4970381723934","パンダコパンダ　おまもりコレクション","930"
"9316188086613","4992272533583","リッペンポーチ　魔女","2280"
"9316188086612","4973307564734","ランチ巾着　ジジボタニカル","1140"
"9316188086611","4973422651456","子供用スリッパ　ジジ","2050"
"9316188086610","4973422347540","兼用フタカバー","3760"
"9316188086609","4973422347588","兼用フタカバー","3760"
"9316188086608","4973422118355","兼用フタカバー","3410"
"9316188086607","4973422197596","兼用フタカバー","3410"
"9316188086606","4973422127678","兼用フタカバー","3410"
"9316188086605","4570195874572","パンダもっちりシール","550"
"9316188086604","4570195874565","パンダもっちりシール","550"
"9316188086603","4905330037497","ポケモン　マスコット　クワックス","1650"
"9316188086602","4992272876178","ミニバッグ　キキへのチョコケーキ","3980"
"9316188086601","4970381218324","うちわ　トトロ","520"
"9316188086600","4970381218317","うちわ　トトロ","520"
"9316188086599","4974475982436","コインパース","2750"
"9316188086598","4974475981132","なかよし巾着","3300"
"9316188086597","4974475980937","なかよし巾着","3300"
"9316188086596","4974475981033","なかよし巾着","2750"
"9316188086595","4974475981231","なかよし巾着","3000"
"9316188086594","4974475980838","なかよし巾着","3300"
"9316188086593","4974475981330","なかよし巾着","3630"
"9316188086592","4973307731464","丸型ランチボックス2段　ジジ","1370"
"9316188086591","4970381721497","パンダコパンダ　スタンプコレクション","700"
"9316188086590","4970381721589","ころ鈴おてだまコレクション　パンダコパンダ","990"
"9316188086589","4970381179519","300pcs 本当の名前","1850"
"9316188086588","4973307731587","ランチトートバッグ　カオナシ","1710"
"9316188086587","4974475868037","トトロベビーギフトセット","7700"
"9316188086586","4956642289319","い草シート","2820"
"9316188086585","4956642791089","い草シート　たんぽぽ","2820"
"9316188086584","4550317750632","い草キャンディ枕　たんぽぽ","3960"
"9316188086583","4930972620363","キティペアKHモノクロ","1100"
"9316188086582","4930972620325","キティペアKHヒョウ柄","1100"
"9316188086581","4930972620387","キティペアKHギャル","1100"
"9316188086580","4930972620318","キティペアKHノーマル","1100"
"9316188086579","4992272437287","コースター","2280"
"9316188086578","4589573949610","鳥居長崎提灯マグネット","770"
"9316188086577","4549743952154","クリアファイル　うわぁ飛んだぁ！","390"
"9316188086576","4549743794785","クリアファイル　ジーナ","390"
"9316188086575","4549743952239","クリアファイル　花咲く高原のハウル","390"
"9316188086574","4973307592812","ランチバック　ハウルの動く城","1770"
"9316188086573","14","キャラまん","250"
"9316188086572","4518003040283","折りたたみ傘　和柄","1100"
"9316188086571","4943741050261","暖簾","3390"
"9316188086570","4943741003670","カフェカーテン　ジジのお散歩","2280"
"9316188086569","4943741003687","カフェカーテン　お花がいっぱい","2280"
"9316188086568","4943741003694","カフェカーテン　アンフルール","2050"
"9316188086567","4943741705406","藤トトロ","2050"
"9316188086566","4943741050100","のれん　ひまわりとトトロ","2260"
"9316188086565","4943741050117","暖簾　秋桜とトトロ","2260"
"9316188086564","4943741050124","暖簾　スノードロップとトトロ","2260"
"9316188086563","4943741050094","暖簾　チューリップとトトロ","2260"
"9316188086562","4943741050247","暖簾　コリコの街から","2260"
"9316188086561","4943741050193","暖簾　TOTORO","3390"
"9316188086560","4589573949849","王冠マグネット","660"
"9316188086559","4589573949856","王冠マグネット","660"
"9316188086558","4589573949832","王冠マグネット","660"
"9316188086557","4571380007331","サングラス　PY2588-2","1210"
"9316188086556","4970381723859","ボックス　フォトシール　パンダコパンダ","4800"
"9316188086555","4970381723842","ハッピーフォトシール　パンダコパンダ","240"
"9316188086554","4973307737954","おしぼりセット　ネコバス","860"
"9316188086553","4970381190026","126p クリアパズル　塚森の主","870"
"9316188086552","4973307731693","プラコップ　ポニョ","570"
"9316188086551","4973307731013","プラコップ　メイのお弁当","570"
"9316188086550","4973307731303","プラコップ　ジジボタニカル","570"
"9316188086549","4582739996145","スタンプ","800"
"9316188086548","4582739996176","スタンプ","800"
"9316188086547","4582739996169","スタンプ","800"
"9316188086546","4582739996152","スタンプ","800"
"9316188086545","4582739996183","スタンプ","800"
"9316188086544","4582739996312","エコバッグ","1710"
"9316188086543","4582739996305","エコバッグ","1710"
"9316188086542","4582739996077","フロストボールペン","740"
"9316188086541","4582739996091","フロストボールペン","740"
"9316188086540","4582739996084","フロストボールペン","740"
"9316188086539","4582739996299","PVCポーチ","1940"
"9316188086538","4582739996282","PVCポーチ","1940"
"9316188086537","4582739996619","ジェットストリーム","2570"
"9316188086536","4582739996190","B6ノート","630"
"9316188086535","4582739996220","B6ノート","630"
"9316188086534","4582739996213","B6ノート","630"
"9316188086533","4582739996206","B6ノート","630"
"9316188086532","4582739996237","リフレクターキーホルダー","1030"
"9316188086531","4582739996244","リフレクターキーホルダー","1030"
"9316188086530","4582739996251","ピンズ","800"
"9316188086529","4582739996268","ピンズ","800"
"9316188086528","4582739996329","テレビジョンマグネット　パンダコパンダ","1030"
"9316188086527","4582739996121","ステッカー","570"
"9316188086526","4582739996138","ステッカー","570"
"9316188086525","4582739996114","ステッカー","570"
"9316188086524","4582739996107","ステッカー","570"
"9316188086523","4970381721435","ぬいぐるみミラー　パパンダ","1510"
"9316188086522","4571572741814","ダイカットタオル","770"
"9316188086521","4571572741821","ダイカットタオル","770"
"9316188086520","4992272512977","ダイカットクッション","3980"
"9316188086519","4970381504991","なにが釣れるかな？","1970"
"9316188086518","4970381507121","クリア豆パズル　物思い","1970"
"9316188086517","4970381505004","クリア豆パズル　お届けものいたします。","1970"
"9316188086516","4970381523220","ペーパーシアター　上昇気流に乗って","2080"
"9316188086515","4970381719517","アクリルヘアクリップ　　パンダコパンダ2","930"
"9316188086514","4970381528539","クムクムパズル　小トトロ","1510"
"9316188086513","4973307731365","ふわっと弁当箱　フレンチ","1820"
"9316188086512","4973307731709","ふわっとフタ　タイトランチボックス　ポニョ","1820"
"9316188086511","4973307731327","ふわっとフタ　タイトランチボックス　ジジボタニカル","1540"
"9316188086510","4973307731020","ふわっとフタ　タイトランチボックス　メイ","1820"
"9316188086509","4973307731532","スライド式トリオセット　提灯","1710"
"9316188086508","4973307737961","おしぼりセット　メイ","860"
"9316188086507","4973307731273","がま口型ランチバッグ　トトロKURASHI","2390"
"9316188086506","4973307731044","箸箱セット　音の鳴らない　進行","910"
"9316188086505","4973307731341","箸箱セット　音鳴らない　フレンチ","910"
"9316188086504","4973307658839","不織布保冷バッグ　フレンチ","1710"
"9316188086503","4992272585308","ガーゼタオル　トトロ花吹雪","1710"
"9316188086502","4973307731716","ポニョ　ワンタッチボトル","1940"
"9316188086501","4973307731518","おにぎり型ミニランチバッグ　魔女","1260"
"9316188086500","4973307731389","魔女　4点ランチボックス","2050"
"9316188086499","4973307731037","水筒","1940"
"9316188086498","4956642504023","い草シート","2820"
"9316188086497","4956642504030","い草シート","2820"
"9316188086496","4550317750625","い草枕","3960"
"9316188086495","4970381721442","ぬいぐるみミラー","1510"
"9316188086494","4970381719500","アクリルヘアクリップ","930"
"9316188086493","4970381197353","126パズル","870"
"9316188086492","4974475967730","ふんわり　ミニがま口　カオナシ","2420"
"9316188086491","4938853501497","クロミ長崎靴下","660"
"9316188086490","4562443358248","アイマスク　ねむい鴨","500"
"9316188086489","4562443358231","アイマスク　眠すぎて滅","500"
"9316188086488","4580829933803","長崎ステッカー　カステラ","500"
"9316188086487","4580829933797","長崎ステッカー","500"
"9316188086486","4580829933780","長崎ステッカー　フード","500"
"9316188086485","4991567026427","ご当地キラ色チャーム　プリン","770"
"9316188086484","4573638768100","薬屋のひとりごとアクリルスタンド","1980"
"9316188086483","4549479055990","しんちゃん　ペアフェイスマスコット　ヒツジ、パンダ","1320"
"9316188086482","4549479055983","しんちゃん　ペアフェイスマスコット　ウサギ、カエル","1320"
"9316188086481","4573663685663","まめっち　フロッキーマスコット","990"
"9316188086480","4573663685687","くちぱっち　フロッキーマスコット","990"
"9316188086479","4573663685694","くりてん　フロッキーマスコット","990"
"9316188086478","4573663685670","みみっち　フロッキーマスコット","990"
"9316188086477","4560154891955","サングラス　PY2781-3","1210"
"9316188086476","4560154891948","サングラス　PY2781-2","1210"
"9316188086475","4580755934929","サングラス　PY2876-2","1210"
"9316188086474","4580755934912","サングラス　PY2876-1","1210"
"9316188086473","4571380000301","サングラス　PY2392-8","1210"
"9316188086472","4571379998633","サングラス　PY2392-6","1210"
"9316188086471","4582156574551","サングラス　PY2826-2","1210"
"9316188086470","4582156574544","サングラス　PY2826-1","1210"
"9316188086469","4990593480296","のれん","2690"
"9316188086468","4963210358919","塩キャラメルクリームサンド　  小","710"
"9316188086467","4963210358926","塩キャラメルクリームサンド　  大","1350"
"9316188086466","4974475940634","mofusand 　カミツキ　サメにゃん　BE","3520"
"9316188086465","4974475940535","mofusand　カミツキ　サメにゃん　GY","3520"
"9316188086464","4550621375712","トトロ　クレヨン　カラフルリーフ柄","1540"
"9316188086463","4977524129936","ミニミニスタンプ　トトロ","1880"
"9316188086462","4977524129943","ミニミニスタンプ　魔女","1880"
"9316188086461","4977524129929","ミニミニスタンプ　トトロ","1880"
"9316188086460","4977524129950","ミニミニスタンプ　千と千尋","1880"
"9316188086459","4990623255023","長崎フレンズミニタオル","610"
"9316188086458","4571380042240","サングラス　PY2756-2","1210"
"9316188086457","4527837696023","靴下","570"
"9316188086456","4970381512620","ペーパーシアター","2310"
"9316188086455","4905610405152","ドールコレクション","4550"
"9316188086454","4570198789583","ころころにゃんこ　  ちゃんぽんにゃん","990"
"9316188086453","4970381153014","パズル","1850"
"9316188086452","4977524130376","いろどりはんこ","1600"
"9316188086451","4977524130352","いろどりはんこ","1600"
"9316188086450","4977524130369","いろどりはんこ","1600"
"9316188086449","4977524130383","いろどりはんこ","1600"
"9316188086448","4977524130390","いろどりはんこ","1600"
"9316188086447","4905610405114","ドールコレクション大トトロ","4550"
"9316188086446","4992272512991","クッション　ジジ","3980"
"9316188086445","4992272649956","クッション　カルシファー","3980"
"9316188086444","4527837591137","靴下","2050"
"9316188086443","4957719014261","クルス　ゆうこう","680"
"9316188086442","4546598560596","ご当地　モケケ　金豚","960"
"9316188086441","4550376130772","しんちゃんステッカー　あまおう","440"
"9316188086440","4550621375729","スケッチブック　カラフルリーフ柄","910"
"9316188086439","4527837815820","靴下","2050"
"9316188086438","4527837751685","靴下","2050"
"9316188086437","4527837776770","靴下","2050"
"9316188086436","4527837591120","靴下","2050"
"9316188086435","4527837776879","靴下","2050"
"9316188086434","4527837815813","靴下","2050"
"9316188086433","4527837751623","靴下","2050"
"9316188086432","4527837626037","靴下","2050"
"9316188086431","4527837625672","靴下","2050"
"9316188086430","4990593511914","手拭い　　カオナシ雨の夜","3810"
"9316188086429","4550621195389","エナージェル　耳すま","1030"
"9316188086428","4977524488637","クリスタルパズル　ネコバス","3410"
"9316188086427","4909466027575","にゃーがのあしあとショコラ","1170"
"9316188086426","4994643171981","ハッピーエンゼルベルPK","1320"
"9316188086425","4994643171943","クリスタルエンゼルベルPK","1100"
"9316188086424","4994643171899","シュガーエンゼルベルBL","990"
"9316188086423","4994643171882","シュガーエンゼルベルPK","990"
"9316188086422","4994643171998","ハッピーエンゼルベルBL","1320"
"9316188086421","4994643171950","クリスタルエンゼルベルBL","1100"
"9316188086420","4902490002280","靴下","570"
"9316188086419","4550621467677","カラフルリーフ柄　ペンケース","2050"
"9316188086418","4550621467745","パン柄　ペンケース","2050"
"9316188086417","4970381187330","クリアパズル126 ジジのお店番","870"
"9316188086416","4970381507350","パズル　1000P テスト飛行","3700"
"9316188086415","4970381195656","パズル　メーヴェに乗って","1850"
"9316188086414","4573638768148","薬屋のひとりごと　ホログラムシール　2026ver ","550"
"9316188086413","4973422787568","アクセントマット　ネコバス","5690"
"9316188086412","4550621524769","キキのミニノート","1030"
"9316188086411","4992272533187","ガーゼタオル","1710"
"9316188086410","4573638768230","薬屋のひとりごと　ミニキャラ　アクリルスタンド　2026ver","1430"
"9316188086409","4573638768261","薬屋のひとりごと　ミニキャラ　ホログラムカード　2026ver","550"
"9316188086408","4573638768254","薬屋のひとりごと　ミニキャラ　ホログラムシール　2026ver","550"
"9316188086407","4573638768124","薬屋のひとりごと　アクリルキーホルダー　2026ver","990"
"9316188086406","453638768148","薬屋のひとりごと　ホログラムシール　2026ver","550"
"9316188086405","4573638768131","薬屋のひとりごと　ホログラムカード　2026ver","550"
"9316188086404","4573638768278","薬屋のひとりごと　ミニキャラ　缶バッチ　2026ver","550"
"9316188086403","4573638768247","薬屋のひとりごと　ミニキャラアクリルキーホルダー　2026ver","880"
"9316188086402","4573638768070","薬屋のひとりごと　アクリルスタンド　猫猫　2026ver","1980"
"9316188086401","4573638768094","薬屋のひとりごと　アクリルスタンド　高順　2026ver","1980"
"9316188086400","4573638768087","薬屋のひとりごと　アクリルスタンド　壬氏　2026ver","1980"
"9316188086399","4573638768117","薬屋のひとりごと　アクリルスタンド　小蘭　2026ver","1980"
"9316188086398","4573628768100","薬屋のひとりごと　アクリルスタンド　子翠　2026ver","1980"
"9316188086397","4573638768162","薬屋のひとりごと　アクリルボード　2026ver","2750"
"9316188086396","4573638768155","薬屋のひとりごと　缶バッチ　2026ver","660"
"9316188086395","4973307661730","ランチクロス","1260"
"9316188086394","4970381705329","ワラワラ","2780"
"9316188086393","4954043145784","ピンズ","690"
"9316188086392","4518003032820","長傘","1100"
"9316188086391","4970381522971","ペーパーシアター","2780"
"9316188086390","4970381809522","プルバックキーホルダー","2500"
"9316188086389","4550621467721","パン柄えんぴつ","1140"
"9316188086388","4550621467653","カラフルリーフえんぴつ　","1140"
"9316188086387","4970381217051","スケジュールシール　魔女の宅急便","470"
"9316188086386","4582698667568","ふんばるず","3980"
"9316188086385","4582698667575","ふんばるず","3980"
"9316188086384","4582698667551","ふんばるず","3980"
"9316188086383","4970381719722","パンダコパンダ　消しゴムコレクション","570"
"9316188086382","4992272876130","キキチョコケーキポーチS","2050"
"9316188086381","4571572737954","マスコット","2390"
"9316188086380","4550621467684","メモパッド　トトロ","740"
"9316188086379","4550621467752","メモパッド　パン柄","740"
"9316188086378","4961524935444","パン柄　メモ","570"
"9316188086377","4961524935352","カラフルリーフ　メモ　トトロ","570"
"9316188086376","4527837221348","靴下","570"
"9316188086375","4957719351229","ランタンポップコーン","650"
"9316188086374","4902490002259","靴下","570"
"9316188086373","4902490011466","靴下","690"
"9316188086372","4573663687582","たまごっちぷかぷかKH","1100"
"9316188086371","4573663687605","たまごっちぷかぷかKH","1100"
"9316188086370","4573663685656","たまごっちフォンストラップ","2200"
"9316188086369","4573663687612","たまごっちぷかぷかKH","1100"
"9316188086368","4573663687599","たまごっちKH","1100"
"9316188086367","4544815085204","ハイキューバスボール","610"
"9316188086366","4974475967334","ミニがま口　ジジ","2200"
"9316188086365","4974475967136","ミニがま口　ネコバス","2200"
"9316188086364","4902490002181","靴下","570"
"9316188086363","4902490002204","靴下","570"
"9316188086362","4902490002211","靴下","570"
"9316188086361","4902490031310","靴下","570"
"9316188086360","4902490002105","靴下","570"
"9316188086359","4902490002112","靴下","570"
"9316188086358","4902490002150","靴下","570"
"9316188086357","4902490012524","靴下","910"
"9316188086356","4902490012654","靴下","910"
"9316188086355","4527837844431","靴下","570"
"9316188086354","4902490002266","靴下","570"
"9316188086353","4902490002273","靴下","570"
"9316188086352","4527837844875","靴下","570"
"9316188086351","4902490002129","靴下","570"
"9316188086350","4527837844639","靴下","570"
"9316188086349","4527837219437","靴下","570"
"9316188086348","4932507415574","靴下","570"
"9316188086347","4902490002174","靴下","570"
"9316188086346","4527837844882","靴下","570"
"9316188086345","4527837536060","靴下","570"
"9316188086344","4902490002303","靴下","570"
"9316188086343","4902490002297","靴下","570"
"9316188086342","4902490002235","靴下","570"
"9316188086341","4902490002242","靴下","570"
"9316188086340","4902490044914","靴下","910"
"9316188086339","4902490012708","靴下","910"
"9316188086338","4902490002143","靴下","570"
"9316188086337","23","ランタン 小　","600"
"9316188086335","22","ランタン 丸 大","600"
"9316188086334","21","ランタン 円柱 小","500"
"9316188086333","20","ランタン 円柱　大","600"
"9316188086332","4992272788471","レジャーシート　ジジ　","2280"
"9316188086331","4973422624115","ニットスリッパ　ネコバス","2850"
"9316188086330","4973422624139","ニットスリッパ　キキ","2850"
"9316188086329","4973422624122","ニットスリッパ　ジジ","2850"
"9316188086328","4973422653672","かかとニットスリッパ　ジジ","3070"
"9316188086327","4973422657359","かかとニットスリッパ　ネコバス","3070"
"9316188086326","4973422648913","どんぐりネコバス　スリッパ","2620"
"9316188086325","4973422657342","かかとニットスリッパ　トトロ","3070"
"9316188086324","4992272943696","しっぽシートクッション　ジジ","3410"
"9316188086323","4992272943665","トトロ　しっぽシートクッション　","3410"
"9316188086322","4992272672350","ダイカットクッション　カオナシ","3980"
"9316188086321","4992272943672","シートクッション　トトロ","3410"
"9316188086320","4992272943689","シートクッション　ジジ","3410"
"9316188086319","4571379993300","サングラスPY2503-1","1210"
"9316188086318","4571379993317","サングラスPY2503-2","1210"
"9316188086317","4580755934936","サングラス　PY2876-3","1210"
"9316188086316","451380026561","サングラス　PY1228-1","1210"
"9316188086315","457139993300","サングラス　PY2503-1","1210"
"9316188086314","451379993317","サングラス　PY2503-2","1210"
"9316188086313","4571379993324","サングラス　PY2503-3","1210"
"9316188086312","4571380026561","サングラス　PY1228-1","1210"
"9316188086311","4571380026585","サングラス　PY1228-3","1210"
"9316188086310","4571380007324","サングラス　PY 2588-1","1210"
"9316188086309","4970381701604","レースブレスレット　飛行石　","1510"
"9316188086308","4580397926368","たまごっち ぬいぐるみマスコット　福岡 ","1100"
"9316188086307","4580397926375","たまごっち　ぬいぐるみマスコット　長崎カステラ","1100"
"9316188086306"," 4582153947068","サングラス　CS3057－1","1210"
"9316188086305","4580397926382","たまごっち　ぬいぐるみマスコット　大分赤鬼","1100"
"9316188086304","4580280190906","ショボーンアクリルキーホルダー　中華街","500"
"9316188086303","4973422648616","魔女　スリッパ　ネイビー","2620"
"9316188086302","4973422648623","魔女　スリッパ　レッド　","2620"
"9316188086301","4973422594203","かけあしスリッパ　ネコバス","2620"
"9316188086300","4973422657328","ティッシュケース　トトロニット","3980"
"9316188086299","4973422657335","ティッシュケース　ネコバスニット","3980"
"9316188086298","4973422657304","ペーパーホルダーカバー　トトロニット","2850"
"9316188086297","4973422657311","ペーパーホルダーカバー　ネコバスニット","2850"
"9316188086296","4973422653658","ペーパーホルダーカバー　ジジニット","2850"
"9316188086295","4571542991379","キティ　プレミアムマスコットキーホルダー","4180"
"9316188086294","4571542997388","KTマーメイド","2530"
"9316188086293","4571542997371","KTマーメイド","2530"
"9316188086292","4582723260306","しんちゃんぬくいーず　シロ","1520"
"9316188086291","4582723260313","しんちゃんぬくいーず　ネネちゃんうさぎ","1520"
"9316188086290","4991567024829","ご当地　カステラKUタオル","880"
"9316188086289","4991567024812","ご当地　カステラCNタオル","880"
"9316188086288","4991567024836","ご当地　カステラHGタオル","880"
"9316188086287","4991567024805","ご当地　カステラKTタオル","880"
"9316188086286","4973307474026","トトロ　スタンド付コップ&歯ブラシセット","860"
"9316188086285","4973307484995","不織布ランチトート　トトロ（KURASHI）","1710"
"9316188086284","4973307573149","不織布ランチトート　トトロ（さんぽみち）","1710"
"9316188086283","4973307561511","不織布ランチトート　パン屋さん","1710"
"9316188086282","4973307485015","不織布ランチトート　エレガント　ジジ","1710"
"9316188086281","4992272788648","ミニトートバッグ　　ジジ","2850"
"9316188086280","9316188085111","ビードロ　90MM","2420"
"9316188086279","9316188085101","ビードロ　70MM","2090"
"9316188086278","9316188085091","ビードロ　55 MM","1870"
"9316188086277","4974475965231","こもれび　リリー","4100"
"9316188086276","4992272703603","フラワーダイニングポーチ　魔女","2620"
"9316188086275","4905610405145","ドール　メイちゃん","5460"
"9316188086274","4905610405169","ドール　カオナシ","6600"
"9316188086273","4970381493929","印鑑立て","2310"
"9316188086272","4992272533194","ガーゼタオル","1710"
"9316188086271","4949827435342","リラックマ　ヘアクリップ","770"
"9316188086270","4949827435403","リラックマ　ヘアクリップ","770"
"9316188086269","4949827435427","リラックマ　ヘアクリップ","770"
"9316188086268","4949827435359","リラックマ　ヘアクリップ","770"
"9316188086267","4949827435434","リラックマ　   シュシュ","880"
"9316188086266","4949827435458","リラックマ　シュシュ","880"
"9316188086265","4949827435441","リラックマ　シュシュ","880"
"9316188086264","4943741050087","のれん　","3390"
"9316188086263","4943741050049","のれん　","3390"
"9316188086262","4943741050230","のれん　","3390"
"9316188086261","4943741050278","のれん　","3390"
"9316188086260","4943741050216","のれん　","3390"
"9316188086259","4943741050254","のれん　","3390"
"9316188086258","4970381193928","豆パズル　","1740"
"9316188086257","4970381193881","豆パズル　","1740"
"9316188086256","4970381500634","豆パズル　","1740"
"9316188086255","4970381507374","1000ピースパズル　","3700"
"9316188086254","4930972616779","ちいかわぷっくりキーホルダー","1410"
"9316188086253","4930972616762","ちいかわぷっくりキーホルダー","1410"
"9316188086252","4930972616748","ちいかわぷっくりキーホルダー","1410"
"9316188086251","4930972616731","ちいかわぷっくりキーホルダー","1410"
"9316188086250","4930972616724","ちいかわぷっくりキーホルダー","1410"
"9316188086249","4930972616700","ちいかわぷっくりキーホルダー","1410"
"9316188086248","4930972616168","サンリオぷっくりヘアクリップ","860"
"9316188086247","4930972616151","サンリオぷっくりヘアクリップ","860"
"9316188086246","4930972616137","サンリオぷっくりヘアクリップ","860"
"9316188086245","4930972616106","サンリオぷっくりヘアクリップ","860"
"9316188086244","4930972616090","サンリオぷっくりヘアクリップ","860"
"9316188086243","4930972616083","サンリオぷっくりヘアクリップ","860"
"9316188086242","4992272773576","690","690"
"9316188086241","4992272780260","570","570"
"9316188086240","4992272703306","520","520"
"9316188086239","4992272943184","400","400"
"9316188086238","4974475970037","小トトロ　M","3520"
"9316188086237","4992272788549","口金ポーチ","3410"
"9316188086236","4527837839376","靴下","570"
"9316188086235","4571542999665","KTマスコットKH","4180"
"9316188086234","4970381809515","プルバックキーホルダー","2500"
"9316188086233","4580236846956","みにちゅあーとキット　宗介とポニョの家","8410"
"9316188086232","4580236847311","みにちゅあーとキット　猫の事務所","5940"
"9316188086231","4580236849650","みにちゅあーとキット　アリエッティの住む屋敷　","11140"
"9316188086230","4580236847069","みにちゅあーと地球屋","9660"
"9316188086229","4580236847960","みにちゅあーとキット　大岩家","9550"
"9316188086228","4580236848363","みにちゅあーとキット　湿っ地屋敷","15120"
"9316188086227","4573663685403","たまごっちリール付きマスコット　くりてん","2200"
"9316188086226","4573663685397","たまごっちリール付きマスコット　くちぱっち","2200"
"9316188086225","4573663685380","たまごっちリール付きマスコット　みみっち","2200"
"9316188086224","4573663685373","たまごっちリール付きマスコット　まめっち","2200"
"9316188086223","4573663685441","たまごっちぬいぐるみポーチ　くりてん","2420"
"9316188086222","4573663685434","たまごっちぬいぐるみポーチ　くちぱっち","2420"
"9316188086221","4573663685427","たまごっちぬいぐるみポーチ　みみっち","2420"
"9316188086220","4573663685410","たまごっちぬいぐるみポーチ　まめっち","2420"
"9316188086219","4573663685502","たまごっち　もふもふフォトKH　やんぐまめっち","1600"
"9316188086218","4573663685496","たまごっち　もふもふフォトKH　ふらわっち","1600"
"9316188086217","4573663685489","たまごっち　もふもふフォトKH　くりてん","1600"
"9316188086216","4573663685472","たまごっち　もふもふフォトKH　くりぱっち","1600"
"9316188086215","4573663685465","たまごっち　もふもふフォトKH　みみっち","1600"
"9316188086214","4573663685458","たまごっち　もふもふフォトKH　まめっち","1600"
"9316188086213","4544815087031","キラキラメタルチャームKH","990"
"9316188086212","4544815087062","キラキラメタルチャームKH","990"
"9316188086211","4518755884975","靴下","570"
"9316188086210","4550621467660","トトロ　B5ノート　カラフルリーフ柄","400"
"9316188086209","4527837553753","靴下","800"
"9316188086208","4560390312344","一口香柚子","650"
"9316188086207","4580236848219","ハウルの動く城","18640"
"9316188086206","4570198787459","ふわふわテールにゃんこ長崎カステラ","880"
"9316188086205","4942040551851","長崎パンダエコバック","990"
"9316188086204","4544815087338","ラバーリールKH","1080"
"9316188086203","4544815087369","ラバーリールKH 　メガルカリオ","1080"
"9316188086202","4544815087390","ラバーリールKH","1080"
"9316188086201","4544815087383","ラバーリールKH","1080"
"9316188086200","4544815087345","ラバーリールKH","1080"
"9316188086199","4544815087352","ラバーリールKH","1080"
"9316188086198","4544815087376","ラバーリールKH","1080"
"9316188086197","4544815087406","ラバーリールKH ","1080"
"9316188086196","4990270166444","ふんわりケープマイメロ","1650"
"9316188086195","4990270166383","ふんわりケープKT PK","1650"
"9316188086194","4990270166451","ふんわりケープシナモン","1650"
"9316188086193","4990270166420","ふんわりケープKT PK","1650"
"9316188086192","4990270166437","ふんわりケープKT BL","1650"
"9316188086191","4974475107235","着ぐるみメイちゃん　ネコバス　M","4730"
"9316188086190","4974475966733","ポーチ　ジジ","2750"
"9316188086189","4974475966436","ポーチ　大トトロ","2750"
"9316188086188","4974475966535","ポーチ　中トトロ","2750"
"9316188086187","4974475966634","ポーチ　ネコバス","2750"
"9316188086186","4974475967938","がま口　中トトロ","3630"
"9316188086185","4974475967235","ミニがま口　クロスケ","2200"
"9316188086184","4974475967037","ミニがま口　小トトロ","2200"
"9316188086183","4974475966931","ミニがま口　中トトロ","2200"
"9316188086182","4974475966832","ミニがま口　大トトロ","2200"
"9316188086181","4974475965132","こもれび　ジジ","3740"
"9316188086180","4974475964432","こもれび　大トトロ","4180"
"9316188086179","4974475974134","パパンダ　立ち","3760"
"9316188086178","4974475974233","パンちゃん　立ち","3190"
"9316188086177","4974475967839","ふんわりがま口　大トトロ","3630"
"9316188086176","4544815086430","サンリオ将軍箸　クロミ","610"
"9316188086175","4544815086478","サンリオ将軍箸　クロミ","610"
"9316188086174","4544815086423","サンリオ将軍箸　マイメロ","610"
"9316188086173","4544815086461","サンリオ将軍箸　マイメロ","610"
"9316188086172","4544815086454","サンリオ将軍箸　キティ","610"
"9316188086171","4544815086416","サンリオ将軍箸　キティ","610"
"9316188086170","454481587031","サンリオ将軍メタルチャーム　キティ","990"
"9316188086169","4544815086485","サンリオ将軍箸　シナモン","610"
"9316188086168","4544815086447","サンリオ将軍箸　シナモン","610"
"9316188086167","4544815087048","サンリオ将軍メタルチャーム　マイメロ","990"
"9316188086166","4544815087055","サンリオ将軍メタルチャーム　クロミ","990"
"9316188086165","4991567276211","ちりめんマスコット　クロミ","1980"
"9316188086164","4991567276181","ちりめんマスコット　キティ","1980"
"9316188086163","4991567276174","ちりめんマスコット　ポチャッコ","1430"
"9316188086162","4549743255378","紅の豚　ジェットストリーム","2570"
"9316188086161","4970381809508","プルバックキーホルダー　サボイア","2500"
"9316188086160","4974475961035","ふんわりパパンダ","4730"
"9316188086159","4938853500407","キティ靴下ヒョウ柄","660"
"9316188086158","4550621467622","ファイル","400"
"9316188086157","4550621467639","ファイル","400"
"9316188086156","4550621467707","ファイル","400"
"9316188086155","4550621467691","ファイル","400"
"9316188086154","4550621467714","下敷き","400"
"9316188086153","4550621467646","カラフルリーフ柄　B5下敷き","400"
"9316188086152","4550621467738","パン柄　B5ノート","400"
"9316188086151","4548678915913","長崎角煮マン靴下","500"
"9316188086150","4582606257300","教会プレートマグネット","660"
"9316188086149","4589573930823","長崎プレートキーホルダー","660"
"9316188086148","4970381700713","ポシェット","3700"
"9316188086147","4970381217716","うちわ","800"
"9316188086146","4902490485854","靴下","570"
"9316188086145","4544815078237","サンリオ　ラバーリールキーホルダー　シナモ","1080"
"9316188086144","4571542991898","キティ　マスコットストラップ","990"
"9316188086143","4571542985392","ガラケーキーホルダー　日焼け","990"
"9316188086142","4571542985385","ガラケーキーホルダー　ヒョウピンク","990"
"9316188086141","4571542985378","ガラケーキーホルダー　ヒョウ","990"
"9316188086140","4571542985613","ミニミラー　キティ","660"
"9316188086139","4991567276082","和装ちりめんマスコット　キティ","1210"
"9316188086138","4970381523428","ペーパーシアターキューブ　旅立ちの準備","2780"
"9316188086137","4970381519964","パズル208 押し通る！","1620"
"9316188086136","4970381497972","和紙千代紙　ジジ","700"
"9316188086135","4990593526390","湯呑み　パンダコパンダ","1910"
"9316188086134","4973307658587","ランチクロス大判　トトロ行進","1080"
"9316188086133","4992272754469","マイクロループタオル　ジジ","800"
"9316188086132","4992272703481","ヘアバンド　どんぐりと若葉","1710"
"9316188086131","4990593443543","ころころどんぐりホルダー　中トトロと小トトロ","1120"
"9316188086130","4990593519880","かさなりカシラ","1680"
"9316188086129","4990593519866","カタカタコダマ","1680"
"9316188086128","4973307658563","不織布ランチトート　トトロ(行進)","1710"
"9316188086127","4973307649585","ランチ巾着　トトロ(ネコバス)","1140"
"9316188086126","4973307645303","ラク軽弁当箱M　トトロ(木の実)","1350"
"9316188086125","4973307414428","保冷保温ダイカットマグポーチ　トトロ","2160"
"9316188086124","4973307662171","ジジ　スタイリッシュブローボトル","1940"
"9316188086123","4973307662140","トトロ　スタイリッシュブローボトル","1940"
"9316188086122","4973307649431","直のみワンタッチボトル　ポニョ","1940"
"9316188086121","4973307647949","超軽量真空ステンレスランチボックスDX  トトロ","6600"
"9316188086120","4973307593000","トトロ　超軽量マグボトル350ml","4160"
"9316188086119","4973307647963","ジジ　フレンチ保温丼ランチジャー","4390"
"9316188086118","4973307609459","シール容器3Pセット","1540"
"9316188086117","4973307658907","帆布ランチトートバッグ","1770"
"9316188086116","4973307635595","パンダコパンダ　　マグボトル","4620"
"9316188086115","4582723264724","しんちゃんパスケース　うさぎ","2730"
"9316188086114","4582723264731","しんちゃんパスケース　カエル","2730"
"9316188086113","4582723264748","しんちゃんパスケース　ペンギン","2730"
"9316188086112","4582723264755","しんちゃんパスケース　パンダ","2730"
"9316188086111","4930972614515","キティマスコット　ピンク","830"
"9316188086110","4930972614508","キティマスコット　ブラック","830"
"9316188086109","4973307494581","ステンレス製携帯用まほうびん","7100"
"9316188086108","4973307494550","3Dボトルトトロ","4390"
"9316188086107","4992272754452","ネコバス　マイクロループタオル","800"
"9316188086106","4992272754445","トトロ　マイクロループタオル","800"
"9316188086105","4973307635564","パンダコパンダ　帆布ランチトートバッグ","1770"
"9316188086104","4973307658631","トトロ　帆布ランチトートバッグ","1770"
"9316188086103","4973307631450","カルシファー　スタイリッシュブローボトル","1940"
"9316188086102","4973307669453","インナーカップ付きステンレスマグカップ","4050"
"9316188086101","4973307657030","ランチクロス","800"
"9316188086100","4973307658853","ランチクロス","1080"
"9316188086099","4973307649578","ランチクロス","800"
"9316188086098","4973307647970","ステンレスランチボックス","5660"
"9316188086097","4973307647932","ステンレスランチボックス","5660"
"9316188086096","4973307649462","ランチ巾着　ポニョ","1140"
"9316188086095","4548643204202","抹茶着物キティ　ぬいぐるみ","3190"
"9316188086094","4973307657078","ワンタッチボトル","1940"
"9316188086093","4973307573132","保冷バッグ","1710"
"9316188086092","4973307649479","保冷バッグ","1710"
"9316188086091","4973307662164","超軽量マグボトル","4390"
"9316188086090","4973307662157","ワンプッシュステンレスマグ","4160"
"9316188086089","4973307609343","ワンタッチストローボトル","4620"
"9316188086088","4549743952079","グリーティングカード","570"
"9316188086087","4589573949320","プレートマグネット長崎","660"
"9316188086086","4534943756961","ぷちまる　にゃがさきカステラ","660"
"9316188086085","4990593442898","豆皿　カオナシ","1680"
"9316188086084","4902490485175","靴下","570"
"9316188086083","4930972614522","千鳥KTマスコット","1850"
"9316188086082","4930972614539","千鳥KTマスコット","1850"
"9316188086081","4930972614546","千鳥KT小銭入り","1410"
"9316188086080","4930972614553","千鳥KT小銭入り","1410"
"9316188086079","4970381523022","ペーパーシアター　饗宴の後","3120"
"9316188086078","4970381523381","ペーパーシアター　コリコの思い出","2080"
"9316188086077","4970381500580","パズル150P トトロ「春の草花」","1740"
"9316188086076","4970381520281","クムクムパズル　ネコバス","3350"
"9316188086075","4970381217723","うちわ","800"
"9316188086074","4970381217730","うちわ","800"
"9316188086073","4970381509439","プレミアムジグソー　饗宴の後","6360"
"9316188086072","4970381187316","クリアパズル126P 椿咲く日","870"
"9316188086071","4970381143091","500Pパズル　なにが釣れるかな","2550"
"9316188086070","4970381524142","アートボードジグソー　出会い","4390"
"9316188086069","4548643205315","ピンクブラックパーティ　マイメロ","2420"
"9316188086068","4954043145968","ピンズ","690"
"9316188086067","4544815086980","サンリオ将軍シリーズ　ラバーマグネット　シナモ","830"
"9316188086066","4544815086928","サンリオ将軍シリーズ　ラバーリールK/H　マイメロ","1080"
"9316188086065","4544815086911","サンリオ将軍シリーズ　ラバーリールKH　キティ","1080"
"9316188086064","4544815087086","サンリオ将軍シリーズ　ダブルアクリルK/H　MM/KU","1100"
"9316188086063","4544815087093","サンリオ将軍シリーズ　ダブルアクリルK/H　MM/KU","1100"
"9316188086062","4544815087109","サンリオ将軍シリーズ　ダブルアクリルK/H　KT/CN","1100"
"9316188086061","4544815087079","サンリオ将軍シリーズ　ダブルアクリルK/H　KT/CN","1100"
"9316188086060","4580397924432","にゃんこ大戦争キーホルダー　あまおう","660"
"9316188086059","4544815086973","サンリオ将軍シリーズ　ラバーマグネット　クロミ","830"
"9316188086058","4544815086966","サンリオ将軍シリーズ　ラバーマグネット　マイメロ","830"
"9316188086057","4544815086959","サンリオ将軍シリーズ　ラバーマグネット　キティ","830"
"9316188086056","4544815086942","サンリオ将軍シリーズ　ラバーリールK/H　シナモ　","1080"
"9316188086055","4544815086935","サンリオ将軍シリーズ　ラバーリールK/H   クロミ","1080"
"9316188086054","4544815085570","しんちゃんキャラクター鈴　ぶりぶりざえもん","750"
"9316188086053","4544815085563","しんちゃん　キャラクター鈴　しんのすけ","750"
"9316188086052","4544815084948","ポケモンラバーリール　サケブシッポ","1080"
"9316188086051","4544815084931","ポケモンラバーリール　テブリム","1080"
"9316188086050","4544815084924","ポケモンラバーリール　ヤドン","1080"
"9316188086049","4544815084917","ポケモンラバーリール　ドォー","1080"
"9316188086048","4544815084900","ポケモンラバーリール　グラードン","1080"
"9316188086047","4544815084894","ポケモンラバーリール　ヨーギラス","1080"
"9316188086046","4527837419332","靴下","570"
"9316188086045","4549743646961","A4クリアファイル　グーチョキパン店","390"
"9316188086044","4905610404919","シリコンがま口","3070"
"9316188086043","4905610404933","シリコンがま口","3070"
"9316188086042","4527837533670","靴下","570"
"9316188086041","4536283145580","ザビエルフェイス　Tシャツ","2750"
"9316188086040","4536283127081","ミルクセーキ　Tシャツ","2750"
"9316188086039","4536283127098","トルコライス　Tシャツ","2750"
"9316188086038","4550621380570","ポチ袋　カオナシ","570"
"9316188086037","4550621380563","ポチ袋　ネコバス","570"
"9316188086036","4991567276198","和装マイメロ","1980"
"9316188086035","4991567276228","和装ポチャッコ","1980"
"9316188086034","4991567276150","和装シナモン","1430"
"9316188086033","4992272533071","3980","3980"
"9316188086032","4992272533170","ガーゼタオル　梅とトトロ","1710"
"9316188086031","4974475964531","こもれび　中トトロ","3960"
"9316188086030","4974475964630","こもれび　小トトロ","3080"
"9316188086029","4527837696061","靴下","570"
"9316188086028","4954043145876","ピンズ　大トトロ　歩き","690"
"9316188086027","4954043146866","マグネット　メイちゃん","690"
"9316188086026","4961524814442","マスキングテープ　ベーコンエッグ","860"
"9316188086025","4549743325385","マスキングテープ　ジジの日常","860"
"9316188086024","4961524766277","マスキングテープ　アンティーク","860"
"9316188086023","4961524814428","マスキングテープ　のはら","860"
"9316188086022","4961524985203","マスキングテープ　おはじき","860"
"9316188086021","4961524814459","マスキングテープ　金平糖","860"
"9316188086020","4961524985210","マスキングテープ　野菜","860"
"9316188086019","4589573949344","長崎名所ステッカー","440"
"9316188086018","4990593518777","小物入れ　ティータイム","7610"
"9316188086017","4990593500888","ジオラマボックス　おおきな切り株","10630"
"9316188086016","4990593527311","ワンカップティーマグ","3360"
"9316188086015","4990593527304","ワンカップティーマグ","3360"
"9316188086014","4990593480425","耳すま　金の豚","4030"
"9316188086013","4990593523306","クリアヘアゴム　小トトロ","900"
"9316188086012","4990593517473","ポニョイヤリング","3020"
"9316188086011","4990593523481","メイちゃんのヘアゴム","1350"
"9316188086010","4990593519873","キーホルダー　カオナシ","1680"
"9316188086009","4990593442867","豆皿 大トトロ","1680"
"9316188086008","4990593528899","手ぬぐい　秋駆ける","3140"
"9316188086007","4990593497119","ジジのマグカップ","2460"
"9316188086006","4990593530410","ポーズがいっぱいカオナシ","1350"
"9316188086005","4582739983794","YOJOテープ　サーカス","970"
"9316188086004","4550621173509","ハウル　スタンドクリップ","740"
"9316188086003","4589573949047","カステラ　ライン　ソックス","550"
"9316188086002","4549743506371","小トトロ　フレークシール","570"
"9316188086001","4582739983800","パンダコパンダ　親子ボールペン","1710"
"9316188086000","4548643189820","ハローキティカラビナマスコット　クラシック　Re","1870"
"9316188085999","4548643217332","ハローキティマスコット　クラシック　ミルク","2420"
"9316188085998","4548643217325","ハローキティマスコット　クラシック　リンゴ","2420"
"9316188085997","4548643217318","ハローキティマスコット　クラシック　バック","2420"
"9316188085996","4544815086409","しんちゃん　ぬいぐるみ　KH","1740"
"9316188085995","4544815086393","しんちゃん　ぬいぐるみ　KH","1740"
"9316188085994","4548626231799","しんちゃん　竹箸","440"
"9316188085993","4548626267996","しんちゃん　箸5本セット","1650"
"9316188085992","4973422787551","アクセントマット","3980"
"9316188085991","4973422631731","アクセントマット","3980"
"9316188085990","4527837534844","靴下","570"
"9316188085989","4905330037251","ピチューマスコット","1650"
"9316188085988","4905330037145","プリンマスコット","1650"
"9316188085987","4905330037282","トゲピーマスコット","1650"
"9316188085986","4954043145975","ピンズ","690"
"9316188085985","4518003040917","折りたたみ傘　ペンシル","770"
"9316188085984","4974475904230","ふんわりお手玉　ヤックル","2200"
"9316188085983","4571542997555","ハローキティ　ぬいぐるみクリップ","2200"
"9316188085982","4571542997579","ハローキティぬいぐるみクリップ","2200"
"9316188085981","4571542997548","ハローキティぬいぐるみクリップ","2200"
"9316188085980","4571542997562","ハローキティ　ぬいぐるみクリップ","2200"
"9316188085979","4905330037268","ポケモンマスコット　ピィ","1650"
"9316188085978","4991567276204","和装ちりめんマスコット　シナモンロール","1980"
"9316188085977","4571542985644","スタイルアップマスコット　キティブラック","2420"
"9316188085976","4571542985637","スタイルアップマスコット　キティ　ヒョウピンク","2420"
"9316188085975","4949827435298","クロミ　ドデカパッチン","770"
"9316188085974","4949827435335","ハンギョドン　ドデカパッチン","770"
"9316188085973","4949827435274","キティ　ドデカパッチン","770"
"9316188085972","4949827435304","シナモン 　ドデカパッチン","770"
"9316188085971","4949827435281","マイメロ　ドデカパッチン","770"
"9316188085970","4582606255573","軍艦島プレートマグネット","660"
"9316188085969","4527837418014","靴下","690"
"9316188085968","4954043146101","ピンズ　ハウル","800"
"9316188085967","4970381153120","パズル　500ピース","2550"
"9316188085966","4589573949221","佐世保バーガーTシャツ　ラグラン袖","3300"
"9316188085965","4974475955034","キツネリス","3080"
"9316188085964","4974475954938","ヤックル","3080"
"9316188085963","4527837346508","靴下","570"
"9316188085962","4943777144477","スーパーマリオバスボール","590"
"9316188085961","4571542996473","キティマスコットストラップ","990"
"9316188085960","4548626237371","ボーちゃんぬいぐるみマスコット","1320"
"9316188085959","4930972606657","キティフェイスパスケース　サングラス","1980"
"9316188085958","4930972606640","キティフェイスパスケース　ハイビスカス","1980"
"9316188085957","4930972606589","キティBCマスコット　マリン","1850"
"9316188085956","4930972606572","キティBCマスコット　ハイビスカス","1850"
"9316188085955","4930972606596","キティBCマスコット　サングラス","1850"
"9316188085954","4975946361347","トトロ2?5cm プレート","4770"
"9316188085953","4975946123808","トトロ　ひるがお　マグカップ","5960"
"9316188085952","4975946123556","トトロたんぽぽ　マグカップ","5960"
"9316188085951","4975946361484","トトロ　ディーププレート1?5cm ","4180"
"9316188085950","4975946361361","22cm プレート　ヨモギ","3580"
"9316188085949","4975946361354","22cm プレート　キノコ","3580"
"9316188085948","4975946382922","プレート19cm カナムグラ","3340"
"9316188085947","4975946361330","トトロ　プレート　クヌギ2?5cm","4770"
"9316188085946","4975946004930","スープカップ　トトロ","2980"
"9316188085945","4975946311229","魔女宅　21cm プレート","4180"
"9316188085944","4975946108478","トトロ　ひるがお　23cm","5960"
"9316188085943","4975946108652","トトロ23cm さるとりいばら　プレート","5960"
"9316188085942","4975946361378","17cm プレート　カナムグラ行進","2980"
"9316188085941","4975946382939","トトロ　ディープボトル","3340"
"9316188085940","4975946274982","トトロ　ひるがお　皿","7150"
"9316188085939","4975946275002","トトロ　がまずみ　皿","7150"
"9316188085938","4990623251285","軍艦島プレートマグネット","660"
"9316188085937","4527837417048","靴下","570"
"9316188085936","4991567018859","マイメロ　ハンカチ　あまおう","770"
"9316188085935","4970381517137","300ピースパズル","2080"
"9316188085934","4970381523183","ペーパーシアター","2080"
"9316188085933","4970381523237","ペーパーシアター","2310"
"9316188085932","4970381525880","ペーパーシアターシャドーアート","6360"
"9316188085931","4970381525897","ペーパーシアターシャドーアート","6360"
"9316188085930","4975946412063","マグカップ　トマト","2390"
"9316188085929","4974475956437","ジジ座り","3630"
"9316188085928","4974475956338","ジジ這","3630"
"9316188085927","4974475950831","カオナシ","2640"
"9316188085926","4991567276167","和装ちりめんマスコット　クロミ","1430"
"9316188085925","4991567276143","和装ちりめんマスコット　マイメロ","1430"
"9316188085924","4991567276136","和装ちりめんマスコット　キティ","1430"
"9316188085923","4974475936033","mofusand パンにゃん　BE","2970"
"9316188085922","4974475940931","mofusand パンダにゃん　BE","3080"
"9316188085921","4974475940832","mofusand パンダにゃん　GY","3080"
"9316188085920","4989177045785","カストラ猫BC","1100"
"9316188085919","4538023029129","天然貝マグネット尾曲がり猫","770"
"9316188085918","4589571118445","カステラ教会マグネット","660"
"9316188085917","4550624148443","クロミ　スタンドぬいぐるみ　L","5940"
"9316188085916","4550624148436","シナモンロール　スタンドぬいぐるみ　L","5940"
"9316188085915","4550624148405","マイメロディ　スタンドぬいぐるみ　L","5940"
"9316188085914","4550624148375","キティスタンドぬいぐるみ　L","5940"
"9316188085913","4544815084290","忠犬もちしばぬいぐるみ　おやすみ　S　おかか","2180"
"9316188085912","4544815075908","忠犬もちしばぬいぐるみ　S　おかか　お座り","1850"
"9316188085911","4544815074666","忠犬もちしばぬいぐるみ　L　おかか","4180"
"9316188085910","4544815059540","忠犬もちしばぬいぐるみS　さくら","1850"
"9316188085909","4544815059526","忠犬もちしばぬいぐるみS　うめ","1850"
"9316188085908","4544815059519","忠犬もちしばぬいぐるみS　おかか","1850"
"9316188085907","4905610672257","ポケモンもこもこぷちぬいぐるみ　ゼニガメ","3080"
"9316188085906","4905610672240","ポケモンもこもこぷちぬいぐるみ　ヒトカゲ","3080"
"9316188085905","4905610672233","ポケモンもこもこぷちぬいぐるみ　フジギダネ","3080"
"9316188085904","4905610672196","ポケモンもこもこぷちぬいぐるみ　ミミッキュ","3080"
"9316188085903","4905610672134","ポケモンもこもこぬいぐるみ　ピカチュウ","2860"
"9316188085902","4905610672080","ポケモンもこもこぬいぐるみ　ゲンガー","3850"
"9316188085901","4970381500627","豆パズル","1740"
"9316188085900","4970381153106","300ピースパズル","1850"
"9316188085899","4974475761239","Potter　パンダぬいぐるみ","1760"
"9316188085898","4970381498528","アウトドアリュック","13200"
"9316188085897","4549743888071","ファイル","390"
"9316188085896","4527837844981","靴下","800"
"9316188085895","4512945587035","チャイニーズミッキー　Tシャツ　精気神　XL","3850"
"9316188085894","4512945587004","チャイニーズミッキー　Tシャツ　ネオンミッキー　XL","3850"
"9316188085893","4512945578552","タッセルキーホルダー　中華ミニー","1320"
"9316188085892","4512945578545","タッセルキーホルダー　中華ミッキー","1320"
"9316188085891","4970381522964","ペーパーシアターキューブ　引けやー！","2780"
"9316188085890","4983050685877","伊勢海老だし塩","590"
"9316188085889","4550337102886","シナモ 立体キーホルダー","990"
"9316188085888","4973307713545","箸　ジジ","800"
"9316188085887","4973307713477","箸　ジジあしあと","800"
"9316188085886","4973307713491","箸　ジジ　薔薇","800"
"9316188085885","4973307713484","箸　魔女宅　ジジ小花","800"
"9316188085884","4973307713514","千と千尋　箸","800"
"9316188085883","4973307713507","箸　もののけ姫","800"
"9316188085882","4973307713576","箸　千と千尋　湯屋","800"
"9316188085881","4973307713460","箸　トトロ　木の実","800"
"9316188085880","4973307713453","箸　トトロ　華の舞","800"
"9316188085879","4973307713538","箸　トトロブルー","800"
"9316188085878","4973307713606","もののけ姫　面　箸","800"
"9316188085877","4973307713569","箸　カオナシ","800"
"9316188085876","4973307713552","箸　カオナシ20","800"
"9316188085875","4973307713590","箸　トトロ20","800"
"9316188085874","4973307713439","竹箸　小トトロ","800"
"9316188085873","4973307713521","竹箸　トトロホワイト","800"
"9316188085872","4973307713583","竹箸　ポニョ","800"
"9316188085871","4905610405220","磁器ドール　大トトロ","6820"
"9316188085870","4905610405237","磁器ドール　中トトロ","4550"
"9316188085869","4905610405244","磁器ドール　小トトロ","3410"
"9316188085868","4973307274190","容器セット　トトロ","1260"
"9316188085867","4589573949030","長崎　なかま　アクリルボールチェーン ","440"
"9316188085866","4517869106874","長崎カラーマップ扇子","1540"
"9316188085865","4527837845537","靴下","1710"
"9316188085864","4527837832681","靴下","1710"
"9316188085863","4527837832438","靴下","1710"
"9316188085862","4527837832360","靴下","910"
"9316188085861","4527837832353","靴下","910"
"9316188085860","4974475970235","がま口　カオナシ","3300"
"9316188085859","4550681005857","お昼寝ケット　トトロ","5460"
"9316188085858","4992272437270","コースター　4枚セット","2280"
"9316188085856","4548626253531","しんちゃん　中華ぬいぐるみマスコット　シロ","1520"
"9316188085855","4548626253524","しんちゃん　中華ぬいぐるみマスコット","1520"
"9316188085854","4974475970136","まっくろくろすけ","1540"
"9316188085853","4527837418236","靴下","570"
"9316188085852","4527837704889","靴下","800"
"9316188085851","4943741983323","カーテン　草かげの中から　アイボリー","4440"
"9316188085850","4943741983385","カーテン　アンフルールピンク　","4440"
"9316188085849","4973307235177","塗りトレー","3190"
"9316188085848","4973307234989","塗りトレー","3190"
"9316188085847","4580397924500","にゃんこ大戦争　ストラップ","660"
"9316188085846","4949827435250","しんちゃんドデカパッチン　パンダ","770"
"9316188085845","4949827435229","しんちゃんドデカパッチン　パジャマしんちゃん","770"
"9316188085844","4949827435267","しんちゃんドデカパッチン　うさぎ","770"
"9316188085843","4949827435236","しんちゃんドデカパッチン　シロしんちゃん","770"
"9316188085842","4949827435212","しんちゃんドデカパッチン　しんちゃん","770"
"9316188085841","4949827435243","しんちゃんドデカパッチン　ワニ山","770"
"9316188085840","4930972606466","キティアクリルキーホルダー　サングラス","1100"
"9316188085839","4930972606459","キティアクリルキーホルダー　ハイビスカス","1100"
"9316188085838","4549479055327","しんちゃんシリコンミニポーチ　カエル","1100"
"9316188085837","4549479055303","しんちゃんシリコンミニポーチ　パンダ","1100"
"9316188085836","4549479055310","しんちゃんシリコンミニポーチ　ひつじ","1100"
"9316188085835","4991567019795","長崎キティ立体ラバーキーホルダー","1320"
"9316188085834","4548678911786","おえかきさんステッカー　あまおう","440"
"9316188085833","4548678911588","おえかきさんステッカー　めんたいごはん","440"
"9316188085832","4991567140864","プリン福岡靴下","660"
"9316188085831","4544815071795","ポケモン　ラバーリールキーホルダー　レックウザ","880"
"9316188085830","4123456789988","子供用　チャイナドレス","500"
"9316188085829","4974475949934","どんどこ踊り　小トトロ　s","3080"
"9316188085828","4974475950633","お手玉M ポルコロッソ","3740"
"9316188085827","4990593480449","スタンドミラー　ジジ","6040"
"9316188085826","4990593480432","スタンドミラー　トトロ","6040"
"9316188085825","4990593473687","カルシファーのアンティークトレイ","4250"
"9316188085824","4990593357734","くるみボタンヘアゴム　ポニョ","690"
"9316188085823","4990593498833","ヘアゴム　クロスケ","900"
"9316188085822","4582739988676","パンダ　メガネケース","2550"
"9316188085821","4582739988683","パンダ　メガネケース","2550"
"9316188085820","4582739988720","パンダ　刺繍がま口","2280"
"9316188085819","4549743942223","耳をすませば　ふせんセット","570"
"9316188085818","4943741050223","暖簾　服招き鶴亀","3390"
"9316188085817","4943741050032","暖簾　冬空と三日月 85×150","3390"
"9316188085816","4943741050063","暖簾　森の中で　85×150","3390"
"9316188085815","4943741050056","暖簾　千と千尋　ブルー","3390"
"9316188085814","4991733094229","合掌パンダ","1000"
"9316188085813","4536283140714","カステラくんタオルハンカチ","550"
"9316188085812","4589573948897","しば吉ぶらぶらキーホルダー","550"
"9316188085811","4974475910231","中トトロ　M","4180"
"9316188085810","4549743646954","ファイル","390"
"9316188085809","4541228471112","のびねこベビー　ちゃんぽん","770"
"9316188085808","4541228471105","のびねベビー　カステラ","770"
"9316188085807","4990593499106","スイーツぶらりん　苺ジャム","1850"
"9316188085806","4990593499090","スイーツぶらりん　ビスケット","1850"
"9316188085805","4990593499120","和菓子ぶらりん　だんご","1680"
"9316188085804","4990593499144","和菓子ぶらりん　大福もち","1680"
"9316188085803","4990593499113","和菓子ぶらりん　さくらもち","1680"
"9316188085802","4990623253562","オーガニックコットンタオルハンカチ　ザビエル","770"
"9316188085801","4974475427036","ポニョ　ハンドパペット","3300"
"9316188085800","4527837418175","靴下","570"
"9316188085799","4527837534639","靴下","570"
"9316188085798","4974475961233","ふんわり　トラちゃん","3960"
"9316188085797","4974475961134","ふんわり　パンちゃん","3960"
"9316188085796","4957719014087","クルス焼き芋味","680"
"9316188085795","4990623253784","びっくり長崎マグネット","660"
"9316188085794","4580397889502","進撃の巨人　ビーズストラップ　長崎くんち","440"
"9316188085793","4548626253180","クレヨンしんちゃん　ダイカットツイン　しんちゃん&シロ","970"
"9316188085792","4548626253173","クレヨンしんちゃん　ダイカットツイン　しんちゃん&ひまわり","970"
"9316188085791","4548626253203","サンリオ　ダイカットツイン　キティ","970"
"9316188085790","4548626253210","サンリオ　ダイカットツイン　マイメロ","970"
"9316188085789","4548626253227","シナモン　ツインキーホルダー","970"
"9316188085788","4548626253241","ハンギョドン　ツインキーホルダー","970"
"9316188085787","4548626253234","ポチャッコ　ツインキーホルダー","970"
"9316188085786","4548626253197","クロミ　ツインキーホルダー","970"
"9316188085785","4548626259380","しんちゃん　シークレットミニポーチ","770"
"9316188085784","4513266173068","ピカチュウ　ネックポーチ","1320"
"9316188085783","4548626213955","しんちゃん　竹箸　パジャマ","440"
"9316188085782","4548626213962","しんちゃん　竹箸　カラフル","440"
"9316188085781","4548626257508","クレヨンしんちゃんアクリルクリップ","550"
"9316188085780","4548626257485","クレヨンしんちゃんワッペン風ポーチ","1980"
"9316188085779","4548626257492","クレヨンしんちゃんワッペン風ポーチ","1980"
"9316188085778","4548643158550","ケアベアMC スウィートドリームベア","1870"
"9316188085777","4548643158598","ケアベアMC アミーゴベア","1870"
"9316188085776","4992272703498","ヘアバンド","1710"
"9316188085775","4550621239557","森のトトロノート","410"
"9316188085774","4992272943450","ヘアバンド","1710"
"9316188085773","4992272437263","コースター　トトロ","3410"
"9316188085772","4992272796292","クッション　トトロと家","4320"
"9316188085771","4992272736120","ネックピロー　トトロ","3190"
"9316188085770","4570057738943","ダイカットふせん　パンちゃんおしり","480"
"9316188085769","4582739988669","合皮ブックカバー　パンダ　ベージュ","2280"
"9316188085768","4582739988652","合皮ブックカバー　パンダ　ピンク","2280"
"9316188085767","4582739988638","合皮パスケース　パンダ　ピンク","2850"
"9316188085766","4582739988645","合皮パスケース　パンダ　ベージュ","2850"
"9316188085765","4582739988584","金箔レターセット　パンダ　らくがき","910"
"9316188085764","4582739988577","金箔レターセット　サーカス","910"
"9316188085763","4582739988713","フェルトペン立て　パンダ","1820"
"9316188085762","4582739988706","ダイカットトレー　パンダ　らくがき","1940"
"9316188085761","4582739988690","ダイカットトレー　パンダ　スマイル","1940"
"9316188085760","4582739988621","マグネットボード パンダ　らくがき","1650"
"9316188085759","4582739988614","マグネットボード　パンダ　おんがく","1650"
"9316188085758","4582739988591","A4ポケットクリアファイル　パンダ　おんがく","740"
"9316188085757","4582739988607","A4ポケットクリアファイル　パンダ　サーカス","740"
"9316188085756","4582173924384","軍艦巻き　Tシャツ","2310"
"9316188085755","4582173924421","軍艦島バトルシップ　Tシャツ","2310"
"9316188085754","4580397926856","たまごっち　ぷっくりキーホルダー　赤鬼","660"
"9316188085753","4580397926849","たまごっち　ぷっくりキーホルダー　カステラ","660"
"9316188085752","4580397926825","たまごっち　ぷっくりキーホルダー　明太子","660"
"9316188085751","4945569654225","和柄爪切り　舞妓","1100"
"9316188085750","4945569654218","和柄爪切り　富士山","1100"
"9316188085749","4970381522933","ペーパーシアターボール","2780"
"9316188085748","4990623222414","佐世保ベアボールチェーン","1650"
"9316188085747","4589997114847","食パンだ 　あまおう　ボールチェーン","660"
"9316188085746","4953372425062","胡麻団子１５個入り","760"
"9316188085745","4549743670799","ダイカットミニレター　ハウルの動く城","690"
"9316188085744","4970381217143","スケジュールシール","470"
"9316188085743","4970381217068","スケジュールシール","470"
"9316188085742","4970381218973","スケジュールシール","470"
"9316188085741","4970381217075","スケジュールシール","470"
"9316188085740","4970381218966","スケジュールシール","470"
"9316188085739","4970381218928","スケジュールシール","470"
"9316188085738","4970381217136","スケジュールシール","470"
"9316188085737","4970381218942","スケジュールシール","470"
"9316188085736","4973307592805","コンビセット　ハウルの動く城","1260"
"9316188085735","4992272876239","口金マルチケース　飛び立つトトロ","3980"
"9316188085734","4992272876260","口金名刺ケース　飛び立つトトロ","4320"
"9316188085733","4992272735970","口金眼鏡ケース　お花見トトロ","4550"
"9316188085732","4548643215048","スターリーおばけマスコット　キティ","2200"
"9316188085731","4548643215062","スターリーおばけマスコット　クロミ","2200"
"9316188085730","4548643215079","スターリーおばけマスコット　シナモン","2200"
"9316188085729","4548643215055","スターリーおばけマスコット　マイメロ","2200"
"9316188085728","4548643172082","グラデ着物　マイメロ","2200"
"9316188085727","4571590206029","ご当地　ペタモン　カステラ","660"
"9316188085726","4571590206036","ご当地　ペタモン　ちゃんぽん","660"
"9316188085725","4571590206043","ご当地　ペタモン　佐世保バーガー","660"
"9316188085724","4970381700720","オデカケポシェット　カオナシ","3700"
"9316188085723","4973307649714","フタ付きどんぶり　ポニョ","5690"
"9316188085722","4548643183613","桜着物　シナモロール","2200"
"9316188085721","4548643183590","桜着物　マイメロ","2200"
"9316188085720","4548643172075","グラデ着物　キティ","2200"
"9316188085719","4548643204233","抹茶着物　キティ","2200"
"9316188085718","4548643183606","桜着物　クロミ","2200"
"9316188085717","4548643084378","桜着物　キティ","2200"
"9316188085716","4548643191595","桜着物　マイメロ","2200"
"9316188085715","4970381515768","パズル　雨のバス停","2780"
"9316188085714","4942040551820","長崎ラインソックス","660"
"9316188085713","4570198786230","ころころにゃんこ　佐世保にゃん","660"
"9316188085712","4905610405176","オルゴール　トトロ","12510"
"9316188085711","4589997113666","マグネット栓抜き　長崎","550"
"9316188085710","4970381802721","トランプ　ラピュタ","1160"
"9316188085709","4970381193867","まめパズル　小川のほとり　","1740"
"9316188085708","4970381193874","まめパズル　お散歩日和","1740"
"9316188085707","4970381190033","クリアパズル　空中庭園の守り手","870"
"9316188085706","4970381701635","レースブレスレット　カオナシ","1510"
"9316188085705","4970381701628","レースブレスレット　ハウル","1510"
"9316188085704","4970381194789","クリアパズル　アジサイの庭","870"
"9316188085703","4970381194833","クリアパズル126P 不思議の町の灯り","870"
"9316188085702","4991733095943","チモッケ巾着　クリッチ","990"
"9316188085701","4970381709730","トラちゃん　ふわふわバッチ","1040"
"9316188085700","4970381709716","パパンダ　ふわふわバッチ","1040"
"9316188085699","4970381709747","くっつきパンちゃん　ふわふわバッチ","1040"
"9316188085698","4970381709723","パンちゃん　ふわふわバッチ","1040"
"9316188085697","4970381371005","アウトドアプロダクツ　バッグ","10780"
"9316188085696","4562324272885","にゃがさきカステラプリントクッキー","1200"
"9316188085695","4991733066363","モケケ　Sサイズ　アロ","1320"
"9316188085694","4991733096698","モケケ　Sサイズ　シータ","1320"
"9316188085693","4991733096438","チモッケ　ギン","660"
"9316188085692","4991733095448","チモッケ　ニーナ","660"
"9316188085691","4991733096445","チモッケ　ルメ","660"
"9316188085690","4527837535827","靴下","570"
"9316188085688","4956058242731","ショコラブラウニー星空に届け","650"
"9316188085687","4562443340809","Tシャツ　旅に出ます　中華街　M","2640"
"9316188085686","4974475868136","ベビーギフトセット","7700"
"9316188085685","4974475868334","ベビーギフトセット","9130"
"9316188085684","4974475956239","お手玉　ムタ","4320"
"9316188085683","4974475956130","お手玉　ポニョ　居眠り","3960"
"9316188085682","4974475863230","ポニョ　マスコット","1540"
"9316188085681","4527837839789","靴下","800"
"9316188085680","4527837838959","靴下","570"
"9316188085679","4527837703134","靴下","570"
"9316188085678","4527837703103","靴下","570"
"9316188085677","4527837703110","靴下","570"
"9316188085676","4527837840785","靴下","800"
"9316188085675","4527837863500","靴下","800"
"9316188085674","4527837863524","靴下","800"
"9316188085673","4527837839765","靴下","800"
"9316188085672","4527837844820","靴下","690"
"9316188085671","4518755885118","靴下","570"
"9316188085670","4527837704698","靴下","570"
"9316188085669","4527837863517","靴下","800"
"9316188085668","4527837836092","靴下","570"
"9316188085667","4527837839680","靴下","570"
"9316188085666","4527837840099","靴下","690"
"9316188085665","4548351155865","キティ福岡　ペン","990"
"9316188085664","4990270164327","フェイスリールパスケース　海の生き物　シナモ","1650"
"9316188085663","4990270164303","フェイスリールパスケース　海の生き物　キティ","1650"
"9316188085662","4990270164334","フェイスリールパスケース　海の生き物　クロミ","1650"
"9316188085661","4990270164310","フェイスリールパスケース　海の生き物　マイメロ","1650"
"9316188085660","4990270164228","大福型マスコットポーチ　海の生き物　キティ","1320"
"9316188085659","4990270164235","大福型マスコットポーチ　海の生き物　マイメロ","1320"
"9316188085658","4990270164242","大福型マスコットポーチ　海の生き物　シナモ","1320"
"9316188085657","4990270164259","大福型マスコットポーチ　海の生き物　クロミ","1320"
"9316188085656","4990270164860","マスコットポーチアニマル　キティ","1650"
"9316188085655","4990270164877","マスコットポーチアニマル　マイメロ","1650"
"9316188085654","4990270164891","マスコットポーチアニマル　クロミ","1650"
"9316188085653","4990270164884","マスコットポーチアニマル　シナモ","1650"
"9316188085652","4990270164525","マスコットポーチ抹茶　シナモ","1650"
"9316188085651","4990270164518","マスコットポーチ抹茶　マイメロ","1650"
"9316188085650","4990270164501","マスコットポーチ抹茶　キティ","1650"
"9316188085649","4990270164532","マスコットポーチ抹茶　クロミ","1650"
"9316188085648","4990270164211","ミニポーチ　海の生き物　クロミ","1100"
"9316188085647","4990270164198","ミニポーチ　海の生き物　マイメロ","1100"
"9316188085646","4990270164204","ミニポーチ　海の生き物　シナモ","1100"
"9316188085645","4990270164181","ミニポーチ　海の生き物　キティ","1100"
"9316188085644","4548643204240","抹茶着物　クロミ　マスコット","2200"
"9316188085643","4548643098474","キティ　桜着物　マスコット","2200"
"9316188085642","4548626257478","しんちゃん　巾着ポーチ　中華","640"
"9316188085641","4548626257461","しんちゃん　巾着ポーチ　中華","640"
"9316188085640","4548626257522","しんちゃん　３連キーホルダー　中華","860"
"9316188085639","4548626257539","しんちゃん　３連キーホルダー　中華","860"
"9316188085638","4548626258697","しんちゃん　ご当地パズルキューブキーホルダー","970"
"9316188085637","4905610405022","手巻きオルゴール　ジジ　フローラル","2850"
"9316188085636","4905610405039","手巻きオルゴール　千と千尋の神隠し　夜景","2850"
"9316188085635","4905610405008","手巻きオルゴール　トトロ　木目","2850"
"9316188085634","4905610405015","手巻きオルゴール　トトロ　LEAF","2850"
"9316188085633","4991567967942","ご当地キティ　ヘアピンパッチン","660"
"9316188085632","4548678912257","おえかきさん　靴下　バナナ","500"
"9316188085631","4991567967959","ご当地クロミ　ヘアピンパッチン","660"
"9316188085630","4991567967966","ご当地シナモン　ヘアピンパッチン　","660"
"9316188085629","4991567018491","ポムポム　福岡　ハンカチ","770"
"9316188085628","4991567010136","シナモン　福岡　ハンカチ","770"
"9316188085627","4991567015261","ハンギョドン　福岡ハンカチ","770"
"9316188085626","4527837704537","靴下","570"
"9316188085625","4991567010655","バツ丸くん　ハンカチ明太子","550"
"9316188085624","4991567101544","しんちゃん　明太子","770"
"9316188085623","4548678914862","おえかきさん　福岡あまおう","990"
"9316188085622","4548678914077","おえかきさん　はかためんたい","990"
"9316188085621","4582365195882","スヌーピー　パタパタメモ","440"
"9316188085620","4991567014448","キティ　福岡　立体キーホルダー","1320"
"9316188085619","4991567602904","シナモン　福岡　立体キーホルダー","1320"
"9316188085618","4991567017142","ポチャッコ　福岡　立体キーホルダー","1320"
"9316188085617","4536283144996","足袋ソックス","550"
"9316188085616","4990593468911","パズーのカバン","5600"
"9316188085615","4580280131374","ショボーン根付け　ビードロ","500"
"9316188085614","4518297092012","寿司キューピー エビ","880"
"9316188085613","4518297092043","寿司キューピー まぐろ","880"
"9316188085612","4549479055792","サンリオ　和キャラがま　マイメロ","1100"
"9316188085611","4573256428615","ちいかわ　アルファベットキーホルダー　S","990"
"9316188085610","4518297092036","寿司キューピー　こはだ","880"
"9316188085609","4518297092029","寿司キューピー　たまご","880"
"9316188085608","4518297092104","寿司キューピー　ネギトロ","880"
"9316188085607","4518297092005","寿司キューピー　いくら","880"
"9316188085606","4970381218492","2026年スケジュール帳　千と千尋の神隠し","2270"
"9316188085605","4970381218485","2026年スケジュール帳　魔女の宅急便","2270"
"9316188085604","4970381218478","2026年スケジュール帳　トトロ","2270"
"9316188085603","4970381218508","2026年スケジュール帳　ハウルの動く城","2270"
"9316188085602","4990593456321","ポニョ　バケツ","1010"
"9316188085601","4973422641358","スリッパ　トワイライトジジ","2620"
"9316188085600","4990593375455","お守りヘアゴム","1570"
"9316188085599","4975946361859","茶碗　ヤマノイモ","2980"
"9316188085598","4990593446513","オルゴール　トトロとメイちゃん","10960"
"9316188085597","4990593522804","円盤グラス　ハウル","2020"
"9316188085596","4990593519583","水鉄砲　オオトリさま","900"
"9316188085595","4534114198958","折り鶴根付","880"
"9316188085594","4582173924803","折り鶴展開図　Tシャツ","2970"
"9316188085593","4990593449798","ソフビ　ポニョ","1350"
"9316188085592","4990593516872","キーホルダー　魔女宅","1540"
"9316188085591","4990593516902","キーホルダー　ロボット兵","1540"
"9316188085590","4973422673410","ペーパーホルダーカバー","2280"
"9316188085589","4990593452514","マグカップ　トトロ","2800"
"9316188085588","4990593452552","マグカップ　ハウル","2800"
"9316188085587","4990593452521","マグカップ　魔女宅","2800"
"9316188085586","4990593516933","キーホルダー　ポニョ","1540"
"9316188085585","4990593516889","キーホルダー　ポルコ","1540"
"9316188085584","4990593516926","キーホルダー　カルシファー","1540"
"9316188085583","4512945569703","ミッキー　ステッカー　ネオン 1928　","330"
"9316188085582","4589571103137","ビードロST","550"
"9316188085581","4975946412056","トトロ　マグ","2390"
"9316188085580","4992272671346","ナップサック","3190"
"9316188085579","4992272724462","ナップサック","3190"
"9316188085578","4977524488774","クリスタルパズル　トトロ　オカリナの音色","3640"
"9316188085577","4973307616242","おにぎり型ミニランチバッグ　魔女の宅急便","1260"
"9316188085576","4973307681073","となりのトトロ　　おうち","1600"
"9316188085575","4973307494567","3D ﾜﾝﾌﾟｯｼｭｽﾄﾛｰBT ﾄﾄﾛ ﾔｻｲ色  ","3930"
"9316188085574","4973307544439","ステンレスマグボトル　ジジ","4050"
"9316188085573","4548643215260","サンリオ　ピンククロミ","2640"
"9316188085572","4548643215253","サンリオ　ブラックマイメロ","2640"
"9316188085571","4992272724431","ナップサック　トトロ","3190"
"9316188085570","4973307609336","ワンタッチストローボトル　トトロ","4510"
"9316188085569","4973307544422","コンパクトコーヒーマグ　トトロ","4050"
"9316188085568","4973307592539","ホーローキャニスター木蓋　トトロ","4100"
"9316188085567","4992272725230","スクールクッション　トトロ","1480"
"9316188085566","4527837221225","靴下","570"
"9316188085565","4973307413179","デンタルキット　トトロ","890"
"9316188085564","4973307567285","トリオセット　さんぽみち","1480"
"9316188085563","4527837417970","靴下","570"
"9316188085562","4974475653039","ネコバス　特大","35200"
"9316188085561","4527837419202","靴下","570"
"9316188085560","4527837416874","靴下","570"
"9316188085559","4527837561819","靴下","570"
"9316188085558","4512945612386","タッセルキーホルダー　カステラ","550"
"9316188085557","4571188136103","ユキオ　マグネットマスコット","1100"
"9316188085556","4992272876222","口金ポーチ","3980"
"9316188085555","4992272703450","ガーゼタオル","1710"
"9316188085554","4992272703474","ガーゼタオル","1710"
"9316188085553","4992272943511","円形ポーチ　葉っぱリース","3190"
"9316188085552","4992272943702","クッション　たそがれ","5500"
"9316188085551","4973422657212","フリーマット　もこもこジジ","2850"
"9316188085550","4973422656116","フリーマット　もこもこネコバス","2850"
"9316188085549","4973422656109","フリーマット　もこもこトトロ","2850"
"9316188085548","4973422648906","スリッパ　どんぐりトトロ","2620"
"9316188085547","4992272943627","魔女の宅急便　チョコケーキクッション","5370"
"9316188085546","4992272788617","ジジ　青のじゅうたん 口金横長ポーチ","3360"
"9316188085545","4970381194826","126P コキリのサンルーム","870"
"9316188085544","4975946361866","茶碗　カラスノエンドウ","2980"
"9316188085543","4975946412100","茶碗　とうもろこし","2390"
"9316188085542","4973422648777","スリッパ　あこがれリボン","2620"
"9316188085541","4973422648500","スリッパ　おさんぽネコバス","2960"
"9316188085540","4973422648494","スリッパ　おさんぽトトロ","2960"
"9316188085539","4973422669741","スリッパ　ジジとデート","2620"
"9316188085538","4973422641334","スリッパ　あおぞらどんぐり","2620"
"9316188085537","4973422667976","ペーパーホルダーカバー　花とバス停","2280"
"9316188085536","4580236849162","みにちゅあーとキット　坊と坊ネズミとハエドリ","3870"
"9316188085535","4954043147122","ジブリ缶　ドワーフの王とエルフの女王","690"
"9316188085534","4975946123730","マグカップ　へびいちご","5960"
"9316188085533","4975946275019","ミルクティー碗皿　さるとりいばら","7150"
"9316188085532","4975946108287","23cmプレート　へびいちご","5960"
"9316188085531","4975946108607","23cmプレート　がまずみ","5960"
"9316188085530","4975946108195","23cmプレート　たんぽぽ","5960"
"9316188085529","4975946274968","トトロ　ミルクティー碗皿　へびいちご","7150"
"9316188085528","4975946361590","マグカップ　ジシバリ","3580"
"9316188085527","4975946311243","魔女の宅急便　マグ　ブルー","3580"
"9316188085526","4975946361804","湯呑み　ヤマノイモ","2390"
"9316188085525","4975946361798","マグカップ　小　カラスノエンドウ","2980"
"9316188085524","4975946361514","マグカップ　クヌギ","3580"
"9316188085523","4975946361606","マグカップ　カナムグラ","3580"
"9316188085522","4975946361767","マグカップ　小　ヤマノイモ","2980"
"9316188085521","4973422641341","ペーパーホルダーカバー　トワイライトジジ","2280"
"9316188085520","4973422641327","ペーパーホルダーカバー　あおぞらどんぐり","2280"
"9316188085519","4973422778870","ペーパーホルダーカバー　もりのかぜ","2280"
"9316188085518","4954043145852","ピンズ　トトロ　花","690"
"9316188085517","4954043146064","ピンズ　ふりむき","690"
"9316188085516","4954043145791","ピンズ　クロスケ","690"
"9316188085515","4954043145777","ピンズ　中・小トトロ","690"
"9316188085514","4954043145890","ピンズ　大トトロ　穂","690"
"9316188085513","4954043145821","ピンズ　大・小トトロ　横顔","690"
"9316188085512","4954043145982","ピンズ　大トトロ　笑顔","690"
"9316188085511","4954043145951","ピンズ　大トトロ1","690"
"9316188085510","4954043145838","ピンズ　大・小トトロ　オカリナロゴ","690"
"9316188085509","4954043145739","ピンズ　大トトロ　笑顔・四角形","690"
"9316188085508","4954043145937","ピンズ　中トトロ　朝がお","690"
"9316188085507","4954043146071","ピンズ　ジジ　あくび","690"
"9316188085506","4954043146057","ピンズ　飛行艇","690"
"9316188085505","4954043145869","ピンズ　大トトロ　ニコニコ","690"
"9316188085504","4954043145814","ピンズ　大トトロ　オカリナ","690"
"9316188085503","4954043145883","ピンズ　大・小トトロ　かくれんぼ","690"
"9316188085502","4954043146095","ピンズ　飛行艇2","690"
"9316188085501","4954043145920","ピンズ　中トトロ　クローバー","690"
"9316188085500","4954043145760","ピンズ　大トトロ　吠え","690"
"9316188085499","4954043145845","ピンズ　大トトロ　傘","690"
"9316188085498","4954043146026","ピンズ　魔女　看板","690"
"9316188085497","4954043145746","ピンズ　大トトロ　立ち","690"
"9316188085496","4541228468983","のびしば","770"
"9316188085495","4580288928532","フチのりにゃんこ","550"
"9316188085494","4954043146859","マグネット　中トトロ走る","690"
"9316188085493","4954043146842","マグネット　中トトロいちょう","690"
"9316188085492","4954043146958","マグネット　サボイア","690"
"9316188085491","4954043146446","ステンドグラス風看板G","910"
"9316188085490","4954043146453","ステンドグラス風看板S","910"
"9316188085489","4970381523473","ペーパーシアター　ソフィー","2310"
"9316188085488","4970381523350","ペーパーシアター　シータ","2310"
"9316188085487","4970381523046","ペーパーシアター　月光る大空","2080"
"9316188085486","4970381523268","ペーパーシアター　コリコの思い出","2310"
"9316188085485","4970381523343","ペーパーシアター　天空の城","2080"
"9316188085484","4970381523282","ペーパーシアター　ハク","2310"
"9316188085483","4970381523251","ペーパーシアター　不思議の町で","2080"
"9316188085482","4512945610405","タッセルキーホルダー　桜","550"
"9316188085481","4512945610429","タッセルキーホルダー　錦鯉　","550"
"9316188085480","4970381701864","めくってパズル　トトロ","3450"
"9316188085479","4970381523138","ペーパーシアター　ネコバス到着","3120"
"9316188085478","4970381523107","ペーパーシアターキューブ　月夜の散歩","2780"
"9316188085477","4970381523299","ペーパーシアターボール　カオナシからの贈りもの","2780"
"9316188085476","4970381523305","ペーパーシアターキューブ　さよなら油屋","2780"
"9316188085475","4970381510015","クリアパズル1000P 不思議な町便り","5780"
"9316188085474","4970381143206","1000ピースパズル　君をのせて","3700"
"9316188085473","4970381195861","パズル　湯屋","1850"
"9316188085472","4970381516055","パズル　ひなたぼっこ","1620"
"9316188085471","4970381195625","パズル　トトロとおひるね","1850"
"9316188085470","4970381496593","かるた　トトロ","1850"
"9316188085469","4970381161729","パズル　どーん","1850"
"9316188085468","4970381505530","ペーパーシアターボール　飛行艇乗りポルコロッソ","2780"
"9316188085467","4970381523091","ペーパーシアターボール　ひみつのトンネル","2780"
"9316188085466","4970381522926","ペーパーシアターボール　バス停にて","2780"
"9316188085465","4970381710927","プレート　ラインダンス","3120"
"9316188085464","4970381809485","プルバックキーホルダー　オート三輪","2500"
"9316188085463","4970381809492","プルバックキーホルダー　ボンネットバス","2500"
"9316188085462","4970381717278","プルバック　サボイア","4050"
"9316188085461","4970381193898","パズル　天空の城ラピュタ","1740"
"9316188085460","4970381496616","おきあがりこぼし　大トトロ","1850"
"9316188085459","4970381514662","ペーパーシアター　専用フレーム","1740"
"9316188085458","4970381523374","ペーパーシアター　タイガータイガーモス号","4160"
"9316188085457","4970381161767","パズル　ジジとリリー","1850"
"9316188085456","4573256428547","ちいかわ　アルファベットキーホルダー　A","990"
"9316188085455","4970381496685","ノスタルジースケッチシリーズ　ポーチ","2310"
"9316188085454","4970381700690","ポシェット　大トトロ","3930"
"9316188085453","4970381496654","ノスタルジーポーチ","4050"
"9316188085452","4541614602397","ご当地ンアナゴ","550"
"9316188085451","4550451196228","クリア3個いちキーホルダー　パンダ　","990"
"9316188085450","4943741903192","のれん","3390"
"9316188085449","4943741996583","のれん","3390"
"9316188085448","4943741050025","のれん","3390"
"9316188085447","4943741903208","のれん","3390"
"9316188085446","4943741050001","のれん","3390"
"9316188085445","4527837419127","靴下","570"
"9316188085444","4992272796322","ポーチ","2160"
"9316188085443","4527837418212","靴下","570"
"9316188085442","4527837434618","靴下","690"
"9316188085441","4974475964838","こもれび　ムーン","3960"
"9316188085440","4974475964937","こもれび　カルシファー","3300"
"9316188085439","4974475965033","こもれび　ヒン","4400"
"9316188085438","4991733086439","モケケ　Sサイズ　迷彩　ケテケテ","1320"
"9316188085437","4991733080475","モケケ　Sサイズ　コチ","1320"
"9316188085436","4991733066349","モケケ　Sサイズ　チト","1320"
"9316188085435","4991733096711","モケケ　Sサイズ　ニーナ","1320"
"9316188085434","4991733096704","モケケ　Sサイズ　ランテ","1320"
"9316188085433","4991733096681","モケケ　Sサイズ　チックン","1320"
"9316188085432","4905330529039","ヨッシー","1650"
"9316188085431","4905330529060","テレサ","1320"
"9316188085430","4548678911694","お絵かきさん　靴下　あまおうさん","500"
"9316188085429","4548678911823","お絵かきさん　ミニタオル　あまおうさん","440"
"9316188085428","4570030997718","お絵かきさん　びっくりキーホルダー　角煮まんさん","610"
"9316188085427","4589573948972","しば犬シャーペン","440"
"9316188085426","4527837343118","靴下","570"
"9316188085425","4545403572151","イヤフォンポーチ　マイメロ","860"
"9316188085424","4527837705497","靴下","690"
"9316188085423","4571617073214","サンリオ　ジュエリーマスコット","770"
"9316188085422","4549479053385","和キャラがま　キティ","1100"
"9316188085421","4545403576234","ポチャッコ　チョコふぁふぁチャーム","1410"
"9316188085420","4545403576258","シナモン　チョコふぁふぁチャーム","1410"
"9316188085419","4545403576241","ポムポム　チョコふぁふぁチャーム","1410"
"9316188085418","4545403576227","マイメロ　チョコふぁふぁチャーム","1410"
"9316188085417","4545403576265","クロミ　チョコふぁふぁチャーム","1410"
"9316188085416","4545403576210","キティ　チョコふぁふぁチャーム","1410"
"9316188085415","4963210357981","カステラ風シフォンケーキ　大","1080"
"9316188085414","4963210357974","カステラ風シフォンケーキ　小","760"
"9316188085413","4545403572199","イヤフォンポーチクロミ","860"
"9316188085412","4545403572175","イヤフォンポーチシナモン","860"
"9316188085411","4545403572144","イヤフォンポーチKT","860"
"9316188085410","4545403572168","イヤフォンポーチポム","860"
"9316188085409","4945569654195","爪切りゴールド","1870"
"9316188085408","4945569654171","爪切り黒","1650"
"9316188085407","4589573948958","色鉛筆カステラくん","440"
"9316188085406","4589573948941","リップ消しゴムカステラくん","330"
"9316188085405","4589573948934","マニキュアマーカーカステラくん","550"
"9316188085404","4992272735789","ポーチ","1710"
"9316188085403","4550337908990","サンリオ　フェイスキーホルダー　クロミ","500"
"9316188085402","4550337907825","サンリオ　フェイス　キーホルダー　キティ","500"
"9316188085401","4991567140970","ご当地サンリオ　ゆるっと靴下　kid 2p","1100"
"9316188085400","4562443340816","Tシャツ　旅に出ます　中華街　L","2640"
"9316188085399","4527837534646","靴下","570"
"9316188085398","4970381088682","トトロ　折り紙遊び","930"
"9316188085397","4992272735857","エコバック　中トトロパターン","2050"
"9316188085396","4992272773965","エコバック　ジジスーベニイルパターン","2050"
"9316188085395","4992272703504","枕カバー　トトロ　森林浴","2280"
"9316188085394","4992272783117","ボタニカルトトロ　ペタペタクロス","1140"
"9316188085393","4992272876659","飛行石　クッション","5690"
"9316188085392","4571617072002","ドラゴンボールゆらゆらヘッド","2200"
"9316188085391","4571617071982","ドラゴンボールゆらゆらヘッド","2200"
"9316188085390","4571617072095","しんちゃんゆらゆらヘッド","2200"
"9316188085389","4571617072088","しんちゃんゆらゆらヘッド","2200"
"9316188085388","9316190000000","箸　2膳セット","660"
"9316188085387","4573638760197","薬屋のひとりごと　ホログラムシール","550"
"9316188085386","4573638760180","薬屋のひとりごと　ホログラムカード","550"
"9316188085385","4573638760241","薬屋のひとりごと　ミニキャラホログラムシール","550"
"9316188085384","4573638760234","薬屋のひとりごと　ミニキャラホログラムカード","550"
"9316188085383","4573638760203","薬屋のひとりごと　カンバッチ","550"
"9316188085382","4573638760258","薬屋のひとりごと　ミニキャラカンバッチ","550"
"9316188085381","4573638760173","薬屋のひとりごと　アクリルキーホルダー","990"
"9316188085380","4573638760227","薬屋のひとりごと　ミニキャラアクリルキーホルダー","880"
"9316188085379","4573638760210","薬屋のひとりごと　ミニキャラアクリルスタンド","1430"
"9316188085378","4573638760166","薬屋のひとりごと　アクリルスタンド　壬氏","1760"
"9316188085377","4573638760159","薬屋のひとりごと　アクリルスタンド　猫猫","1760"
"9316188085376","4573638760272","薬屋のひとりごと　アクリルボード","2750"
"9316188085375","4580683609302","ブルーロック　アクリル箸","660"
"9316188085374","4580397889540","進撃の巨人　ストラップ","440"
"9316188085373","4992272935981","ワンピース　タオル","1430"
"9316188085372","4580397888963","進撃の巨人　ストラップ　エレン","440"
"9316188085371","4580397888987","進撃の巨人　ストラップ　ミカサ","440"
"9316188085370","4580397889007","進撃の巨人　ストラップ　アルミン","440"
"9316188085369","4991567609866","サンリオ　福岡　パタパタメモ","440"
"9316188085368","4570030996681","おえかきさんびっくりキーホルダー　ばななのたたきうり","610"
"9316188085367","4570030996759","おえかきさんびっくりキーホルダー　はかたばりかた","610"
"9316188085366","4945409024881","杏仁豆腐","930"
"9316188085365","4570030996674","おえかきさんびっくりキーホルダー　めんたいさん３兄弟","610"
"9316188085364","4589573930786","グラバー園ホログラムWCキーホルダー","550"
"9316188085363","4589573930793","天主堂ホログラムWC　キーホルダー","550"
"9316188085362","4536283146051","軍艦島　Tシャツ","2750"
"9316188085361","4527837533687","靴下","570"
"9316188085360","4970381802752","トランプ　ポニョ","1160"
"9316188085359","4550451240488","ニコヌイ　ウミガメ","1380"
"9316188085358","4550451240518","ニコヌイ　チンアナゴ","1540"
"9316188085357","4550451240495","ニコヌイ　クマノミ","1380"
"9316188085356","4905330037107","フシギダネ　マスコット","1650"
"9316188085355","4549743887999","クリアファイル　エボシ","390"
"9316188085354","4977524122340","トトロ　せんせいスタンプ2","3530"
"9316188085353","4990270160572","ビックポーチ　クロミ","1980"
"9316188085352","4990270160565","ビックポーチ　マイメロディ","1980"
"9316188085351","4990270160558","ビックポーチ　ハローキティ","1980"
"9316188085350","4990270160527","ビックポーチ　ハローキティ","1980"
"9316188085349","4527837535179","靴下","570"
"9316188085348","4527837535520","靴下","570"
"9316188085347","4970381523213","ペーパーシアター ウッドスタイル サボイアS.21F","4160"
"9316188085346","4589573959244","ハートストーングミ","500"
"9316188085345","4527837400507","靴下","570"
"9316188085344","4527837416850","靴下","570"
"9316188085343","4970381710149","ころ鈴根付　ロボット兵","1140"
"9316188085342","4527837550738","靴下","570"
"9316188085341","4527837343125","靴下","570"
"9316188085340","4970381524258","アートボードパズル　トトロ","4390"
"9316188085339","4970381524241","アートボードパズル　耳をすませば","4390"
"9316188085338","4970381524234","アートボードパズル　紅の豚","4390"
"9316188085337","4550451315391","サンリオアイスキーホルダー　ハンギョドン","800"
"9316188085336","4550451315384","サンリオアイスキーホルダー　マイメロ","800"
"9316188085335","4550451315377","サンリオアイスキーホルダー　ポチャッコ","800"
"9316188085334","4550451315360","サンリオアイスキーホルダー　シナモン","800"
"9316188085333","4550451315353","サンリオアイスキーホルダー　クロミ","800"
"9316188085332","4550451315346","サンリオ　アイスキャンディーキーホルダー　キティ","800"
"9316188085331","4527837704872","靴下","690"
"9316188085330","4527837417031","靴下","570"
"9316188085329","4527837400514","靴下","570"
"9316188085328","4527837419356","靴下","570"
"9316188085327","4549743155425","ファイル","400"
"9316188085326","4991567625729","ご当地　キティ　キラ色キャストチャーム","770"
"9316188085325","4550337914250","ぐでたま　フェイスキーホルダー","500"
"9316188085324","4548626260751","しんちゃん　お名前バッチ　チョコビ","830"
"9316188085323","4548626260775","しんちゃん　お名前バッチ　幼稚園","830"
"9316188085322","4548626260768","しんちゃんお名前バッチ　シロ","830"
"9316188085321","4548626260744","しんちゃん　お名前バッチ　パジャマ","830"
"9316188085320","4548626263318","しんちゃん2キーホルダー　シロ　","970"
"9316188085319","4548626263301","しんちゃん2キーホルダー","970"
"9316188085318","4548626263325","しんちゃん2キーホルダー　ぶりぶりざえもん","970"
"9316188085317","4548626263387","サンリオ　2チャームキーホルダー　シナモン","970"
"9316188085316","4548626263356","サンリオ　2キーホルダー　キティ","970"
"9316188085315","4548626263363","サンリオ　2キーホルダー　マイメロ","970"
"9316188085314","4548626263370","サンリオ2チャームキーホルダー　クロミ","970"
"9316188085313","4544815078206","サンリオ　ラバーリールキーホルダー　将軍","1080"
"9316188085312","4544815078220","サンリオ　ラバーリールキーホルダー　将軍","1080"
"9316188085311","4544815078299","サンリオ将軍　マイメロ","3080"
"9316188085310","4544815078282","サンリオ将軍　キティ","3080"
"9316188085309","4544815078305","サンリオ将軍　クロミ","3080"
"9316188085308","4544815081442","しんちゃん　ぬいぐるみアニマル","1850"
"9316188085307","4544815081428","しんちゃん　ぬいぐるみアニマル","1850"
"9316188085306","4544815081435","しんちゃん　ぬいぐるみアニマル","1850"
"9316188085305","4544815081411","しんちゃん　ぬいぐるみ　アニマル","1850"
"9316188085304","4544815081404","しんちゃん　ぬいぐるみ　アニマル","1850"
"9316188085303","4544815081459","しんちゃん　ぬいぐるみアニマル","1850"
"9316188085302","4973422656093","もこもこお手ふき","2280"
"9316188085301","4527837704667","靴下","570"
"9316188085300","4973422651449","スリッパ　花さんぽ","2620"
"9316188085299","4973422778887","スリッパ　森の風","2620"
"9316188085298","4550621239656","魔女の宅急便　コリコでお散歩ペンポーチ","2280"
"9316188085297","4527837534165","靴下","570"
"9316188085296","4527837710385","靴下","570"
"9316188085295","4527837346515","靴下","570"
"9316188085294","4970381802783","シーンがいっぱいトランプ　紅の豚","1160"
"9316188085293","4527837535322","靴下","570"
"9316188085292","4527837710217","靴下","690"
"9316188085291","4527837417956","靴下","570"
"9316188085290","4527837534202","靴下","570"
"9316188085289","4527837350468","靴下","570"
"9316188085288","4902490571670","靴下","570"
"9316188085287","4974475950138","ふんわりお手玉M 中トトロ","2750"
"9316188085286","4958970122627","月餅　４種箱入","1140"
"9316188085285","4943741983422","アコーディオンカーテン","4440"
"9316188085284","4943741983316","アコーディオンカーテン","4440"
"9316188085283","4943741983361","アコーディオンカーテン","4440"
"9316188085282","4943741050070","暖簾魔女の宅急便　ジジと子どもたち","3390"
"9316188085281","4943741050018","暖簾トトロ　夏の色","3390"
"9316188085280","4943741980698","暖簾　千と千尋　湯屋とカオナシ","3390"
"9316188085279","4943741001515","暖簾千と千尋　千と千尋RE","3390"
"9316188085278","4974475906036","ふんわりキーホルダー　キツネリス","1650"
"9316188085277","4527837696030","靴下","570"
"9316188085276","4970381802776","シーンがいっぱいトランプ　ハウルの動く城","1160"
"9316188085275","4527837706128","靴下","690"
"9316188085274","4550451309956","ぬいぐるみミラー　マイメロ","1540"
"9316188085273","4550451309932","ぬいぐるみミラー　ハローキティ","1540"
"9316188085272","4550451309949","ぬいぐるみミラー　クロミ","1540"
"9316188085271","4550451309925","ぬいぐるみミラー　ハローキティ","1540"
"9316188085270","4990270162279","サンダル型ポシェット　ギャルハローキティ","2200"
"9316188085269","4990270162309","サンダル型ポシェット　ギャルクロミ","2200"
"9316188085268","4990270162262","サンダル型ポシェット　ギャルハローキティ","2200"
"9316188085267","4990270162293","サンダル型ポシェット　ギャルシナモン","2200"
"9316188085266","4990270162286","サンダル型ポシェット　ギャルマイメロ","2200"
"9316188085265","4550451309895","ハローキティスリムヘアクリップ　レオパード","940"
"9316188085264","4550451309888","ハローキティスリムヘアクリップ　リボン","940"
"9316188085263","4550451309871","ハローキティヘアクリップ　レオパード","910"
"9316188085262","4550451309864","ハローキティヘアクリップ　リボン　","910"
"9316188085261","4970381803025","折り紙　セット","910"
"9316188085260","4970381803032","折り紙　セット","910"
"9316188085259","4571188135731","ユキオソックス","550"
"9316188085258","4977524488736","クリスタルパズル","2510"
"9316188085257","4977524488477","クリスタル　パズル","2510"
"9316188085256","4977524486657","クリスタル　パズル","2510"
"9316188085255","4977524486602","クリスタル　パズル　トトログレー","2510"
"9316188085254","4977524489238","クリスタル　パズル　コダマ","2510"
"9316188085253","4550621195372","エナージェル　魔女","1030"
"9316188085252","4550621195365","エナージェル　トトロ","1030"
"9316188085251","1234567891236","I LOVE  長崎　Tシャツ","2420"
"9316188085250","1234567891235","あごだしパラダイス　Tシャツ","2420"
"9316188085249","1234567891234","出島　Tシャツ","2420"
"9316188085248","4512945609935","タッセルキーホルダー　ティラノサウルス","550"
"9316188085247","4550451280002","浮き輪キーホルダー　クロミ","970"
"9316188085246","4512945610276","タッセルキーホルダー　焼売パンダ","550"
"9316188085245","4512945610283","タッセルキーホルダー　中華まんパンダ","550"
"9316188085244","4512945610290","タッセルキーホルダー　変面パンダ","550"
"9316188085243","4527837705459","靴下","690"
"9316188085242","4527837706135","靴下","690"
"9316188085241","4527837550745","靴下","570"
"9316188085240","4527837535803","靴下","570"
"9316188085239","4527837704636","靴下","570"
"9316188085238","4902490474445","靴下","570"
"9316188085237","4527837553043","靴下","690"
"9316188085236","4527837418137","靴下","570"
"9316188085235","4905610405053","あやつりオルゴール　ジジ","12510"
"9316188085234","4905610405190","あやつりオルゴール　千と千尋の神隠し","12510"
"9316188085233","4527837419097","靴下","690"
"9316188085232","4527837419080","靴下","690"
"9316188085231","4527837704643","靴下","570"
"9316188085230","4527837535537","靴下","570"
"9316188085229","4527837706074","靴下","690"
"9316188085228","4527837696368","靴下","570"
"9316188085227","4527837696382","靴下","570"
"9316188085226","4570030996773","おえかきさん　びっくりキーホルダー　カステラ","610"
"9316188085225","4570030996780","おえかきさん　びっくりキーホルダー　ちゃんぽん","610"
"9316188085224","4570030996704","おえかきさん　キーホルダー　福岡","610"
"9316188085223","4570030994878","おえかきさん　キーホルダー　福岡","610"
"9316188085222","4938853101697","しっとりーぬさん　あまおうぬいぐるみキーホルダー","880"
"9316188085221","4938853101680","しっとりーぬさん　明太子ぬいぐるみキーホルダー","880"
"9316188085220","4548678914787","おえかきさんタオル　かすてらさん","990"
"9316188085219","4548678914091","おえかきさんタオル　ばりかたさん","990"
"9316188085218","4938853500445","福岡　クロミぷちぷちキーホルダー","990"
"9316188085217","4991567602911","福岡　クロミ立体ラバーキーホルダー","1320"
"9316188085216","4991567968185","モチモチキーホルダーハンギョドン","660"
"9316188085215","4527837533700","靴下","570"
"9316188085214","4974475576536","ふんわりお手玉　小トトロ","1760"
"9316188085213","4938853101635","もちもちマスコット　明太子ハンギョドン","1100"
"9316188085212","4582365252509","スヌーピー　福岡あまおうキーホルダー","770"
"9316188085211","4527837416898","靴下","570"
"9316188085210","4527837417055","靴下","570"
"9316188085209","4527837553760","靴下","800"
"9316188085208","4527837418007","靴下","690"
"9316188085207","4527837710231","靴下","690"
"9316188085206","4527837418021","靴下","690"
"9316188085205","4932507143309","靴下","570"
"9316188085204","4527837416843","靴下","570"
"9316188085203","4527837704629","靴下","570"
"9316188085202","4527837417987","靴下","570"
"9316188085201","4527837535469","靴下","570"
"9316188085200","4527837696405","靴下","570"
"9316188085199","4527837535315","靴下","570"
"9316188085198","4527837707217","靴下","570"
"9316188085197","4970381510749","パズルフレーム　950p用　どんぐり","6010"
"9316188085196","4970381146726","トトロ「大クスノキの社」　50×75cm","3700"
"9316188085195","4970381143176","1000pcs  トトロとおひるね","3700"
"9316188085194","4970381154288","950pcs  ハウルのひみつの庭","3700"
"9316188085193","4970381144456","500ピースパズル　どこへ届けるの","2550"
"9316188085192","4970381519988","500ピースパズル　遥かな大地","2780"
"9316188085191","4970381185886","352ピースパズル　シシ神の森","2080"
"9316188085190","4970381524159","アートジグソーパズル　店番","4390"
"9316188085189","4970381516482","クムクムパズル　雨よけトトロ","1510"
"9316188085188","4970381500603","まめパズル　店番","1740"
"9316188085187","4970381507114","クリアまめパズル　トトロと一緒","1970"
"9316188085186","4970381163242","1000ピースパズル　洗濯完了","3700"
"9316188085185","4970381513870","1000ピースポスターパズル　ギブリーズ　","3240"
"9316188085184","4970381143053","300ピースパズル　店番","1850"
"9316188085183","4970381172633","トトロ「空にひびけ」26×38","1850"
"9316188085182","4970381172640","300ピースパズル　コリコの町が好き！","1850"
"9316188085181","4970381179502","300ピースパズル　迎えにきたハク","1850"
"9316188085180","4970381513740","ポスターパズルコレクション1000p ナウシカ","3240"
"9316188085179","4970381516949","108ピース　えんがちょ","1620"
"9316188085178","4970381524203","アートボードパズル　ネコバス到着","4390"
"9316188085177","4970381524173","アートボードパズル　トンネルの向こう","4390"
"9316188085176","4970381717360","ハイキュー福岡カンバッチ","660"
"9316188085175","4550337056394","マスコットHカラー　こぎみゅん","1320"
"9316188085174","4548626187096","ぬいぐるみファスナーマスコット　クロミ","1410"
"9316188085173","4550624320429","ハローキティマスコット　ふわしゃかきっず","2200"
"9316188085172","4550624174725","ミニマスコットハート　クロミ","1100"
"9316188085171","4550624174909","ミニマスコットハート　ハンギョドン","1100"
"9316188085170","4550624174855","ミニマスコットハート　ポチャッコ　","1100"
"9316188085169","4548643208255","マスコットコレクション　クロミわーん","2200"
"9316188085168","4548643191236","ラベンダードリームマスコット　シナモンロール","2530"
"9316188085167","4905330529053","ノコノコマスコット","1650"
"9316188085166","4905330122520","カービイマスコット　ジャンプ","1320"
"9316188085165","4974475949538","どんどこ踊り　大トトロ　M","6380"
"9316188085164","4974475949637","どんどこ踊り　大トトロ　L","9680"
"9316188085163","4974475949835","どんどこ踊り　中トトロ　M","6050"
"9316188085162","4974475949736","どんどこ踊り　中トトロ　S","4070"
"9316188085161","4974475949439","どんどこ踊り　大トトロ　S","4620"
"9316188085160","4974475730938","ネコバスのお家　M","4950"
"9316188085159","4550451303060","ベビーマスコット　キーホルダー","1320"
"9316188085158","4990593516919","千と千尋の神隠しキーホルダー　坊ネズミとハエドリ","1540"
"9316188085157","4970381702182","おきあがりこぼし　カオナシ","2080"
"9316188085156","4970381702199","おきあがりこぼし　ジジ","2550"
"9316188085154","4550451303053","サンリオ　ベビーマスコットキーホルダー　ポチャッコ","1320"
"9316188085153","4550451303084","サンリオ　ベビーマスコットキーホルダー　ハンギョドン","1320"
"9316188085152","4550451303039","サンリオ　ベビーマスコットキーホルダー　マイメロ","1320"
"9316188085151","4550451303046","サンリオ　ベビーマスコットキーホルダー　クロミ","1320"
"9316188085150","4550451303091","サンリオ　ベビーマスコットキーホルダー　バツ丸","1320"
"9316188085149","4550451303077","サンリオ　ベビーマスコットキーホルダー　ポムポムプリン","1320"
"9316188085148","4550451303022","サンリオ　ベビーマスコットキーホルダー　キティ","1320"
"9316188085147","4550451292166","サンリオ　ベビーぬいぐるみ　キティ","1650"
"9316188085146","4550451292210","サンリオ　ベビーぬいぐるみ　ポムポムプリン","1650"
"9316188085145","4550451292203","サンリオ　ベビーぬいぐるみ　ポチャッコ","1650"
"9316188085144","4550451292180","サンリオ　ベビーぬいぐるみ　マイメロ","1650"
"9316188085143","4550451292197","サンリオ　ベビーぬいぐるみ　シナモン","1650"
"9316188085142","4550451292173","サンリオ　ベビーぬいぐるみ　クロミ","1650"
"9316188085141","4589573930779","お守りヘルメットキーホルダー","550"
"9316188085140","4973307649561","コップ袋　トトロ","800"
"9316188085139","4973307564659","箸箱　ジジ　ボタニカル","780"
"9316188085138","4970381496623","おきあがりこぼし　中トトロ","1740"
"9316188085137","4970381711368","印鑑立て　トトロと池のほとり","4320"
"9316188085136","4970381803018","折り紙セット　トトロ","910"
"9316188085135","4990593515431","ピアス　スイーツ","2800"
"9316188085134","4973307644634","ステンレスタンブラー","3640"
"9316188085133","4973307645204","ステンレスタンブラーs","2510"
"9316188085132","4973307645228","ステンレスタンブラー　s","2510"
"9316188085131","4973307535918","コーヒータンブラーS 350ml トトロ","3640"
"9316188085130","4974475912532","大トトロ　リュック","9900"
"9316188085129","4970381804749","マトリョーシカ　トトロ","6360"
"9316188085128","4992272735840","エコバック　大トトロパターン","2050"
"9316188085127","4548626243471","サンリオ　ハートシェイカー","940"
"9316188085126","4548626243488","サンリオ　ハートシェイカーキーホルダー","940"
"9316188085125","4548626243464","ハートシェイカーKHキティ","940"
"9316188085124","4548626243501","ハートシェイカーKHハンギョドン","940"
"9316188085123","4548626243495","ハートシェイカーKHシナモン","940"
"9316188085122","4548626243518","ハートシェイカーKH","940"
"9316188085121","4974475839037","クッション　ネコバス","3850"
"9316188085120","4992272736007","ポーチ　屋根の下で","1710"
"9316188085119","4970381523510","ペーパーシアター　サン","2310"
"9316188085118","4974475950435","ふんわりお手玉　オオトリさま","2200"
"9316188085117","4974475950534","ふんわりお手玉　坊ネズミ","2860"
"9316188085116","4974475838832","クッション　中トトロ","3300"
"9316188085115","4974475838733","クッション　大トトロ","4180"
"9316188085114","4974475839136","クッション　ジジ","3300"
"9316188085113","4573256428622","ちいかわキーホルダーT","990"
"9316188085112","4573256428608","ちいかわキーホルダーM","990"
"9316188085111","4573256428561","ちいかわキーホルダーH","990"
"9316188085110","4573256428592","ちいかわキーホルダーR","990"
"9316188085109","4573256428578","ちいかわキーホルダーK","990"
"9316188085108","4573256428639","ちいかわキーホルダーY","990"
"9316188085107","4573256428554","ちいかわキーホルダーC","990"
"9316188085106","4573256428585","ちいかわキーホルダーN","990"
"9316188085105","4200434573256428639","ちいかわ　アルファベットキーホルダーＹ","990"
"9316188085104","4200424573256428622","ちいかわ　アルファベットキーホルダーＴ","990"
"9316188085103","420040457325642608","ちいかわ　アルファベットキーホルダーＭ","990"
"9316188085102","4200394573256428592","ちいかわ　アルファベットキーホルダーR","990"
"9316188085101","420038457326428585","ちいかわ　アルファベットキーホルダーN","990"
"9316188085100","4200374573256428578","ちいかわ　アルファベットキーホルダーＫ","990"
"9316188085099","4200364573256428561","ちいかわアルファベットキーホルダーＨ","990"
"9316188085098","4200354573256428554","ちいかわ　アルファベットキーホルダーＣ","990"
"9316188085097","4974475924139","大トトロ　吠え　S","3960"
"9316188085096","4943741003410","暖簾トトロ　服招き　だるま","3390"
"9316188085095","4943741003434","暖簾トトロ　服招き　ひょうたん","3390"
"9316188085094","4970381802714","シーンがいっぱいトランプ　魔女の宅急便","1160"
"9316188085093","4974475822039","ふんわり大トトロ　笑い　s","3080"
"9316188085092","4549743887951","クリアファイル　屋根の上のネコバス","390"
"9316188085091","4549743794761","クリアファイル　サボイア","390"
"9316188085090","4550621239595","ペンポーチ　トトロ","2280"
"9316188085089","4549743384856","マスキングテープ　トトロ","860"
"9316188085088","4549743933429","マグネットフック　ロボット兵","1940"
"9316188085087","4549743910918","モノグラフ　トトロ","1030"
"9316188085086","4589573948750","ナンバープレート　マグネット","660"
"9316188085085","4589573948781","ナンバープレート　アクリルボーチェーン","550"
"9316188085084","4589573948774","ナンバープレート　ピンズ","440"
"9316188085083","4589573948767","ナンバープレートステッカー","330"
"9316188085082","4589573948859","カステラ君ＢＰ.ＳＰセット","660"
"9316188085081","9316188085081","ビードロ　45MM","1540"
"9316188085080","9316188085080","ビードロミニ","1320"
"9316188085079","4549743952482","A4クリアファイル　空飛ぶキキ　","400"
"9316188085078","4991567101537","しんちゃん　ハンカチ","770"
"9316188085077","4974507367835","にゃがさきドレッシング","1120"
"9316188085076","4954043147115","千と千尋の神隠し　ジブリ缶カオナシ","690"
"9316188085075","4954043138861","根付けストラップ　小トトロA","800"
"9316188085074","4589573948644","カステラくんマンホールマグネット","550"
"9316188085073","4992272741308","豆タオル　ジジ","450"
"9316188085072","4550376130741","しんちゃん　明太子キャラックス　靴下","550"
"9316188085071","4580397889496","進撃の巨人　リングキーホルダー　カステラ","440"
"9316188085070","4992272758771","ガーゼタオル　千と千尋の神隠し","1710"
"9316188085069","4992272649444","ヘアバンド　クロスケとトトロ","1710"
"9316188085068","4992272788600","口金ポーチ　ジジ","3410"
"9316188085067","4970381701574","レースブレスレット 中トトロ","1510"
"9316188085066","4970381701567","レースブレスレット 大トトロ","1510"
"9316188085065","4970381701581","レースブレスレット 小トトロ","1510"
"9316188085064","4970381701598","レースブレスレット ジジ","1510"
"9316188085063","4970381701611","レースブレスレット ドワーフ王　","1510"
"9316188085062","4988008208047","CD　スタジオジブリの歌","4180"
"9316188085061","4988008980530","サウンドトラック　崖の上のポニョ","3300"
"9316188085060","4988008395440","サウンドトラック　君たちはどう生きるか","3300"
"9316188085059","4959241752949","BD 千と千尋の神隠し","7480"
"9316188085058","4959241784711","BD 君たちはどう生きるか","7480"
"9316188085057","4959241756831","DVD 平成たぬき合戦ぽんぽこ","5170"
"9316188085056","4959241784728","DVD 君たちはどう生きるか","5170"
"9316188085055","4959241753045","DVD もののけ姫","5170"
"9316188085054","4959241753076","DVD 千と千尋の神隠し","5170"
"9316188085053","4959241981547","DVD コクリコ坂から","5170"
"9316188085052","4970381523084","ペーパーシアター　どんどこおどり","2310"
"9316188085051","4974475730631","トトロのお家　切り株　S","2640"
"9316188085050","4974475957038","和風お手玉　オオトリさま","2640"
"9316188085049","4974475956734","和風お手玉　小トトロ","2200"
"9316188085048","4974475956635","和風お手玉　中トトロ","2640"
"9316188085047","4974475956536","和風お手玉　大トトロ","2640"
"9316188085046","4974475956833","和風お手玉　ジジ","2750"
"9316188085045","4970381522902","ペーパーシアター　オカリナを吹くトトロ","2310"
"9316188085044","4970381802738","シーンがいっぱい　トランプ　もののけ姫","1160"
"9316188085043","4512945569567","アクリルキーホルダー　ミッキー","720"
"9316188085042","4970381520533","のせキャラ　ラピュタ","3820"
"9316188085041","4548626249619","しんちゃん　３連チャームキーホルダー","970"
"9316188085040","4548626249602","しんちゃん　３連チャームキーホルダー　","970"
"9316188085039","4522654180656","モンチッチ×キティー　ボアパスケース","2200"
"9316188085038","4522654180687","モンチッチ×キティー　クリアポーチ","2200"
"9316188085037","4522654180670","モンチッチ×キティー　クリアポーチ","2200"
"9316188085036","4522654180663","モンチッチ×キティーボアパスケース","2200"
"9316188085035","4522654180632","モンチッチ×キティーボアサコッシュ","2200"
"9316188085034","4522654180649","モンチッチ×キティーボアサコッシュ","2200"
"9316188085033","4513266172306","ポケモン　カラビナ付きヌイグルミポーチ　イーブイ","2200"
"9316188085032","4990593510801","ちいぼうし　ネコバス","3810"
"9316188085031","4550337908143","マイメロディ　フェイスキーホルダー","500"
"9316188085030","4550337908754","シナモン　フェイスキーホルダー","500"
"9316188085029","4550337908389","ポムポムプリン　フェイスキーホルダー","500"
"9316188085028","4550337910580","タキシードサム　 フェイスキーホルダー","500"
"9316188085027","4582606246632","モダンプレート　レトロマグネット　長崎","550"
"9316188085026","4970381523121","ペーパーシアター　トトロのほこら","3120"
"9316188085025","4970381523039","ペーパーシアター　不思議な出会い","2080"
"9316188085024","4589573930199","カステラくんおみくじキーホルダー","440"
"9316188085023","4548626246885","キティカラビナ付きぬいぐるみファスナーマスコット","1410"
"9316188085022","4974475909037","ふかふか　がまぐち　ネコバス","2640"
"9316188085021","4991567015469","ご当地　キティ　PUレザーKH２個セット","880"
"9316188085020","4550376130765","ご当地　しんちゃん　明太子ステッカー","440"
"9316188085019","4991567015629","ご当地　シナモ　キラ色キャストチャーム","770"
"9316188085018","4991567015636","ご当地　クロミ　キラ色キャストチャーム","770"
"9316188085017","4991567628065","ご当地サンリオ　５本箸セット","1430"
"9316188085016","49915671015444","ご当地プチジャガードタオル　しんちゃん　明太子","770"
"9316188085015","4991567015476","ご当地プチジャガードタオル　ポッチャコ","770"
"9316188085014","4991567140963","ご当地キティ　kids　靴下","1100"
"9316188085013","4548678914275","お絵かきさん　カステラミニタオル","440"
"9316188085012","4548626231065","しんちゃん　カラビナ付きぬいぐるみマスコット　ひつじ","1410"
"9316188085011","4548626231058","しんちゃん　着ぐるみ巾着　ひつじ","1410"
"9316188085010","4545403573974","サンリオチョコレートマスコットチャーム","860"
"9316188085009","4545403573981","サンリオチョコレートマスコットチャーム","860"
"9316188085008","4545403573967","サンリオチョコレートマスコットチャーム","860"
"9316188085007","4545403573950","サンリオチョコレートマスコットチャーム","860"
"9316188085006","4545403573943","サンリオチョコレートマスコットチャーム","860"
"9316188085005","4545403573936","サンリオチョコレートマスコットチャーム","860"
"9316188085004","4545403574049","サンリオチョコレートハンドミラー","1630"
"9316188085003","4545403574032","サンリオチョコレートハンドミラー","1630"
"9316188085002","4545403574018","サンリオチョコレートハンドミラー","1630"
"9316188085001","4545403574001","サンリオチョコレートハンドミラー","1630"
"9316188085000","4545403573998","サンリオチョコレートハンドミラー","1630"
"9316188084999","458626246885","キティーカラビナ付きヌイグルミファスナーマスコット","1410"
"9316188084998","4571542991508","キティーフェイスマスコットストラップ","2640"
"9316188084997","4571542991492","キティーフェイスマスコットストラップ","2640"
"9316188084996","4571542991485","キティーフェイスマスコットストラップ","2640"
"9316188084995","4571542991478","キティーフォンストラップ","2200"
"9316188084994","4571542991461","キティーフォンストラップ","2200"
"9316188084993","4571542991430","キティースタイルアップ　マスコット","2640"
"9316188084992","4571542991423","キティースタイルアップ　マスコット","2640"
"9316188084991","4571542991416","キティースタイルアップ　マスコット","2640"
"9316188084990","4571542991409","キティースタイルアップ　マスコット","2640"
"9316188084989","4974475874137","ふんわりお手玉　ヤックル","2200"
"9316188084988","4589767660925","モンチッチ　マスコット　チャンポン","1430"
"9316188084987","4589767660932","モンチッチ　マスコット　カステラ","1430"
"9316188084986","4550376074168","クレヨンしんちゃん　靴下　長崎　カステラ　キッズ","600"
"9316188084985","4518003041211","折りたたみ傘","1100"
"9316188084984","4573205126753","ファグラーキーリング　うさぎ","990"
"9316188084983","4548643205322","クロミ　mc","2420"
"9316188084982","4949827431757","しんちゃんぎゅっとマスコット　しんのすけ","1850"
"9316188084981","4949827431764","しんちゃんぎゅっとマスコット　パジ ","1850"
"9316188084980","4544815080087","しんちゃんラバーKH  しんのすけ ","1080"
"9316188084979","4544815080131","しんちゃんラバーKH  ぶりぶりざえもん ","1080"
"9316188084978","4949827431795","しんちゃんぎゅっとマスコット　","1850"
"9316188084977","4990593510818","ちい帽子　小トトロ","3810"
"9316188084976","4990593510825","ちい帽子　小トトロ","3810"
"9316188084975","4990593510795","ちい帽子　中トトロ","3810"
"9316188084974","4990593510788","ちい帽子　大トトロ","3810"
"9316188084973","4990593510740","メイちゃん帽子","4030"
"9316188084972","1111","サングラス","1210"
"9316188084971","4905330037534","ポケモン・マスコット・パモ","1650"
"9316188084970","4905330037510","ポケモン・マスコット・ゲンガー","1650"
"9316188084969","4905330037527","ポケモン・マスコット・イーブイ","1650"
"9316188084968","4990593411191","魔法の円盤グラス","1790"
"9316188084967","4973307550577","トトロ　れんげ","720"
"9316188084966","4990593427222","リボンターバン","1680"
"9316188084965","4970381493912","ジジ　印鑑立て","2310"
"9316188084964","4947864112721","しんちゃんマグネット　福岡","770"
"9316188084963","4947864112769","しんちゃんマグネット　鹿児島","770"
"9316188084962","4947864112738","しんちゃんマグネット　宮崎","770"
"9316188084961","4947864112752","しんちゃんマグネット　大分","770"
"9316188084960","4947864112745","しんちゃんマグネット　熊本","770"
"9316188084959","4947864112714","しんちゃんマグネット　長崎","770"
"9316188084958","4943741001720","暖簾パイルトトロ","3390"
"9316188084957","4973307601811","箸ケース　もののけ姫　お面","1100"
"9316188084956","4930972600266","ぷっくりったい ちいかわ 「モモンガ」","880"
"9316188084955","4991567622063","タオル　シナモン(カステラ すいとっばい)","550"
"9316188084954","4549743692876","ハウルの動く城　クリアファイル/レトロフレーム","520"
"9316188084953","4990593515448","ハウル　ピアス","2800"
"9316188084952","4550451243298","にこぬい　エイ","1380"
"9316188084951","4550451118930","にこぬい　シカ","1190"
"9316188084950","4550451103660","にこぬい　ミーアキャット","1190"
"9316188084949","4550451103707","にこぬい　コアラ","1190"
"9316188084948","4550451159667","にこぬい　ブタ","1190"
"9316188084947","4550451255116","にこぬい　マイメロ","1870"
"9316188084946","4550451243328","にこぬい　ラッコ","1540"
"9316188084945","4550451255093","にこぬい　キティ","1870"
"9316188084944","4550451243311","にこぬい　ペンギン　　","1380"
"9316188084943","4570085454709","ちいかわ　靴下　温泉","590"
"9316188084942","4550451255109","ニコヌイ　クロミ","1870"
"9316188084941","4562443356497","パンダチョコボール","710"
"9316188084940","4550451243304","カワウソ2個ぬいKH","1380"
"9316188084939","4536283147065","尾曲がり猫Ｔシャツ","2750"
"9316188084938","4536283515185","佐世保バーガー　アクリルＫＨ","660"
"9316188084937","4990593357673","ヘアゴム　クローバー","560"
"9316188084936","4990593357697","ヘアゴム　さくらんぼ","690"
"9316188084935","4990593357703","ヘアゴム　出発の夜","560"
"9316188084934","4990593469406","オルゴール　バロン","14540"
"9316188084933","4990593515424","トトロ　オープニングピアス","2800"
"9316188084932","4990593385423","ハウル　リングセット13号","2460"
"9316188084931","4990593453498","カラーリールパス　トトロ","2460"
"9316188084930","4990593453481","カラートートバッグ　ハウル","4480"
"9316188084929","7044336","カラートートバッグ　ハウル","4480"
"9316188084928","4990593453450","カラートートバッグ　トトロ","4480"
"9316188084927","4589573948651","マンホールマグネット　長崎","550"
"9316188084926","4546598552294","コナン　ミニタオル3枚セット長崎","1200"
"9316188084925","4992272741285","豆タオル ネコバス","450"
"9316188084924","4570198780955","チャイナパンダボールチェーン","660"
"9316188084923","4963210183733","軍艦島キャラメルクッキー","780"
"9316188084922","4954043143551","ロボット兵　メタルキーリング","3070"
"9316188084921","4964621170411","カステラサイダー　1本","350"
"9316188084920","4993065724867","カステラ味ポテトチップ","600"
"9316188084919","4550621195402","エナージェル　千尋","1030"
"9316188084918","4550621195419","エナージェル　ハウル","1030"
"9316188084917","4550621195396","エナージェル　もののけ姫","1030"
"9316188084916","4970381523336","ペーパーシアター　ウッド　千尋","8090"
"9316188084915","4970381513832","パズル　もののけ姫","3240"
"9316188084914","4970381513788","パズル　魔女","3240"
"9316188084913","4970381516727","パズル　千尋　海原鉄道","1620"
"9316188084912","4970381510077","パズルフレーム1000ピース用　どんぐり","6010"
"9316188084911","4970381510107","パズルフレーム1000ピース用　葡萄","6010"
"9316188084910","4970381516062","パズル　トトロとおひるね","1620"
"9316188084909","4970381523480","ペーパーシアター　ウッドスタイル　ハウル","4160"
"9316188084908","4970381523015","ペーパーシアター　ウッドスタイル　魔女","4160"
"9316188084907","4990593434725","しょうゆ皿　カオナシ　","1120"
"9316188084906","4990593480456","鍵かけ　木陰のトトロ","5600"
"9316188084905","4990593480463","鍵かけ　アンティークポール","5600"
"9316188084904","4990593470181","貯金箱　大トトロ","4480"
"9316188084903","4990593453085","貯金箱　ジジ","4250"
"9316188084902","4970381713942","おきあがりこぼし","1250"
"9316188084901","4985089093982","長崎風情","1390"
"9316188084900","4961524879373","フリーカップ　緑","4130"
"9316188084899","4549743933436","マグネットフック","1710"
"9316188084898","4549743933443","マグネットフック","1710"
"9316188084897","4550621019753","ハウルの動く城　ジェットストリーム","2570"
"9316188084896","4992272741261","豆タオル　　中トトロ","450"
"9316188084895","4549743384863","マスキングテープ　魔女の宅急便","860"
"9316188084894","4549743384870","マスキングテープ　紅の豚","860"
"9316188084893","4549743384894","マスキングテープ　もののけ姫","860"
"9316188084892","4549743384887","マスキングテープ　耳をすませば","860"
"9316188084891","4970381802745","トランプ　千と千尋の神隠し","1160"
"9316188084890","4961524887088","千と千尋の神隠し　　ふせんセット","570"
"9316188084889","455045128002","浮き輪キーホルダー　クロミ","970"
"9316188084888","4550451279990","浮き輪キーホルダー　シナモ","970"
"9316188084887","4550451279976","浮き輪キーホルダー　キティ","970"
"9316188084886","4550451279983","浮き輪キーホルダー　キティ","970"
"9316188084885","4930972600303","ちいかわ　ぷっくりったいキーホルダー　ラッコ","880"
"9316188084884","4930972600273","ちいかわ　ぷっくりったいキーホルダーくりまんじゅう","880"
"9316188084883","4930972600242","ちいかわ　ぷっくりったいキーホルダー　モモンガ","880"
"9316188084882","4930972600259","ちいかわ　ぷっくりったいキーホルダー　うさぎ","880"
"9316188084881","4930972600235","ちいかわ　ぷっくりったいキーホルダー　ちいかわ","880"
"9316188084880","4571188137919","ゆきお　ぬいぐるみ","2530"
"9316188084879","4994643128145","ハートねこペア根付","1160"
"9316188084878","4549743371801","トトロ　ジェットストリーム　葉っぱの上","580"
"9316188084877","4970381509309","千と千尋　ジグソーパズル1000P 「さよなら油屋」","3700"
"9316188084876","4534114198880","舞妓さんマグネット","770"
"9316188084875","4534114198927","着物マグネット","1100"
"9316188084874","4990593504664","トトロ　本染手拭い　玉桜","3140"
"9316188084873","4990593355815","大湯呑み　トンネルの向こう　千と千尋","2460"
"9316188084872","4990593183043","湯呑み　となりのトトロならべ","2020"
"9316188084871","4990593183050","湯呑み　千と千尋の神隠しならべ","2020"
"9316188084870","4990593425365","もののけ姫　フェイスマグネット","1350"
"9316188084869","4973307476037","塗汁わん　カオナシ","1140"
"9316188084868","4990593498147","紅の豚　サーモマグ　電話中","4700"
"9316188084867","4974475907538","ミニマグネット　ネコバス","880"
"9316188084866","4994643117835","縁結び黒猫","610"
"9316188084865","4994643118443","花カメ","660"
"9316188084864","4994643117279","元気でカエル","770"
"9316188084863","4974475643634","スタイ 大トトロ 笑い","2420"
"9316188084862","4994643140987","2連にゃんこストラップ","990"
"9316188084861","4994643140994","縁結びブタ","660"
"9316188084860","4994643128954","ピカピカぶた","800"
"9316188084859","4994643127803","フクロウ　赤","660"
"9316188084858","4994643127773","フクロウ根付　緑","660"
"9316188084857","4974475597531","リールパス　ポニョ","1980"
"9316188084856","4991733093451","モケケ　モケッチ(ストラップ) チウ","660"
"9316188084855","4991567010129","ご当地プチジャガードタオル　クロミ","770"
"9316188084854","4991567015278","ご当地プチジャガードタオル　キティ","770"
"9316188084853","4938853500414","ご当地靴下　けろっぴ","660"
"9316188084852","4549479053668","しんちゃん　巾着　","660"
"9316188084851","4549479055129","もじゃじゃ","400"
"9316188084850","4544815080032","しんちゃん　箸","610"
"9316188084849","4544815080025","しんちゃん　箸","610"
"9316188084848","4544815080018","しんちゃん　箸","610"
"9316188084847","544815078237","サンリオ将軍シリーズ　ラバーリシナモシナモ","1080"
"9316188084846","4544815078213","サンリオ将軍シリーズ　ラバーリール　マイメロ","1080"
"9316188084845","4974475866132","黒猫ジジ","4400"
"9316188084844","4990593483273","いたずらジジのお花あそび","4700"
"9316188084843","4990593502646","ジジの赤い手押し車","9710"
"9316188084842","4990593449736","一輪挿し　トトロ","3470"
"9316188084841","4990593449743","一輪挿し　ジジ","3470"
"9316188084840","4970381524265","のせキャラ　トトロ","3820"
"9316188084839","4970381197339","アートクリスタルジグソー126P 上昇気流にのって","870"
"9316188084838","4970381802516","リバーシゲーム　トトロ","3470"
"9316188084837","4970381802530","リバーシゲーム　千尋","3470"
"9316188084836","4970381524081","アートボードジグソー　トトロにのって","4390"
"9316188084835","4970381802523","リバーシゲーム　魔女","3470"
"9316188084834","4970381802943","おでかけパズルセット","1850"
"9316188084833","4975946352796","ペーパーウェイト","5960"
"9316188084832","4975946284592","ペーパーウェイト","5960"
"9316188084831","4975946284608","ペーパーウェイト","5960"
"9316188084830","4970381523503","ペーパーシアター　アシタカ","2310"
"9316188084829","4970381522988","ペーパーシアター　木いちご摘み","2200"
"9316188084828","4970381523404","ペーパーシアター　キキ","2310"
"9316188084827","4970381523152","ペーパーシアター　どんぐりみっけ","2200"
"9316188084826","4970381523169","ペーパーシアター 木陰のひととき　","2200"
"9316188084825","4970381523435","ペーパーシアター 黒猫　","2200"
"9316188084824","4970381523527","ペーパーシアター　ディダラボッチ4160","4160"
"9316188084823","4973307550560","土鍋","5120"
"9316188084822","4988008604535","サウンドトラック　千尋","3150"
"9316188084821","4988008784138","サウンドトラック　トトロ","2620"
"9316188084820","4544815066166","カービィ　バスボール","610"
"9316188084819","4571542992031","ホイッピ＆ラッピもふもふミラーマスコット","1980"
"9316188084818","4571542992024","ホイッピ＆ラッピもふもふミラーマスコット","1980"
"9316188084817","4571542992017","ホイッピ＆ラッピリール付きマスコット","2200"
"9316188084816","457154992000","ホイッピ＆ラッピリール付きマスコット","2200"
"9316188084815","4571542991997","ホイッピ＆ラッピぬいぐるみポーチ","2200"
"9316188084814","4571542991980","ホイッピ＆ラッピぬいぐるみポーチ","2200"
"9316188084813","4571542992116","ホイッピ＆ラッピもふもふフォトキーホルダー","1540"
"9316188084812","457154292109","ホイッピ＆ラッピもふもふフォトキーホルダー","1540"
"9316188084811","4571542992093","ホイッピ＆ラッピもふもふヘアクリップ","1540"
"9316188084810","4571542992086","ホイッピ＆ラッピもふもふヘアクリップ","1540"
"9316188084809","4571542992055","ホイッピ＆ラッピもふもふ巾着","1540"
"9316188084808","4571542992048","ホイッピ＆ラッピもふもふ巾着","1540"
"9316188084807","4990593471348","千と千尋の神隠し  ki-gu-mi  油屋","16690"
"9316188084806","4990593449675","小トトロジョーロ","3020"
"9316188084805","4970381496609","のせキャラ","3820"
"9316188084804","4573205126777","ファグラーキーリング","990"
"9316188084803","4573205126784","ファグラーキーリング　うさぎ","990"
"9316188084802","4573205126739","ファグラーキーリング　パープル","990"
"9316188084801","4573205126760","ファグラーキーリング　ホワイト","990"
"9316188084800","4573205126791","ファグラーキーリング　イエロー","990"
"9316188084799","4573205126814","ファグラーキーリング　グレー","990"
"9316188084798","4573205126746","ファグラーキーリング　レオパード","990"
"9316188084797","4573205126807","ファグラーキーリング　ブラック","990"
"9316188084796","4545403571659","サンリオ　さがらキーホルダー　ポムポムプリン","1410"
"9316188084795","4545403571628","サンリオ　さがらキーホルダー　ハローキティ","1410"
"9316188084794","4545403571666","サンリオ　さがらキーホルダー　シナモロール","1410"
"9316188084793","4545403571635","サンリオ　さがらキーホルダー　マイメロディ","1410"
"9316188084792","4545403571642","サンリオ　さがらキーホルダー ポチャッコ　","1410"
"9316188084791","4580236848851","みにちゅあーとキット　エンガチョ","3870"
"9316188084790","4990593449699","プランターカバー　トトロのお届け　よいこらしょ　","6930"
"9316188084789","4990593502653","ペンたて　ネコバスのび","5600"
"9316188084788","4990593502639","一輪挿し　森のじゃぐち　","5200"
"9316188084787","4990593453979","カルシファーコースター","1680"
"9316188084786","4990593239146","トトロ　大湯呑み　どんどこ踊り","2460"
"9316188084785","4973307657740","かやふきん　中トトロ","1140"
"9316188084784","4990593470198","カオナシ　むしゃむしゃ貯金箱","7270"
"9316188084782","4990593449873","クリップホルダー　傘持ちトトロ","3360"
"9316188084781","4970381704490","印鑑立て　湯婆婆","3470"
"9316188084780","4548626236688","ネネちゃんうさぎ　カラビナ付きマスコット","1410"
"9316188084779","4975946420495","11㎝ボウル","1790"
"9316188084778","4975946420501","11㎝ボウル","1790"
"9316188084777","4975946420488","11㎝ボウル","1790"
"9316188084776","4975946420464","11㎝ボウル","1790"
"9316188084775","4975946420525","11㎝ボウル","1790"
"9316188084774","4975946411950","27㎝プレート　トマト","4770"
"9316188084773","4975946361521","マグカップ　きのこ","3580"
"9316188084772","4975946361644","マグカップ　黄昏","3580"
"9316188084771","4990593426508","ミニフライパン","2460"
"9316188084770","4990593468317","コースター","1680"
"9316188084769","4990593468362","鍋敷き","3690"
"9316188084768","4990593486830","ブック型ポーチ","3470"
"9316188084767","4990593500918","木製スプーン","2020"
"9316188084766","4970381187347","アートクリスタルパズル126P","870"
"9316188084765","4990593491971","トートバッグ ヒン　","4480"
"9316188084764","4956642791812","い草平枕 たんぽぽ","2820"
"9316188084763","4956642791805","い草俵枕 たんぽぽ","3390"
"9316188084762","4550317750618","い草俵枕","3390"
"9316188084761","4550317750601","い草平枕","2820"
"9316188084760","4550451309437","ふわふわねこちゃんＫＨイエロー","660"
"9316188084759","4550451309413","ふわふわねこちゃんＫＨホワイト","660"
"9316188084758","4550451309420","ふわふわねこちゃんＫＨブルー","660"
"9316188084757","4550317043598","い草シート","2820"
"9316188084756","4956642661474","い草シート","2820"
"9316188084755","4550451309451","ふわふわねこちゃんＫＨパープル","660"
"9316188084754","4550451309406","ふわふわねこちゃんＫＨピンク","660"
"9316188084753","4991567606445","タオル　キティ　好いと～","550"
"9316188084752","4550451309444","ふわふわねこちゃんＫＨレッド","660"
"9316188084751","4580236849872","mini 専用ケース  ","910"
"9316188084750","4973307458507","ストロー付きタンブラー","1140"
"9316188084749","4973307631498","ストローマグ","2160"
"9316188084748","4973307616235","4p コップセット　トトロ","1710"
"9316188084747","4973307497520","巾着　トトロ","1030"
"9316188084746","4973307554438","耳すま　ランチボックス","1140"
"9316188084745","4973307554469","保冷バッグ","1710"
"9316188084744","4973307631443","保冷バッグ","1710"
"9316188084743","4973307645167","保冷バッグ","1710"
"9316188084742","4973307525643","箸","470"
"9316188084741","4973307649646","おしぼり","970"
"9316188084740","4973307657924","冷茶ポット","2110"
"9316188084739","4973307647925","カフェ丼ランチジャー","4390"
"9316188084738","4973307657047","ランチ巾着","1140"
"9316188084737","4973307658570","弁当箱","1140"
"9316188084736","4970381336288","ハイキュー　","550"
"9316188084735","4973307274220","ランチバッグ","2510"
"9316188084734","4548643207241","ケアベア　ピンク","1870"
"9316188084733","4548643207265","ケアベア　青","1870"
"9316188084732","4973307645297","ラク軽弁当箱S トトロ（木の実）","1140"
"9316188084731","4973307658648","4点ランチボックス　トトロ（行進）","1940"
"9316188084730","4973307649400","箸箱セットポニョ（姉妹）","910"
"9316188084729","4973307547690","不織布ランチトートカオナシ","1710"
"9316188084728","4973307649660","不織布ランチトートネコバス","1710"
"9316188084727","4973307616228","行楽ランチセット","5460"
"9316188084726","4973307631696","レジャーシート","6030"
"9316188084725","4973307631849","レジャーシート","6030"
"9316188084724","13","くず餅バー","450"
"9316188084723","4970381710163","ころ鈴根付け　ススワタリ","1140"
"9316188084722","4973307490835","タンブラー M カオナシ","2780"
"9316188084721","4582231414154","カステラくんマスコット","880"
"9316188084720","4974475903035","ふんわりお手玉　小トトロ","1760"
"9316188084719","4582698661153","マスコット　モモンガ","1980"
"9316188084718","4571474810588","ちょうちん　長崎　マグネット","550"
"9316188084717","4545403574667","モンチッチ　デバイスステッカー","640"
"9316188084716","4548626236671","しんちゃん　カラビナ付きマスコット","1410"
"9316188084715","4548626236695","しんちゃん　カラビナ付きマスコット","1410"
"9316188084714","4548626236668","しんちゃん　カラビナ付きマスコット","1410"
"9316188084713","4548626236664","しんちゃん　カラビナ付きマスコット","1410"
"9316188084712","4548626247318","サンリオ　ファーストラップ　シナモ","1080"
"9316188084711","4548626247295","サンリオ　ファー　ストラップ　マイメロ","1080"
"9316188084710","4548626247301","サンリオファーストラップ1080","1080"
"9316188084709","4546598552270","モケケ　佐世保バーガー","960"
"9316188084707","4949827431672","しんちゃん　スヤスヤクリップ","1100"
"9316188084706","4949827431658","しんちゃん　スヤスヤクリップ","1100"
"9316188084705","4949827431641","しんちゃん　スヤスヤクリップ","1100"
"9316188084704","4949827431634","しんちゃん　スヤスヤクリップ","1100"
"9316188084703","4548643205261","クロミ　ピンクブラックパーティーマスコット","2420"
"9316188084702","4548643205513","はなまるおばけ　カラビナミニポーチ","1980"
"9316188084701","4548643205506","はなまるおばけ　カラビナマスコット","1760"
"9316188084699","4974475514934","リールパス　中トトロ","2200"
"9316188084696","4973307639708","タンブラー L カルシファー","2850"
"9316188084695","4974475950039","ふんわりお手玉　大トトロ笑い","2860"
"9316188084694","4974475950336","ふんわりお手玉　ネコバス","3630"
"9316188084693","4974475950732","ふんわりお手玉　ジジ","2860"
"9316188084692","4548643205292","マイメロフェイスパスケー","2420"
"9316188084691","4548643205254","マイメロmc","2420"
"9316188084690","4548643205308","クロミフェイスパスケー","2420"
"9316188084689","4938853500124","クロミカステラ","660"
"9316188084688","4938853500155","ご当地サンリオ靴下2足セット　カステラ","1100"
"9316188084687","4974475862431","ジブリコレクション　ポルコロッソ","550"
"9316188084686","4974475905039","ふんわり小銭入れ　坊ねずみ","1980"
"9316188084685","4991567013106","ご当地タオル　シナモン教会","880"
"9316188084684","4974475902632","着ぐるみメイちゃん　大トトロ","4730"
"9316188084683","4974475756334","がまぐち　カオナシ","3300"
"9316188084682","4974475904131","ふんわりお手玉　コダマ","2200"
"9316188084681","4957719013752","レモンクルス16枚入","1430"
"9316188084680","4957719013455","レモンクルス8枚入","720"
"9316188084679","4580288928846","電車　キーホルダー","660"
"9316188084678","4550451155508","うまい棒　バスボール","600"
"9316188084677","4974475934534","黒猫　ジジ　S","3190"
"9316188084676","4549743692906","レトロフレーム　耳すま","520"
"9316188084675","4992272903478","タオル枕カバー　カオナシ","2280"
"9316188084674","4992272903485","タオル枕カバー　バロン","2280"
"9316188084673","4992272741384","タオル枕カバー　中トトロ","2280"
"9316188084672","4992272741391","タオル枕カバー　ネコバス","2280"
"9316188084671","4992272741377","タオル枕カバー　大トトロ","2280"
"9316188084670","4992272767964","巾着　大トトロ","1370"
"9316188084669","4992272704181","巾着　トトロ","1370"
"9316188084668","4992272767957","巾着　大トトロ","1370"
"9316188084667","4992272618150","ランチョンマット","1710"
"9316188084666","4992272649819","ランチョンマット","1710"
"9316188084665","4992272773958","エコバッグ","2050"
"9316188084664","4992272755473","巾着","1370"
"9316188084663","4992272788563","ショルダーポーチ","3980"
"9316188084662","4992272788624","ショルダーポーチ","3980"
"9316188084661","4992272767988","巾着","1480"
"9316188084660","4992272433012","ループタオル","570"
"9316188084659","4992272708271","湯上げタオル","2280"
"9316188084658","4992272724349","巾着　トトロ","1370"
"9316188084657","4992272767995","巾着　ネコバス","1370"
"9316188084656","4992272791600","丸太ミニバック","3410"
"9316188084655","4992272573534","バッグ型箱","1710"
"9316188084654","4992272573558","箱型BOX","1710"
"9316188084653","4992272903492","湯上げタオル","2280"
"9316188084652","4992272736106","レジャーシート　トトロ","1010"
"9316188084651","4992272755459","巾着　トトロ","1370"
"9316188084650","4975946311236","魔女の宅急便　ティー・コーヒー碗皿　ブルー","4770"
"9316188084648","4975946107525","23cmプレート　おおいぬのふぐり","5960"
"9316188084647","4975946412001","15.5cmプレート　トマト","1790"
"9316188084646","4975946123518","となりのトトロ　マグ　おおいぬのふぐり","5960"
"9316188084645","4975946274593","となりのトトロ　ミルクティー碗皿　おおいぬのふぐり","7150"
"9316188084644","4975946311212","魔女の宅急便　マグ　ピンク","3580"
"9316188084643","4975946311205","魔女の宅急便　ティー・コーヒー碗皿　ピンク","4770"
"9316188084642","4513266156559","ポケモン　ネックポーチ　ホゲータ","1850"
"9316188084641","4513266156566","ポケモン　ネックポーチ　クワックス","1850"
"9316188084640","4513266156542","ポケモン　ネックポーチ ","1850"
"9316188084639","4550451196501","コナン　バスパウダ―","730"
"9316188084637","4541228445090","仕上がってるシリーズ　金うんち","660"
"9316188084636","4536283132603","豆柴　カステラ　タオルハンカチ　","770"
"9316188084635","4975946412117","飯碗 オクラ","2390"
"9316188084634","4975946412094","飯碗 ナス","2390"
"9316188084633","4548643198860","アニマル　キティ","2200"
"9316188084632","4954043146514","3連キーリング　ポルコ","1600"
"9316188084631","4954043146507","3連キーリング　ロボット兵","1600"
"9316188084630","4954043146477","3連キーリング　とうもろこし","1600"
"9316188084629","4954043146675","本革キーリング　トトロ","1600"
"9316188084628","4954043146552","シングルメタルキーリング小とトロＡ","910"
"9316188084627","4954043146521","シングルメタルキーリング　大トトロＡ","910"
"9316188084626","4954043146361","となりのトトロ12ヶ月ピンバッチ　11月","800"
"9316188084625","4954043146354","となりのトトロ12ヶ月ピンバッチ　10月","800"
"9316188084624","4954043146347","となりのトトロ12ヶ月ピンバッチ　9月","800"
"9316188084623","4954043146330","となりのトトロ12ヶ月ピンバッチ　8月","800"
"9316188084622","4954043146323","となりのトトロ12ヶ月ピンバッチ　7月","800"
"9316188084621","4549743951997","グリーティングカード ラピュタ","570"
"9316188084620","4954043146316","となりのトトロ12ヶ月ピンバッチ　誕生月ピンズ　6月","800"
"9316188084619","4954043146309","となりのトトロ12ヶ月ピンバッチ　誕生月ピンズ　5月","800"
"9316188084618","4954043146293","となりのトトロ12ヶ月ピンバッチ　誕生月ピンズ　4月","800"
"9316188084617","4954043146286","となりのトトロ12ヶ月ピンバッチ　誕生月ピンズ　3月","800"
"9316188084616","4954043146279","となりのトトロ12ヶ月ピンバッチ　誕生月ピンズ　2月","800"
"9316188084615","4954043146262","となりのトトロ12ヶ月ピンバッチ　誕生月ピンズ　1月","800"
"9316188084614","4954043147078","ジブリがいっぱいメタルブローチ　コダマ","1030"
"9316188084613","4954043147061","ジブリがいっぱいメタルブローチ　王蟲　(オーム）","1030"
"9316188084612","4954043147016","ジブリがいっぱいメタルブローチ　ネコバス","1030"
"9316188084611","4954043147009","ジブリがいっぱいメタルブローチ　大トトロ＆小トトロ","1030"
"9316188084610","4954043147054","ジブリがいっぱいメタルブローチ　ススワタリ","1030"
"9316188084609","4954043147047","ジブリがいっぱいメタルブローチ　カオナシ","1030"
"9316188084608","4954043146996","ジブリがいっぱいメタルブローチ　小トトロ","1030"
"9316188084607","4954043146989","ジブリがいっぱいメタルブローチ　中トトロ","1030"
"9316188084606","4954043147030","ジブリがいっぱいメタルブローチ　キキ","1030"
"9316188084605","4954043147023","ジブリがいっぱいメタルブローチ　ジジ","1030"
"9316188084604","4954043146972","ジブリがいっぱいメタルブローチ　トトロきのこ","1030"
"9316188084603","4954043146965","ジブリがいっぱいメタルブローチ　トトロ花","1030"
"9316188084602","4954043146033","ピンバッチ　魔女　ほうき","690"
"9316188084601","4954043146019","ピンバッチ　ジジ　笑顔","690"
"9316188084600","4954043146002","ピンバッチ　ジジ　リボン","690"
"9316188084599","4954043145999","ピンバッチ　ネコバス②","690"
"9316188084598","4954043145944","ピンバッチ　中トトロ＆小トトロ","690"
"9316188084597","4954043145906","ピンバッチ　大トトロ　葉っぱ","690"
"9316188084596","4954043145807","ピンバッチ　大トトロ　はすのせ","690"
"9316188084595","4954043145753","ピンバッチ　大トトロ　飛び","690"
"9316188084594","4954043146255","ジブリがいっぱい顔ピンバッチ　ポニョ　顔","800"
"9316188084593","4954043146224","ジブリがいっぱい顔ピンバッチ　カオナシ　顔","800"
"9316188084592","4954043146200","ジブリがいっぱい顔ピンバッチ　ネコバス　顔","800"
"9316188084591","4954043146194","ジブリがいっぱい顔ピンバッチ　中、小トトロ　顔","800"
"9316188084590","4954043146187","ジブリがいっぱい顔ピンバッチ　トトロ顔","800"
"9316188084589","4954043146439","となりのトトロ　根付ストラップ　ネコバス","800"
"9316188084588","4954043146385","となりのトトロ　根付ストラップ　大トトロＡ","800"
"9316188084587","4954043146880","マグネット　ジジＡ","690"
"9316188084586","4954043146873","マグネット　中トトロどんぐり","690"
"9316188084585","4954043146835","マグネット　小トトロ　実","690"
"9316188084584","4954043146804","マグネット　ネコバス","690"
"9316188084583","4954043146798","マグネット　中、小トトロ　頭上","690"
"9316188084582","4954043145722","ピンバッチ　ネコバス","800"
"9316188084581","4954043145685","ピンバッチ　大トトロ","800"
"9316188084580","4954043146088","ピンバッチ　リース　看板付き　2","800"
"9316188084579","4954043146040","ピンバッチ　ポルコ","690"
"9316188084578","4954043146736","となりのトトロ　メタルチャーム　大トトロきのこ","1600"
"9316188084577","4954043146637","魔女の宅急便　イニシャルキーホルダー　Ｈ","1030"
"9316188084576","4954043146620","魔女の宅急便　イニシャルキーホルダー　Ｎ","1030"
"9316188084575","4549743767116","ペンケース　トトロ","1710"
"9316188084574","4549743767161","ペンケース　ジジ","1710"
"9316188084573","4549743855639","ミニレター　ハウル690","690"
"9316188084572","4990593429509","ポーズがいっぱい　メイ","1350"
"9316188084571","4990593491964","トートバッグ　カオナシ","4480"
"9316188084570","4990593483211","トートバッグ　トトロ","4480"
"9316188084569","4548643199041","タイニーチャームキティ","2200"
"9316188084568","4548643199003","タイニーチャームキティ","2200"
"9316188084567","4548643198990","タイニーチャームキティ","2200"
"9316188084566","4548643199034","タイニーチャームキティ","2200"
"9316188084565","4548643198853","アニマルキティ","2200"
"9316188084564","4548643198877","アニマルキティ","2200"
"9316188084563","4548643198846","アニマルキティ","2200"
"9316188084562","4548643198884","アニマルキティ","2200"
"9316188084561","4571542979872","らぶいーず　キーホルダー","500"
"9316188084560","4544815077971","ポケモン　ラバーリール　カビゴンまんぷく","1080"
"9316188084559","4544815077964","ポケモン　ラバーリール　ゲンガーベロベロ","1080"
"9316188084558","4544815077957","ポケモン　ラバーリール　ピカチュウにこにこ","1080"
"9316188084557","4544815077940","ポケモン　ラバーリール　ピカチュウダッシュ","1080"
"9316188084556","4544815078015","ポケモン　ラバーリール　ウミディグダ","1080"
"9316188084555","4544815078008","ポケモン　ラバーリール　カイオーガ","1080"
"9316188084554","4544815077995","ポケモン　ラバーリール　ヌオー","1080"
"9316188084553","4544815077988","ポケモン　ラバーリール　ラプラス","1080"
"9316188084552","4548626233120","しんちゃん　お菓子パッケージ風ポーチ","750"
"9316188084551","4548626233113","しんちゃん　お菓子パッケージ風ポーチ","750"
"9316188084550","4548626233144","スヌーピー　お菓子パッケージ風ポーチ","750"
"9316188084549","4548626233137","スヌーピー　お菓子パッケージ風ポーチ","750"
"9316188084548","4548626243655","カービィ　お名前バッジ","720"
"9316188084547","4548626243648","カービィ　お名前バッジ","720"
"9316188084546","4548626243679","カービィ　お名前バッジ","720"
"9316188084545","4548626243662","カービィ　お名前バッジ","720"
"9316188084544","4548626247288","サンリオファーストラップ","1080"
"9316188084543","4548626239580","しんちゃん　ゆらゆらクレーンキーホルダー","860"
"9316188084542","4548626239573","しんちゃん　ゆらゆらクレーンキーホルダー","860"
"9316188084541","4550337182598","サンリオマスコットデニム　シナモ","2200"
"9316188084540","4992272704525","ワンピース　トレジャーハントタオル","720"
"9316188084539","4544815079944","しんちゃん　メタルキーチェーン","990"
"9316188084538","4548626251810","しんちゃん　ホログラムステッカー","550"
"9316188084537","4548626251803","しんちゃん　ホログラムステッカー","550"
"9316188084536","4548626251797","しんちゃん　ホログラムステッカー","550"
"9316188084535","4548626251766","サンリオホログラムステッカー","550"
"9316188084534","4548626251742","サンリオホログラムステッカー","550"
"9316188084533","4548626251759","サンリオ　ホログラムステッカー","550"
"9316188084532","4548626251735","サンリオホログラムステッカー","550"
"9316188084531","4548626245048","サンリオ　チョコレートキーホルダー","970"
"9316188084530","4571542988843","アイスドーム","1100"
"9316188084529","4571542988867","アイスドーム　ポチャッコ","1100"
"9316188084528","4571542988850","アイスドーム　シナモン","1100"
"9316188084527","4571542988836","アイスドーム　キーホルダー　マイメロ","1100"
"9316188084526","4571542988874","アイスドームキーホルダー　キティ","1100"
"9316188084525","4562443355353","アイマスク　眠すぎそれなー","500"
"9316188084524","4562443355346","アイマスク　はいよろこんで","500"
"9316188084523","4562443355339","アイマスク　眠いのはなぁぜなぁぜ","500"
"9316188084522","4562443355285","アイマスク　寝ても、もうええでしょ","500"
"9316188084521","4562443355278","アイマスク　陰キャ","500"
"9316188084520","4562443355261","アイマスク　陽キャ","500"
"9316188084519","4562443355322","アイマスク　眠いにもほどがある","500"
"9316188084518","4562443355315","アイマスク　チー牛","500"
"9316188084517","4562443355292","アイマスク　不眠キャンセル界隈","500"
"9316188084516","4562443355308","アイマスク　寝たらそこで試合終了だ","500"
"9316188084515","4550621239632","A4クリアファイル ジジホワイト","400"
"9316188084514","4550621239649","A4クリアファイル ジジブルー","400"
"9316188084513","4991567602065","PU ザーペアキーホルダー　ハンギョドン","880"
"9316188084503","4562443351355","エポ桜白根付　白キツネ","550"
"9316188084502","4562443351348","エポ桜白根付　しまえなが","550"
"9316188084501","4970381347468","ハイキュー!!　アクリルキーホルダー　澤村カステラ","550"
"9316188084500","4541062028497","カタカタキーホルダー　部活","500"
"9316188084499","4550451205616","にこぬいキーホルダー　いもむし","1190"
"9316188084498","4550451205623","にこぬいキーホルダー　モンスター","1190"
"9316188084497","4544815079951","しんちゃんメタルキーホルダー","990"
"9316188084496","454481507994","しんちゃんメタルキーホルダー","990"
"9316188084495","4974475903134","ふんわりお手玉　ネコバス","2530"
"9316188084494","4954043146583","イニシャルキーホルダーA","1030"
"9316188084493","4927719013516","プレミアムクルス","980"
"9316188084492","4904790776960","らぶいーず　バッチ　ぴょんちー","990"
"9316188084491","4904790776946","らぶいーず　バッチ　ぴょんちー","990"
"9316188084490","4904790776953","らぶいーず　バッチ　すもっぴ","990"
"9316188084489","4904790776939","らぶいーず　バッチ　すもっぴ","990"
"9316188084488","4571542979896","らぶいーず　ぴょんちー","990"
"9316188084487","4517542979872","らぶいーず　すもっぴ","990"
"9316188084486","4904790776861","らぶいーず　すもっぴ","990"
"9316188084485","4904790776878","らぶいーず　ぴょんちー","990"
"9316188084484","4904790793011","らぶいーず　ぴょんちー","990"
"9316188084483","4904790793035","らぶいーず　にゃぼ","990"
"9316188084482","4904790793004","らぶいーず　すもっぴ","990"
"9316188084481","4904790776854","らぶいーず　ぴょんちー","990"
"9316188084480","4904790776847","らぶいーず　すもっぴ","990"
"9316188084479","4904790793028","らぶいーず　うるる","990"
"9316188084478","4904790286094","もちもちボールチェーン　ボムヘイ","1090"
"9316188084477","4550337182673","マスコットデニム","2200"
"9316188084476","4550337182588","マスコットデニム","2200"
"9316188084475","4550624030953","マスコットなごみ","2200"
"9316188084474","4550624030915","マスコットデニム　シナモ","2200"
"9316188084473","4550337182611","マスコットデニム　クロミ","2200"
"9316188084472","4550337181768","マスコットデニム　マイメロ","2200"
"9316188084471","4550337045329","カチューシャホルダー　キティ","800"
"9316188084470","4550337045909","カチューシャホルダー　シナモ","800"
"9316188084469","4550337045336","カチューシャホルダー　マイメロ","800"
"9316188084468","4550337046159","カチューシャホルダー　クロミ","800"
"9316188084467","4904790287114","マリオ　ミドリコウラ","1090"
"9316188084466","4970381520380","ペーパーシアター ディスプレイケース[L]","1850"
"9316188084465","4970381530380","ペーパーシアター ディスプレイケース[L]","1850"
"9316188084464","4970381516512","ペーパーシアター ディスプレイケース","930"
"9316188084463","4992272773972","エコバック　ポルコパターン","2050"
"9316188084462","4545403574573","サカモトデイズ　アクリルキーホルダー","940"
"9316188084461","4545403574520","サカモトデイズ　アクリルキーホルダー","940"
"9316188084460","4548643205377","桜だるま　シナモン","1540"
"9316188084459","4548643205353","桜だるま　マイメロ","1540"
"9316188084458","4545403711376","ハイキュー!!　ビックハンガーキーホルダー","970"
"9316188084457","4548643205360","桜だるま　クロミ","1540"
"9316188084456","4549479053651","しんちゃん　福岡キャラがま","1100"
"9316188084455","4545403574414","サカモトデイズ　カンバッチ　","500"
"9316188084454","445403574575","サカモトデイズ　アクリルキーホルダー","940"
"9316188084453","4545403574544","サカモトデイズ　アクリルキーホルダー","940"
"9316188084452","4545403574537","サカモトデイズ　アクリルキーホルダー","940"
"9316188084451","45454037574520","サカモトデイズ　アクリルキーホルダー","940"
"9316188084450","4545403711383","ハイキュー!!　ビックハンガーキーホルダー","970"
"9316188084449","454540371376","ハイキュー!!　ビックハンガーキーホルダー","970"
"9316188084448","4545403711369","ハイキュー!!　ビックハンガーキーホルダー","970"
"9316188084447","4545403711352","ハイキュー!!　ビックハンガーキーホルダー","970"
"9316188084446","4545403711345","ハイキュー!!　ビックハンガーキーホルダー","970"
"9316188084445","4954043146149","ジブリがいっぱいピンズ　カオナシ","690"
"9316188084444","4954043146132","ジブリがいっぱいピンズ　バロン","690"
"9316188084443","4954043145708","ピンバッチ　ジジ","800"
"9316188084442","4954043145692","ピンバッチ　中トトロ","800"
"9316188084440","4954043145715","ピンバッチ　ポニョ","800"
"9316188084439","4973422667983","スリッパ　黄　トトロ　　ハナノバステイ","2620"
"9316188084438","4973422656086","もこもこお手ふき　トトロ","2280"
"9316188084437","4990593453511","リールパス　カオナシ","2460"
"9316188084436","4990593406722","カザリング　カルシファー","1120"
"9316188084435","4975946123907","マグカップ　さるとりいばら","5960"
"9316188084434","4975946123877","マグカップ　がまずみ","5960"
"9316188084433","4549743551357","信楽焼フリーカップ　カオナシ","4180"
"9316188084432","4985089094767","ねこのととまくら","780"
"9316188084431","4954043146217","ピンズ ジジ(頭)","800"
"9316188084430","4954043146118","ピンズ カルシファー","800"
"9316188084429","4954043146156","いっぱいピンズハエドリと坊ネズミ","690"
"9316188084428","4954043146378","誕生日ピンズ12月","800"
"9316188084427","4954043146613","イニシャルキーホルダーT","1030"
"9316188084426","4954043146590","イニシャルキーホルダーK","1030"
"9316188084425","4954043146248","ピンズ　ポルコ(頭)","800"
"9316188084424","4954043146231","ピンズ　ロボット兵(頭)","800"
"9316188084423","4954043146125","いっぱいピンズ　ロボット","690"
"9316188084422","4954043143537","パスポートケース　ジジ","3070"
"9316188084421","4954043143520","パスポートケース　中トトロ","3070"
"9316188084420","4954043143544","パスポートケース　カオナシ","3070"
"9316188084419","4954043146484","3連キーリング　ラジオ","1600"
"9316188084418","4974475927833","ヒン","3840"
"9316188084417","4974475919432","ヒンM","6600"
"9316188084416","4973422657205","もこもこお手ふきジジ","2280"
"9316188084415","4974475925037","ふんわり　キーホルダー　ヒン","1870"
"9316188084414","4954043146408","根付けストラップ中トトロA","800"
"9316188084413","9316188084413","Kimmidoll Miyuki","1000"
"9316188029025","9316188029025","Kimmidoll SUMI","1330"
"4996740608612","4996740608612","クレヨンしんちゃん リッタイキーホルダー（シロ）","1100"
"4996740608605","4996740608605","クレヨンしんちゃん 立体キーホルダー しんちゃん","1100"
"4996740608193","4996740608193","クレヨンしんちゃん パーツ付きキーリング（恐竜）","1320"
"4996740608186","4996740608186","クレヨンしんちゃん パーツ付きキーリング（シロ）","1320"
"4996740608179","4996740608179","クレヨンしんちゃん パーツ付きキーリング（パジャマ）","1320"
"4996740608162","4996740608162","クレヨンしんちゃん パーツ付きキーリング（制服）","1320"
"4996740608155","4996740608155","クレヨンしんちゃん パーツ付きキーリング（ヒーロー）","1320"
"4996740608148","4996740608148","クレヨンしんちゃん パーツ付きキーリング（ノーマル）","1320"
"4996740607554","4996740607554","クレヨンしんちゃん 立体キーホルダー パジャマ","1100"
"4996740581700","4996740581700","クレヨンしんちゃん　ペンケース","1100"
"4994643173442","4994643173442","必勝龍(小)","2200"
"4994643173428","4994643173428","健康龍(小)","2200"
"4994643173411","4994643173411","仕事龍(小)","2200"
"4994643173404","4994643173404","必勝龍(大)","3190"
"4994643173398","4994643173398","仕事龍(大)","3190"
"4994643173381","4994643173381","健康龍(大)","3190"
"4994643173374","4994643173374","金運龍(大)","3190"
"4994643161883","4994643161883","森のガラスのうさぎ","550"
"4994643161876","4994643161876","森のガラスのバンビ","550"
"4994643161852","4994643161852","森のガラスのリス","550"
"4994643161845","4994643161845","森のガラスの白ふくろう","550"
"4994643161838","4994643161838","森のガラスのはりねずみ","550"
"4994643144220","4994643144220","ハートフルエンゼルベル　WH","650"
"4994643135563","4994643135563","びいどろ　花BL S","1100"
"4994643135556","4994643135556","びいどろ　花PN  S","1100"
"4994643135549","4994643135549","びいどろ　針差ステンドS","1100"
"4994643135433","4994643135433","びいどろ　針差カラーS","1100"
"4994643135426","4994643135426","びいどろ　針差ブルーS","1100"
"4994643135402","4994643135402","びいどろ　針差カラーM","1320"
"4994643132777","4994643132777","びいどろ　花PNミニ","880"
"4994643132760","4994643132760","ミニビードD　針差カラー","880"
"4994643132753","4994643132753","びいどろ　花BLミニ","880"
"4994643129593","4994643129593","タイガーアイドラゴンS","2530"
"4994643128732","4994643128732","皇帝龍(小)","1600"
"4994643128725","4994643128725","皇帝龍(中)","1760"
"4994643127810","4994643127810","金運　ふくろう","660"
"4994643125861","4994643125861","エンペラードラゴン　(中）","2310"
"4994643121825","4994643121825","チャペル天使RD","980"
"4994643121641","4994643121641","エンゼルオーナメント　P","870"
"4994643121634","4994643121634","エンゼルオーナメント　R","870"
"4994643121627","4994643121627","エンゼルオーナメント　B","870"
"4994643117125","4994643117125","金運　カメ","880"
"4994643117095","4994643117095","花ねこ","660"
"4994643116944","4994643116944","幸せころころ　花ぶた","660"
"4994643116333","4994643116333","合格御守","800"
"4994643114698","4994643114698","日本のおまもり　金箔入りフクロウ","720"
"4992272929629","Tyuuka","中華根付け","380"
"4992272929628","4973307476051","カオナシ　2段重箱","4780"
"4992272929627","4977524129783","きんきゃく　すたんぷ中トトロとサクラ","1540"
"4992272929626","4977524129813","きんきゃく　すたんぷ　トトロと唐草模様","1540"
"4992272929625","4977524129806","きんきゃく　すたんぷ　中トトロとドングリ","1540"
"4992272929624","4977524129790","きんきゃく　すたんぷ　トトロとカエル　","1540"
"4992272929623","4977524129820","きんきゃく　すたんぷ　市松ジジ","1540"
"4992272929622","4977524129769","きんきゃく　すたんぷ　クロスケ","1540"
"4992272929621","4977524129776","きんきゃく　すたんぷ　トトロとコマ","1540"
"4992272929620","4977524129837","きんきゃく　すたんぷ　ジジ","1540"
"4992272929619","4958970122603","金銭餅","600"
"4992272929618","4549743155432","ファイル","400"
"4992272929617","4549743287157","魔女の宅急便　付箋　ジジ","520"
"4992272929616","4549743156415","魔女の宅急便メモ絵柄","520"
"4992272929615","4954043133941","ピンズ　カオナシ","800"
"4992272929614","4992272929614","ひざかけ パンとジジ","3410"
"4992272912388","4992272912388","ひんやり敷きパット　魔女の宅急便","2280"
"4992272904918","4992272904918","となりのトトロ マスコットポケットポーチ","1710"
"4992272903461","4992272903461","タオルまくらカバー　マリンジジ","2240"
"4992272903454","4992272903454","タオルまくらカバー　楽しい雨の日","2280"
"4992272880175","4992272880175","オパールブランケット でこぼこジジ","3410"
"4992272876345","4992272876345","チェアシート クロスケ","2280"
"4992272876338","4992272876338","チェアシート 中トトロ","2280"
"4992272876321","4992272876321","チェアシート 大トトロ","2280"
"4992272876314","4992272876314","腰あてクッション ジジ","2620"
"4992272876307","4992272876307","腰あてクッション クロスケ","2620"
"4992272876291","4992272876291","腰あてクッション 大トトロ","2620"
"4992272876253","4992272876253","口金眼鏡ケース 飛び立つトトロ","4550"
"4992272876246","4992272876246","マチ付き口金ポーチ 飛び立つトトロ","5120"
"4992272876215","4992272876215","トートバック 街の中のジジ","4480"
"4992272876192","4992272876192","トートバック 森の中のトトロ","4480"
"4992272876147","4992272876147","キキへのチョコケーキ ポーチL","2280"
"4992272796384","4992272796384","タオルバスマット　トトロ（ある日のトトロ）","2280"
"4992272794557","4992272794557","おでかけシートクッション　紅の豚（ストライプポルコ）","1710"
"4992272788662","4992272788662","魔女の宅急便 ティッシュ付きポーチ／屋根の下で","1710"
"4992272788518","4992272788518","ティッシュBOXカバー 中トトロ","2850"
"4992272788457","4992272788457","おでかけシートクッション魔女の宅急便（ストライプジジ）","1710"
"4992272788341","4992272788341","おでかけシートクッション　トトロ　（ストライプトトロ）","1480"
"4992272784176","4992272784176","となりのトトロ 横長ポーチ／丸太","2620"
"4992272784152","4992272784152","となりのトトロ ポーチS／丸太","2050"
"4992272773996","4992272773996","おでかけシートクッション（ネコバスシルエット）","1480"
"4992272773989","4992272773989","おでかけシートクッション　トトロ　（ストライプ大トトロ）","1480"
"4992272773866","4992272773866","となりのトトロ ティッシュケース付きポーチ／コーデュロイトトロ","1680"
"4992272773828","4992272773828","となりのトトロ ティッシュ付きポーチ／大きな傘","1710"
"4992272773798","4992272773798","となりのトトロ 湯上げタオル　みんなで背くらべ","2280"
"4992272768268","4992272768268","ロングブランケット　魔女の宅急便（花咲く庭で）","2850"
"4992272768046","4992272768046","マチ付き口金ポーチ 神々と金平糖","5120"
"4992272768039","4992272768039","口金眼鏡ケース 神々と金平糖","4550"
"4992272768022","4992272768022","口金名刺ケース 千と千尋","4320"
"4992272768015","4992272768015","口金マルチケース 神々と金平糖","3980"
"4992272768008","4992272768008","口金ポーチ 千と千尋","3980"
"4992272756289","4992272756289","魔女の宅急便 マスコットポケットポーチ","1710"
"4992272741339","4992272741339","豆タオル　キツネリスト","450"
"4992272741322","4992272741322","豆タオル　カルシファー","450"
"4992272741315","4992272741315","豆タオル　カオナシ","450"
"4992272741292","4992272741292","豆タオル　クロスケ","450"
"4992272741278","4992272741278","豆タオル　小トトロ","450"
"4992272741254","4992272741254","豆タオル　大トトロ","450"
"4992272739985","4992272739985","エコバック　ジジパターン","2050"
"4992272736069","4992272736069","ランチョンマット","1720"
"4992272735987","4992272735987","マチ付き口金ポーチ お花見トトロ","5120"
"4992272735963","4992272735963","口金名刺ケース お花見トトロ","4320"
"4992272735956","4992272735956","口金マルチケース お花見トトロ","3980"
"4992272735949","4992272735949","口金ポーチ お花見トトロ","3980"
"4992272735871","4992272735871","エコバック　クロスケ","2050"
"4992272735864","4992272735864","エコバック　ネコバスパターン","2050"
"4992272735796","4992272735796","となりのトトロ ティッシュ付きポーチ／ボタニカルトトロ","1600"
"4992272724509","4992272724509","魔女の宅急便 ポケットポーチ","1480"
"4992272724493","4992272724493","となりのトトロ ポケットポーチ","1480"
"4992272724332","4992272724332","巾着袋S　トトロ　ぽつぽつ雨","1200"
"4992272723274","4992272723274","ループタオル　魔女の宅急便（フルーツジャム）","610"
"4992272711455","4992272711455","魔女の宅急便 ひざかけ","3410"
"4992272703511","4992272703511","タオルまくらカバー　ジジ","2280"
"4992272698015","4992272698015","お昼寝ケットネコバスとうたた寝","4320"
"4992272672374","4992272672374","マチ付き口金ポーチ トトロと折り紙","5120"
"4992272657944","4992272657944","となりのトトロ スリーパーS 黄","2800"
"4992272649949","4992272649949","ダイカットクッションネコバス","3980"
"4992272649451","4992272649451","ヘアバンド　花畑とジジ","1710"
"4992272649376","4992272649376","ドレスタオル　魔女の宅急便　（キキの洋服）","2620"
"4992272649369","4992272649369","ドレスタオル（メイの洋服）","2620"
"4992272649314","4992272649314","お昼寝ケットネコバスとうたた寝","4320"
"4992272619355","4992272619355","魔女の宅急便 スリーパーS ジジ","2800"
"4992272619331","4992272619331","となりのトトロ スリーパーS 緑","2800"
"4992272585315","4992272585315","ガーゼタオル　トトロ　（おりがみトトロ）","1710"
"4992039071211","4992039071211","カステラくん　ビールキーホルダー","440"
"4992039070450","4992039070450","手裏剣　金/ 黒","500"
"4992039031260","4992039031260","飛龍置物(ミニ)","1050"
"4992039031253","4992039031253","昇龍置物(ミニ)","1050"
"4992039031123","4992039031123","飛龍置物(小)","1320"
"4992039030997","4992039030997","昇龍置物(小)","1320"
"4991976415539","4991976415539","ラッキーカステラちゃん","450"
"4991936060953","4991936060953","ニャームカバー","450"
"4991863468716","4991863468716","THRASHER 鉛筆キャップ　Red","220"
"4991863468709","4991863468709","THRASHER 鉛筆キャップ　White","220"
"4991733095967","4991733095967","チモッケきんちゃく ランテ","990"
"4991733095950","4991733095950","チモッケきんちゃく ニャキ","990"
"4991733095936","4991733095936","チモッケきんちゃく ノーン","990"
"4991733095929","4991733095929","チモッケきんちゃく ティーソ","990"
"4991733095912","4991733095912","チモッケきんちゃく ゴニ","990"
"4991733095905","4991733095905","チモッケきんちゃく ネルクロ","990"
"4991733095899","4991733095899","チモッケきんちゃく ケテケテ","990"
"4991733095882","4991733095882","チモッケきんちゃく アロ","990"
"4991733095431","4991733095431","チモッケストラップ ロッシュ","660"
"4991733095394","4991733095394","モケケスマホポーチ カブ","2420"
"4991733095387","4991733095387","モケケスマホポーチ チックン","2420"
"4991733095370","4991733095370","モケケスマホポーチ ノーン","2420"
"4991733095363","4991733095363","モケケスマホポーチ クル","2420"
"4991733094755","4991733094755","チモッケ ランテ","660"
"4991733094748","4991733094748","チモッケ ニャキ","660"
"4991733093574","4991733093574","チモッケ シーク","660"
"4991733093567","4991733093567","チモッケ フリフリ","660"
"4991733093550","4991733093550","チモッケストラップ ツッツク","660"
"4991733093543","4991733093543","チモッケ クプ","660"
"4991733093475","4991733093475","チモッケ ピーツ","660"
"4991733093468","4991733093468","チモッケ キロリ","660"
"4991733090238","4991733090238","チモッケストラップ チックン","660"
"4991733090221","4991733090221","チモッケ アン","660"
"4991733090207","4991733090207","チモッケ ヌウ","660"
"4991733090191","4991733090191","チモッケ スッペ","660"
"4991733080376","4991733080376","チモッケストラップ ジャブ","660"
"4991733080369","4991733080369","チモッケ ノタ","660"
"4991733076461","4991733076461","チモッケ ベエ","660"
"4991733076454","4991733076454","チモッケ カブ","660"
"4991733076447","4991733076447","チモッケ クリッチ","660"
"4991733074870","4991733074870","チモッケ ノーン","660"
"4991733074863","4991733074863","チモッケストラップ ロビ","660"
"4991733074856","4991733074856","チモッケ ポム","660"
"4991733074849","4991733074849","チモッケ ティーノ","660"
"4991733074832","4991733074832","チモッケストラップ トト","660"
"4991733074825","4991733074825","チモッケストラップ ゴニ","660"
"4991733071770","4991733071770","チモッケ ニョモ","660"
"4991733071763","4991733071763","チモッケ スカンツ","660"
"4991733071756","4991733071756","チモッケ クル","660"
"4991733071749","4991733071749","チモッケストラップ ビーン","660"
"4991733071732","4991733071732","チモッケストラップ チトアカ","660"
"4991733071718","4991733071718","チモッケ ケテケテ","660"
"4991733071701","4991733071701","チモッケストラップ ネルクロ","660"
"4991733071688","4991733071688","チモッケストラップ アロ","660"
"4991733071671","4991733071671","チモッケ ネル","660"
"4991733071664","4991733071664","チモッケストラップ チト","660"
"4991567969168","4991567969168","もちもちマスコット　長崎カステラ　シナモンロール　","660"
"4991567969113","4991567969113","カステラペン　クロミ","660"
"4991567969106","4991567969106","カステラペン　シナモン","660"
"4991567968161","4991567968161","ファンシーぱっちん　ハンギョドン","660"
"4991567967881","4991567967881","クルトガ　キティ","990"
"4991567967836","4991567967836","カステラペン　キティ","990"
"4991567967720","4991567967720","もちもちミニクッション　長崎カステラCN","990"
"4991567967515","4991567967515","もちもちマスコット　明太子　シナモンロール","660"
"4991567675755","4991567675755","ソフトボアポーチ　キティ　カステラ","660"
"4991567671801","4991567671801","ハンドタオルM長崎限定　キティ","670"
"4991567630471","4991567630471","リップクリーム　クロミ　ながさき","720"
"4991567629901","4991567629901","タオル　クロミ(あまおう)","660"
"4991567627181","4991567627181","くつ下　好いとー ポムポムプリン(あまおう)","550"
"4991567626238","4991567626238","パタパタメモ帳","440"
"4991567625792","4991567625792","キャストチャーム　めんたいこキティ","770"
"4991567625736","4991567625736","キャストチャーム　めんたいこハンギョ","770"
"4991567625712","4991567625712","キャストチャーム　あまおうポチャッコ","770"
"4991567625705","4991567625705","キャストチャーム　あまおう　クロミ","770"
"4991567625699","4991567625699","キャストチャーム　あまおう　シナモン","770"
"4991567625682","4991567625682","キャストチャーム　あまおう　マイメロ","770"
"4991567625668","4991567625668","靴下2足セット マイメロ・クロミ(あまおう　ハート)","990"
"4991567625651","4991567625651","靴下2足セット(あまおう　ドット)","990"
"4991567624470","4991567624470","福岡・あまおうPCプチジャガードタオル・好いとー","550"
"4991567624425","4991567624425","サンリオ　ばんそうこう","500"
"4991567622728","4991567622728","メモ帳セット","660"
"4991567622575","4991567622575","タオル　マイメロ(好いと～・ハート)","550"
"4991567622476","4991567622476","キャストチャーム　ポチャッコ","770"
"4991567622469","4991567622469","キャストチャーム　マイメロ","720"
"4991567622254","4991567622254","くつ下　好いとー KT(ハート)","550"
"4991567622094","4991567622094","リップクリーム　クロミ　ふくおか","720"
"4991567622087","4991567622087","リップクリーム　キティ　ふくおか　好いと～","720"
"4991567622070","4991567622070","タオル　クロミ(好いとっばい)","660"
"4991567622056","4991567622056","くつ下　ハンギョドン　好いとっばい?","550"
"4991567621899","4991567621899","サンリオ　レザーペア　キーホルダー　ながさき　マイメロ・クロミ","880"
"4991567621882","4991567621882","PU レザーペア KH あまおう冠","880"
"4991567621868","4991567621868","クレヨンしんちゃん　福岡 キーホルダー","880"
"4991567621011","4991567621011","くつ下　クロミ　博多　明太子","550"
"4991567620991","4991567620991","タオル　シナモンロール(あまおう)","660"
"4991567620687","4991567620687","PVレザーペアキーホルダー","880"
"4991567619636","4991567619636","キャストチャーム　キティ","720"
"4991567619612","4991567619612","キャストチャーム　ハンギョドン","720"
"4991567618790","4991567618790","くつ下　ハンギョドン　明太子","550"
"4991567618745","4991567618745","タオル　シナモンロール(好いと～・あまおう)","550"
"4991567618738","4991567618738","くつ下　シナモンロール　好いとっちゃけど！","550"
"4991567618660","4991567618660","くつ下　クロミ　好いとっばい?","550"
"4991567617946","4991567617946","タオル　クロミ(好いっちゃけど)","550"
"4991567616956","4991567616956","くつ下　クロミ　好いとっちゃけど！紫","550"
"4991567611203","4991567611203","シャープペンシル　3本セット　キティ","550"
"4991567604786","4991567604786","タオル　キティ(カステラ)","660"
"4991567604007","4991567604007","くつ下　ハンギョドン　NAGASAKI","550"
"4991567603857","4991567603857","靴下2足セット マイメロ・クロミ(カステラ　教会)","990"
"4991567601877","4991567601877","タオル　ハンギョドン(カステラ・好いとっばい)","880"
"4991567601600","4991567601600","リップクリーム　シナモン　ふくおか　あまおう","720"
"4991567283646","4991567283646","ボールペン5本セット","1100"
"4991567189764","4991567189764","長崎消しごむ　キティ","500"
"4991567189757","4991567189757","カステラペン　ポムプリ","610"
"4991567181980","4991567181980","タオル　キティ(佐世保バーガー)","660"
"4991567141069","4991567141069","GE 福岡メッセージばんそうこ KU ","440"
"4991567140888","4991567140888","くつ下　博多ラーメン COGIMYUM","660"
"4991567140871","4991567140871","GE 福岡・好いとー KU 靴下(着物)","660"
"4991567140840","4991567140840","くつ下　好いとーPOCHACCO(ドット)","660"
"4991567140833","4991567140833","GE 福岡・明太子ごはんポシェット HG 靴下","660"
"4991567140826","4991567140826","くつ下　好いとーシナモンロール(ドット)","660"
"4991567140819","4991567140819","くつ下　好いとーKT(ドット)","660"
"4991567126592","4991567126592","くつ下　GOTOCHI KITHI 　青","550"
"4991567101452","4991567101452","クレヨンしんちゃん プチジャガードタオル（カステラ）","660"
"4991567101261","4991567101261","クレヨンしんちゃん ボールペン 福岡限定","660"
"4991567101247","4991567101247","クレヨンしんちゃん プチジャガードタオル（明太子）","550"
"4991567101223","4991567101223","クレヨンしんちゃん 長崎 キーホルダー","880"
"4991567101001","4991567101001","クレヨンしんちゃん パタパタメモ 福岡","440"
"4991567088609","4991567088609","クレヨンしんちゃん　明太子せんべい","710"
"4991567010808","4991567010808","アクリルパーツシュシュ　クロミ","660"
"4991567010785","4991567010785","アクリルパーツシュシュ　ハローキティ　","660"
"4991277835838","4991277835838","ディズニー　コップ","710"
"4991277256480","4991277256480","15cm パンダジョーギ","200"
"4991277071892","4991277071892","STAND UP バナナふでばこ","300"
"4991277070512","4991277070512","GRACEFUL　レターセット","250"
"4991277067741","4991277067741","ペットボトルケース","400"
"4990733095943","4990733095943","チモッケきんちゃく クリッチ","990"
"4990733094229","4990733094229","合掌　ぬいぐるみ 　パンダ","1000"
"4990733093451","4990733093451","チモッケ チウ","660"
"4990623246397","4990623246397","豆柴　はんかち","770"
"4990623244188","4990623244188","伝道紙ザビエル　ふせん","660"
"4990623243570","4990623243570","尾曲がり猫　ツインタッセル","660"
"4990623237562","4990623237562","GOTOUCHI BEAR 辰","2500"
"4990623237555","4990623237555","GOTOUCHI BEAR 辰 ボールチェーン","1250"
"4990623232963","4990623232963","GOTOUCHI BEAR 呼子イカ ボールチェーン","1760"
"4990623232741","4990623232741","GOTOUCHI BEAR 長崎ちゃんぽん","3080"
"4990623232734","4990623232734","GOTOUCHI BEAR ちゃんぽん ボールチェーン","1760"
"4990623232406","4990623232406","GOTOUCHI BEAR 尾曲がり猫","3520"
"4990623232390","4990623232390","GOTOUCHI BEAR 尾曲がり猫 ボールチェーン","1980"
"4990623231447","4990623231447","GOTOUCHI BEAR 佐賀バルーン","2860"
"4990623231430","4990623231430","GOTOUCHI BEAR 佐賀バルーン ボールチェーン","1760"
"4990623228102","4990623228102","GOTOUCHI BEAR 天主堂","2680"
"4990623228096","4990623228096","GOTOUCHI BEAR 天主堂 ボールチェーン","1540"
"4990623227990","4990623227990","GOTOUCHI BEAR カステラ","3520"
"4990623227983","4990623227983","GOTOUCHI BEAR カステラ ボールチェーン","1870"
"4990623226077","4990623226077","GOTOUCHI BEAR 有明海 ボールチェーン","1870"
"4990623223084","4990623223084","GOTOUCHI BEAR 有明海","2640"
"4990623222421","4990623222421","GOTOUCHI BEAR 佐世保","3190"
"4990623222404","4990623222404","GOTOUCHI BEAR 佐世保 ボールチェーン","1650"
"4990623222391","4990623222391","大宰府梅ベアマスコット","1650"
"4990623222278","4990623222278","GOTOUCHI BEAR バナナ ボールチェーン","1760"
"4990593498826","4990593498826","魔女の宅急便 ポーチ／キキの赤いラジオ","3020"
"4990593491957","4990593491957","トートバック 紅の豚","4480"
"4990593491940","4990593491940","トートバック 魔女宅","4480"
"4990593489251","4990593489251","おやさいの一輪挿し きゅうり","5040"
"4990593489244","4990593489244","おやさいの一輪挿し なす","5040"
"4990593489237","4990593489237","おやさいの一輪挿し とまと","5040"
"4990593489176","4990593489176","本染め手ぬぐい 夏の大花火","2910"
"4990593489152","4990593489152","本染め手ぬぐい おみやげ","2690"
"4990593483167","4990593483167","ジェパットコンパクトバック　家族の時間","3580"
"4990593483150","4990593483150","ジェパットコンパクトバック　のどかな森の中で","3580"
"4990593481491","4990593481491","扇子袋 千と千尋 藍色","1570"
"4990593481484","4990593481484","扇子袋 トトロ 山吹色","1570"
"4990593478118","4990593478118","一輪挿し メイちゃんのお花やさん","4250"
"4990593478095","4990593478095","一輪挿し トトロ ひとやすみ","4700"
"4990593478071","4990593478071","プランターカバー どんぐりさいたよ","4480"
"4990593478064","4990593478064","プランターカバー ジジのかくれんぼ","6930"
"4990593478057","4990593478057","プランターカバー トトロと森のネコバス","7860"
"4990593474769","4990593474769","ジオラマボックス トトロ どすーん！びっくり！","10400"
"4990593474752","4990593474752","ジオラマボックス ジジからの贈り物","9240"
"4990593474745","4990593474745","ジオラマボックス メイの長靴","9240"
"4990593471379","4990593471379","本染め手ぬぐい めでたい熊手","2910"
"4990593466900","4990593466900","となりのトトロ ネコバスミトン","2800"
"4990593464340","4990593464340","魔女の宅急便　コリコの街シリーズ　ダウンショルダー","4700"
"4990593463862","4990593463862","ブックエンド 園丁ロボット","10070"
"4990593461776","4990593461776","てのひら　小トトロ","3690"
"4990593460366","4990593460366","ミニポーチ　紅の豚　レッド","2350"
"4990593460342","4990593460342","整理ポーチ　ラピュタ　ネイビー","3690"
"4990593460328","4990593460328","パスケース　ラピュタ　ネイビー","1790"
"4990593459285","4990593459285","猫の恩返し　おさかなクッキー","1120"
"4990593458394","4990593458394","キーホルダー クラゲポニョ","1540"
"4990593458387","4990593458387","キーホルダー ぶらさがりカルシファー","1540"
"4990593458370","4990593458370","キーホルダー 土方ねずみとハエドリ","1540"
"4990593458363","4990593458363","キーホルダー 園庭のロボット兵","1540"
"4990593457731","4990593457731","キッチンクロスセットハウル「カルシュファーキッチンツール」","1230"
"4990593457700","4990593457700","トトロ巾着 小トトロ","790"
"4990593456437","4990593456437","木製トング「となりのトトロ森のキッチンシリーズ」","2020"
"4990593456345","4990593456345","メタルトレイ　紅の豚（サボイアS-21)","4700"
"4990593456338","4990593456338","メタルトレイ　ラピュタ（ロボット兵）","4700"
"4990593455348","4990593455348","カップ 猫の事務所のティータイム","2020"
"4990593454396","4990593454396","水てっぽう　メイガニ","700"
"4990593453474","4990593453474","トートバック 千と千尋","4480"
"4990593453030","4990593453030","小物入れ エルフの王女","9850"
"4990593452675","4990593452675","メイちゃんのポシェット","2580"
"4990593452545","4990593452545","ぽこぽこマグカップ 千と千尋","2800"
"4990593452279","4990593452279","ジオラマボックス ジジとリリー","7860"
"4990593449828","4990593449828","耳かき きのこぼうし","900"
"4990593449811","4990593449811","耳かき どんぐりかくれんぼ","900"
"4990593449729","4990593449729","カーネーション ピック","930"
"4990593449682","4990593449682","プランターカバー トトロと森の三輪車","7510"
"4990593448296","4990593448296","トトロ波佐見焼 おやつ皿","2910"
"4990593448289","4990593448289","トトロ波佐見焼 お茶猪口","2020"
"4990593447008","4990593447008","本染め手ぬぐい 鏡餅","2690"
"4990593444236","4990593444236","紅の豚 ステンドグラスキーリング","1350"
"4990593443994","4990593443994","ちいさな加湿器 カルシファー","5370"
"4990593443987","4990593443987","ちいさな加湿器 オオトリさま","5370"
"4990593443970","4990593443970","ちいさな加湿器 ジジ","5370"
"4990593443550","4990593443550","ころころどんぐりホルダー 小トトロとマックロクロスケ","1120"
"4990593443536","4990593443536","ころころどんぐりホルダー トトロと小トトロ","1120"
"4990593442911","4990593442911","豆皿 オオトリさま","1680"
"4990593442904","4990593442904","豆皿 坊ネズミ","1680"
"4990593442881","4990593442881","豆皿 小トトロ","1460"
"4990593442874","4990593442874","豆皿 中トトロ","1680"
"4990593441365","4990593441365","刺?キーホルダー ハウル","1790"
"4990593435289","4990593435289","ポーズがいっぱい 千と千尋","1350"
"4990593435265","4990593435265","ポーズがいっぱい トトロ","1120"
"4990593435258","4990593435258","ポーズがいっぱい 魔女宅","1120"
"4990593434749","4990593434749","飛行石","1120"
"4990593426805","4990593426805","天空の城ラピュタ 刺しゅうメッシュポーチ","2800"
"4990593421190","4990593421190","ウォーターガーデン シシ神","17900"
"4990593420148","4990593420148","キーホルダー お面とコダマ","1350"
"4990593420131","4990593420131","キーホルダー サボイアとポルコ","1540"
"4990593420124","4990593420124","キーホルダー かごジジ","1540"
"4990593420117","4990593420117","キーホルダー とうもろこし","1350"
"4990593419883","4990593419883","本染め手ぬぐい 夏夜のひととき","2690"
"4990593419876","4990593419876","本染め手ぬぐい 小花火の小トトロ","2910"
"4990593419869","4990593419869","本染め手ぬぐい 中花火の中トトロ","2690"
"4990593419852","4990593419852","本染め手ぬぐい 大花火の大トトロ","3130"
"4990593419159","4990593419159","箸置き 大口カオナシ","1120"
"4990593419142","4990593419142","箸置き 坊ネズミ","1120"
"4990593419135","4990593419135","箸置き オオトリさま","1120"
"4990593419128","4990593419128","箸置き 振り返りカオナシ","1120"
"4990593417964","4990593417964","ビアタンブラー 紅の豚","1350"
"4990593417957","4990593417957","ビアタンブラー ラピュタ","1350"
"4990593410651","4990593410651","フォーク「ハウルの動く城」","1460"
"4990593410644","4990593410644","スプーン「ハウルの動く城」","1460"
"4990593410002","4990593410002","「蚊帳生地八重ふきん」ラピュタ","1010"
"4990593400478","4990593400478","ライトアップジオラマ ラピュタ","20130"
"4990593379996","4990593379996","カップ型プランターカバー カオナシ","4160"
"4990593379989","4990593379989","カップ型プランターカバー ロボット兵","4160"
"4990593379972","4990593379972","カップ型プランターカバー ジジ","4160"
"4990593379965","4990593379965","カップ型プランターカバー トトロ","4160"
"4990593358953","4990593358953","本染め手ぬぐい 鉄線","2240"
"4990593358946","4990593358946","本染め手ぬぐい 山葵","2240"
"4990593358939","4990593358939","本染め手ぬぐい 舞花火","2690"
"4990593356263","4990593356263","プチウォーターボトル　魔女の宅急便","910"
"4990593343126","4990593343126","本染め手ぬぐい 花明かり","2690"
"4990593343119","4990593343119","本染め手ぬぐい 月夜","2240"
"4990593343102","4990593343102","本染め手ぬぐい めだまやき","2240"
"4990593330300","4990593330300","トトロ巾着 大トトロ","1010"
"4990593318353","4990593318353","となりのトトロ ベルクロ付きウォレット／お花屋さん","3360"
"4990593317424","4990593317424","ミニ置時計 ジジ","5040"
"4990593276585","4990593276585","風呂敷 トトロ スイカ","2240"
"4990593275205","4990593275205","本染め手ぬぐい 夏の笑顔","2020"
"4990593275199","4990593275199","本染め手ぬぐい 夏野菜","2690"
"4990593274581","4990593274581","パンダコパンダ コップ","2020"
"4990593262649","4990593262649","カオナシ しゃもじ","900"
"4990593255061","4990593255061","本染め手ぬぐい ハク竜","2240"
"4990593253470","4990593253470","本染め手ぬぐい 木漏れ花火","2910"
"4990593243600","4990593243600","シリコンカップカバートトロ「リーフ」","1350"
"4990593242719","4990593242719","本染め手ぬぐい どんどこ踊り","2020"
"4990593238606","4990593238606","本染め手ぬぐい カオナシ","2240"
"4990593234660","4990593234660","シリコンスチーマー魔女宅「にしんのパイ」","3140"
"4990593225460","4990593225460","本染め手ぬぐい 格子模様","2020"
"4990593225446","4990593225446","本染め手ぬぐい ゴーヤ","2020"
"4990593204823","4990593204823","本染め手ぬぐい 夜の街並み","2690"
"4990593201280","4990593201280","本染め手ぬぐい トトロと蚊取り線香","2020"
"4990593201174","4990593201174","本染め手ぬぐい お月見","2690"
"4990593201136","4990593201136","本染め手ぬぐい 拾拾陸","2020"
"4990593201129","4990593201129","本染め手ぬぐい トトロ目かずら 紺","2020"
"4990593201112","4990593201112","本染め手ぬぐい トトロ目かずら 赤","2020"
"4990593201105","4990593201105","本染め手ぬぐい 朝顔","2020"
"4990593197385","4990593197385","本染め手ぬぐい 紫陽花","2020"
"4990593186938","4990593186938","手ぬぐい 千と千尋","2020"
"4990593153657","4990593153657","本染め手ぬぐい 江戸切子","2020"
"4990593141265","4990593141265","本染め手ぬぐい ねずみ花火","2240"
"4990593020362","4990593020362","本染め手ぬぐい 桜咲く","2240"
"4990525785207","4990525785207","パンダコインパース","1110"
"4990270157206","4990270157206","サンリオ　ビッグポーチ　ギャル　クロミ","1980"
"4990270157190","4990270157190","サンリオ　ビッグポーチ　ギャル　シナモン","1980"
"4990270157183","4990270157183","サンリオ　ビッグポーチ　ギャル　マイメロディ","1980"
"4990270157169","4990270157169","サンリオ　ビッグポーチ　ギャル　ハローキティ","1980"
"4990270157152","4990270157152","サンリオ　マスコットポーチ　ギャル　クロミ","1650"
"4990270157145","4990270157145","サンリオ　マスコットポーチ　ギャル　シナモンロール","1650"
"4990270157138","4990270157138","サンリオ　マスコットポーチ　ギャル　マイメロディ","1650"
"4990270157121","4990270157121","サンリオ　マスコットポーチ　ギャル　ハローキティブラウン","1650"
"4990270157114","4990270157114","サンリオ　マスコットポーチ　ギャル　ハローキティ","1650"
"4989177036950","4989177036950","長崎限定　マスキングテープ　ハートストーン","390"
"4989177036943","4989177036943","長崎限定　マスキングテープ　路面電車","390"
"4989177036936","4989177036936","長崎限定　マスキングテープ　びいどろ","390"
"4988008798432","4988008798432","サウンドトラック「ハウルの動く城」","3150"
"4988008791037","4988008791037","サウンドトラック「耳をすませば」","3000"
"4988008783735","4988008783735","サウンドトラック「天空の城ラピュタ」","2620"
"4988008783339","4988008783339","サウンドトラック「風の谷のナウシカ」","2620"
"4988008367331","4988008367331","サウンドトラック「もののけ姫」","3150"
"4988008362336","4988008362336","サウンドトラック「紅の豚」","2670"
"4988008208146","4988008208146","「スタジオジブリの歌 オルゴールの増補盤」","3080"
"4988008190634","4988008190634","サウンドトラック「魔女の宅急便」","2620"
"4985089097119","4985089097119","チーズラングドシャ","690"
"4985089094750","4985089094750","柴が歩けば骨にあたる","780"
"4985089093975","4985089093975","かるってべいく　15枚入","700"
"4985089093968","4985089093968","かるってべいく　24枚入","1080"
"4985089084065","4985089084065","ショコラしっとりバー","710"
"4985089072413","4985089072413","軍艦島　ラングドシャ　12枚","780"
"4985089072406","4985089072406","軍艦島　ラングドシャ　21枚","1310"
"4985089055904","4985089055904","プレミアムスイーツアソート","1080"
"4985089044236","4985089044236","しっとりチーズバー","650"
"4985085094767","4985085094767","ねこのととまくら","780"
"4984583080207","4984583080207","出島焼きショコラ","980"
"4983050687079","4983050687079","あご明太子　ふりかけ","590"
"4983050686270","4983050686270","焼あご　万能だしの素","590"
"4983050685488","4983050685488","のどぐろ　だし茶漬け","590"
"4983050685457","4983050685457","かきだし塩","590"
"4983050684955","4983050684955","のどぐろだし塩","590"
"4983050684573","4983050684573","あごのだし塩","590"
"4983050682708","4983050682708","のどぐろ味噌汁","710"
"4980655850709","4980655850709","ロマンの街","760"
"4980655602735","4980655602735","長崎レトロ　カマンベールチーズケーキ","1030"
"4980655303083","4980655303083","クレープショコラロール","760"
"4979866516993","4979866516993","パンダ　吉徳のぬいぐるみ(大)","6490"
"4979866516979","4979866516979","シンフーパンダS 吉徳","2310"
"4977524163503","4977524163503","シーリングワックスハウル","6820"
"4977524163497","4977524163497","シーリングワックス魔女宅","6820"
"4977524163480","4977524163480","シーリングワックスラピュタ","6820"
"4977524129233","4977524129233","ますてのあいぼう 看板","860"
"4977524129226","4977524129226","インクのあいぼう ジジと万年筆","860"
"4977524129219","4977524129219","ますてのあいぼう キキとジジ","910"
"4977524129202","4977524129202","ますてのあいぼう クロスケとハケ","740"
"4977524129196","4977524129196","ますてのあいぼう メイちゃん","740"
"4977524129189","4977524129189","インクのあいぼう 小トトロとインク瓶","910"
"4977524129172","4977524129172","ますてのあいぼう 中トトロと小トトロ","910"
"4977524129165","4977524129165","ますてのあいぼう 大トトロ","910"
"4977524128984","4977524128984","チェックスタンプ トトロ２ 千と千尋","1880"
"4977524128977","4977524128977","チェックスタンプ トトロ２","1880"
"4977524128960","4977524128960","ミニスタンプ ハウル","1030"
"4977524128953","4977524128953","ミニスタンプ 千尋","1030"
"4977524128946","4977524128946","ミニスタンプ 魔女宅","1030"
"4977524128939","4977524128939","ミニスタンプ ネコバス","1030"
"4977524128922","4977524128922","ミニスタンプ メイちゃん","1030"
"4977524128915","4977524128915","ミニスタンプ 中トトロ","1030"
"4977524128908","4977524128908","草花はんこ 秋冬","2510"
"4977524128892","4977524128892","草花はんこ 春夏","2510"
"4977524128564","4977524128564","大きなごほうびスタンプ トトロ","1370"
"4977524127666","4977524127666","となりのトトロ 浸透印 せんせいスタンプ","3190"
"4977524127581","4977524127581","英語の木製ごほうびスタンプ","3070"
"4977524126928","4977524126928","先生のごほうびスタンプ 千尋","2850"
"4977524126744","4977524126744","先生のごほうびスタンプ 魔女宅","2850"
"4977524126737","4977524126737","となりのトトロ 先生のごほうびスタンプ","2850"
"4977524124894","4977524124894","木製ごほうびスタンプDX","4210"
"4977524124313","4977524124313","木製ごほうびスタンプ２ トトロ","3070"
"4977524123521","4977524123521","チェックスタンプ 魔女の宅急便","1880"
"4977524123514","4977524123514","チェックスタンプ トトロ","1880"
"4977524122230","4977524122230","となりのトトロ せんせいスタンプ2","3530"
"4977524121480","4977524121480","単品ハンコ とってもよくできました！","800"
"4977524121466","4977524121466","単品ハンコ ふぁいと！","690"
"4977524121459","4977524121459","単品ハンコ どんぐり","690"
"4977524121428","4977524121428","単品ハンコ 印章トトロ青","440"
"4977524121404","4977524121404","単品ハンコ アップトトロ","440"
"4977524121398","4977524121398","単品ハンコ 中トトロ 小トトロ","440"
"4977524120346","4977524120346","単品ハンコ おねがいします","690"
"4977524120339","4977524120339","単品ハンコ ありがとう","690"
"4977524120315","4977524120315","単品ハンコ 月日","690"
"4977524120261","4977524120261","単品ハンコ 済","440"
"4977524120254","4977524120254","単品ハンコ 封","440"
"4977524120230","4977524120230","単品ハンコ クロスケ","440"
"4977524120223","4977524120223","単品ハンコ トトロ.３","440"
"4977524120179","4977524120179","単品ハンコ トトロ.１","440"
"4977524120162","4977524120162","単品ハンコ わたげ","440"
"4977524120155","4977524120155","単品ハンコ 傘","440"
"4977524120131","4977524120131","単品ハンコ ひめじお人","440"
"4976552041760","4976552041760","チューリップ　スクラブ(黄)","550"
"4976552041753","4976552041753","チューリップ　スクラブ(ピンク)","550"
"4975946472258","4975946472258","タンブラー ネコバス","2390"
"4975946472234","4975946472234","タンブラー トトロとしろつめぐさ","2390"
"4975946472227","4975946472227","タンブラー トトロとどんぐり","2390"
"4975946417938","4975946417938","ナプキン　トトロ","2380"
"4975946412032","4975946412032","15.7cmプレート うり","1790"
"4975946412025","4975946412025","15.8cmプレート おくら","1790"
"4975946412018","4975946412018","15.5cmプレート とうもろこし","1790"
"4975946411981","4975946411981","15.6cmプレート なす","1790"
"4975946361835","4975946361835","湯呑 フエ","2390"
"4974835059518","4974835059518","扇子　ねこ","600"
"4974835059501","4974835059501","扇子　いぬ","600"
"4974480000000","4974480000000","となりのトトロ ふかふかがまぐち ネコバス","2640"
"4974475939836","4974475939836","ちいかわマスコット ハチワレ","3280"
"4974475939737","4974475939737","ちいかわマスコット ぴんく帽子","3280"
"4974475936439","4974475936439","ジジ カゴ入り 立ちM","3850"
"4974475935531","4974475935531","ジジ カゴ入り 座りM","3850"
"4974475935333","4974475935333","白猫リリーS","2970"
"4974475935234","4974475935234","白猫リリー マスコット","1650"
"4974475935135","4974475935135","ほのぼのジジM口開き","3080"
"4974475935036","4974475935036","ほのぼのジジM","3080"
"4974475934930","4974475934930","ほのぼのジジS","2200"
"4974475934732","4974475934732","黒猫ジジL","7150"
"4974475934633","4974475934633","黒猫ジジM","4400"
"4974475934531","4974475934531","黒猫ジジS","3190"
"4974475934435","4974475934435","黒猫ジジ マスコット 抱き","1680"
"4974475934336","4974475934336","黒猫ジジ マスコット 座り","1680"
"4974475932837","4974475932837","君たちはどう生きるか ワラワラE","2090"
"4974475932738","4974475932738","君たちはどう生きるか ワラワラD","2090"
"4974475932639","4974475932639","君たちはどう生きるか ワラワラC","2090"
"4974475932530","4974475932530","君たちはどう生きるか ワラワラB","2090"
"4974475932431","4974475932431","君たちはどう生きるか ワラワラA","2090"
"4974475930239","4974475930239","君たちはどう生きるか アオサギ","5060"
"4974475929332","4974475929332","クッションブランケット（クロスケ）","5500"
"4974475928038","4974475928038","クッションサンお面","5500"
"4974475927932","4974475927932","カルシファーL","6600"
"4974475927734","4974475927734","なかよしお手玉 カルシファー","3300"
"4974475927635","4974475927635","なかよしお手玉 ムーン","3080"
"4974475927437","4974475927437","なかよしお手玉 キツネリス","3300"
"4974475927338","4974475927338","なかよしお手玉 サン","4600"
"4974475927031","4974475927031","なかよしお手玉 湯婆婆","4400"
"4974475926935","4974475926935","なかよしお手玉 カオナシ","3960"
"4974475926836","4974475926836","ぬいぐるみ 坊ネズミ","3630"
"4974475926737","4974475926737","なかよしお手玉 オオトリさま","3300"
"4974475926331","4974475926331","なかよしお手玉 小トトロ","2860"
"4974475926133","4974475926133","なかよしお手玉 大トトロ","3300"
"4974475925235","4974475925235","ふんわりキーホルダー カルシファー","1540"
"4974475925136","4974475925136","ふんわりキーホルダー ムーン","1650"
"4974475924931","4974475924931","ふんわりキーホルダー ポルコロッソ","1870"
"4974475924337","4974475924337","大トトロ 吠えL","8580"
"4974475924238","4974475924238","大トトロ 吠えM","5280"
"4974475920230","4974475920230","パパンダ ティッシュケース","6380"
"4974475920131","4974475920131","パンちゃん たけのこ","2750"
"4974475920032","4974475920032","パパンダ 竹","3080"
"4974475912938","4974475912938","リュックネコバス","13200"
"4974475912839","4974475912839","リュック坊ネズミ","8800"
"4974475912730","4974475912730","リュックジジ　","9350"
"4974475912631","4974475912631","リュック中トトロ","9900"
"4974475912352","4974475912352","リュック大トトロ","9900"
"4974475910132","4974475910132","中トトロS","3300"
"4974475909136","4974475909136","魔女の宅急便 ふかふかがまぐち ジジ","2530"
"4974475908931","4974475908931","となりのトトロ ふかふかがまぐち 中トトロ","2530"
"4974475908832","4974475908832","となりのトトロ ふかふかがまぐち 大トトロ","2530"
"4974475908733","4974475908733","魔女の宅急便 動くぬいぐるみ ジジ","2200"
"4974475908634","4974475908634","となりのトトロ 動くぬいぐるみ ネコバス","2200"
"4974475908436","4974475908436","となりのトトロ 動くぬいぐるみ 中トトロ","2200"
"4974475908337","4974475908337","となりのトトロ 動くぬいぐるみ 大トトロ","2200"
"4974475908139","4974475908139","ふんわりヤックルS","2750"
"4974475908030","4974475908030","ふんわりキーホルダー ヤックル","1490"
"4974475907835","4974475907835","ミニマグネット　「ジジ」","770"
"4974475907736","4974475907736","ミニマグネット　「メイちゃん」","720"
"4974475907637","4974475907637","ミニマグネット　「クロスケ」","660"
"4974475907439","4974475907439","ミニマグネット　「小トトロ」","610"
"4974475907330","4974475907330","ミニマグネット　「中トトロ」","660"
"4974475907132","4974475907132","ミニマグネット　「大トトロGY」","770"
"4974475907033","4974475907033","ふんわりキーホルダー クロスケ","860"
"4974475906937","4974475906937","キーホルダー 小トトロ","770"
"4974475906838","4974475906838","キーホルダー 中トトロ","1320"
"4974475906739","4974475906739","キーホルダー 大トトロ","1320"
"4974475906630","4974475906630","魔女の宅急便 ミニがまぐち ジジ","1320"
"4974475906531","4974475906531","となりのトトロ ミニがまぐち クロスケ","1320"
"4974475906432","4974475906432","となりのトトロ ミニがまぐち ネコバス","1320"
"4974475906333","4974475906333","となりのトトロ ミニがまぐち 小トトロ","1320"
"4974475906234","4974475906234","となりのトトロ ミニがまぐち中トトロ","1320"
"4974475906135","4974475906135","となりのトトロ ミニがまぐち 大トトロ","1320"
"4974475905930","4974475905930","ふんわりキーホルダー オオトリさま","1650"
"4974475905831","4974475905831","ふんわりキーホルダー 坊ねずみ","1650"
"4974475905732","4974475905732","ふんわりキーホルダー　ジジ","1650"
"4974475905633","4974475905633","ふんわりキーホルダー　ネコバス","1760"
"4974475905534","4974475905534","ふんわりキーホルダー 小トトロ","1100"
"4974475905435","4974475905435","ふんわりキーホルダー 中トトロ","1540"
"4974475905336","4974475905336","ふんわりキーホルダー 大トトロ笑い","1650"
"4974475905237","4974475905237","ふんわりキーホルダー 大トトロ傘持ち","1650"
"4974475905138","4974475905138","ふんわりキーホルダー 大トトロお土産","1650"
"4974475904933","4974475904933","千と千尋の神隠し ふんわり小銭入れ オオトリサマ","1980"
"4974475904834","4974475904834","魔女の宅急便 ふんわり小銭入れ ジジ","1870"
"4974475904735","4974475904735","となりのトトロ ふんわり小銭入れ ネコバス","1980"
"4974475904636","4974475904636","となりのトトロ ふんわり小銭入れ 中トトロ","1980"
"4974475904537","4974475904537","となりのトトロ ふんわり小銭入れ大トトロ笑い","1870"
"4974475904438","4974475904438","となりのトトロ ふんわり小銭入れ 大トトロ","1980"
"4974475904339","4974475904339","ふんわりお手玉 キツネリス","2200"
"4974475904032","4974475904032","ふんわりお手玉 坊ネズミ","2200"
"4974475903936","4974475903936","ふんわりお手玉 オオトリさま","2200"
"4974475903837","4974475903837","ふんわりお手玉 リリー","2200"
"4974475903738","4974475903738","ふんわりお手玉 ジジ","2200"
"4974475903639","4974475903639","ふんわりお手玉 大トトロGR","1980"
"4974475903530","4974475903530","ふんわりお手玉  大トトロ 居眠り","2090"
"4974475903431","4974475903431","ふんわりお手玉 小トトロ 葉っぱ持ち","1760"
"4974475903332","4974475903332","ふんわりお手玉 中トトロ 葉っぱ持ち","2090"
"4974475903233","4974475903233","ふんわりお手玉 大トトロ 葉っぱ持ち","2200"
"4974475902939","4974475902939","ふんわりお手玉 中トトロ","2090"
"4974475902830","4974475902830","ふんわりお手玉 大トトロ","2200"
"4974475902731","4974475902731","着ぐるみメイちゃん ネコバス","4730"
"4974475902533","4974475902533","メイちゃんSS","4400"
"4974475902434","4974475902434","まっくろくろすけ ブローチ","770"
"4974475902335","4974475902335","まっくろくろすけ","1540"
"4974475902236","4974475902236","小トトロM","3520"
"4974475902137","4974475902137","小トトロS","1760"
"4974475901833","4974475901833","大トトロ笑いL","8250"
"4974475901734","4974475901734","大トトロ 笑いM","4950"
"4974475901635","4974475901635","大トトロ 笑いS","3740"
"4974475901536","4974475901536","大トトロLL","17600"
"4974475901437","4974475901437","大トトロL","8030"
"4974475901338","4974475901338","大トトロM","4730"
"4974475901239","4974475901239","大トトロS","3630"
"4974475901130","4974475901130","仲良しジジ 座りS","3520"
"4974475900935","4974475900935","仲良しジジ 這いS","3520"
"4974475900430","4974475900430","なかよし小トトロ 葉っぱ","2750"
"4974475900331","4974475900331","なかよし中トトロ 葉っぱ","3860"
"4974475900232","4974475900232","なかよし大トトロ 葉っぱ","4400"
"4974475899734","4974475899734","手乗り ジジ","1980"
"4974475886130","4974475886130","ぬいぐるみバッジ バロン","2860"
"4974475885638","4974475885638","ぬいぐるみバッジ ヤックル","2640"
"4974475885133","4974475885133","ぬいぐるみバッジ オオトリさま","2640"
"4974475885034","4974475885034","ぬいぐるみバッジ リリー","2640"
"4974475884938","4974475884938","ぬいぐるみバッジ ジジ","2640"
"4974475884839","4974475884839","ぬいぐるみバッジ ネコバス","2860"
"4974475884631","4974475884631","ぬいぐるみバッジ 小トトロ","2090"
"4974475877435","4974475877435","コダマ マスコットIV","1540"
"4974475877336","4974475877336","コダマ マスコットBL","1540"
"4974475877237","4974475877237","コダマ マスコット LGR","1540"
"4974475875530","4974475875530","魔女の宅急便 バッジ キキ","1370"
"4974475872836","4974475872836","ふんわりお手玉 小トトロ","1760"
"4974475872331","4974475872331","千と千尋の神隠し バッジ オオトリサマ","1100"
"4974475872034","4974475872034","もののけ姫 バッジ ヤックル","1320"
"4974475871730","4974475871730","魔女の宅急便 バッジ リリー","1140"
"4974475871433","4974475871433","となりのトトロ バッジ ネコバス","1320"
"4974475871235","4974475871235","となりのトトロ バッジ 小トトロ","880"
"4974475871037","4974475871037","となりのトトロ バッジ 大トトロ","1100"
"4974475867832","4974475867832","トトロといっしょ帽子ネコバス","2200"
"4974475867733","4974475867733","トトロといっしょ帽子中トトロ","2200"
"4974475867634","4974475867634","トトロといっしょ帽子大トトロ","2200"
"4974475866934","4974475866934","ほのぼのジジM口開き","3080"
"4974475864138","4974475864138","笛入り 中トトロ","1650"
"4974475864039","4974475864039","笛入り 大トトロ","1650"
"4974475863933","4974475863933","ガラガラ ジジ","1650"
"4974475863834","4974475863834","ガラガラ ネコバス","1650"
"4974475863636","4974475863636","ガラガラ 中トトロ","1650"
"4974475863537","4974475863537","ガラガラ 大トトロ","1650"
"4974475863438","4974475863438","ポニョM","2750"
"4974475863339","4974475863339","ポニョS","2240"
"4974475863131","4974475863131","もののけ姫 動くぬいぐるみ こだま","1430"
"4974475863032","4974475863032","となりのトトロ 動くぬいぐるみ クロスケ","1430"
"4974475862936","4974475862936","ネコバスM","5940"
"4974475862837","4974475862837","ふわふわジブリコレクション 小トトロ","550"
"4974475862738","4974475862738","ふわふわジブリコレクション 中トトロ","660"
"4974475862639","4974475862639","ふわふわジブリコレクション 大トトロ","660"
"4974475862530","4974475862530","ジブリコレクション ジジ","550"
"4974475862332","4974475862332","ジブリコレクション ネコバス","550"
"4974475862233","4974475862233","ジブリコレクション 小トトロ","440"
"4974475862134","4974475862134","ジブリコレクション 中トトロ","550"
"4974475862035","4974475862035","ジブリコレクション 大トトロ グリーン","550"
"4974475861939","4974475861939","ジブリコレクション 大トトログレー","550"
"4974475861731","4974475861731","ジブリコレクション（となりのトトロ）","2530"
"4974475853439","4974475853439","マグネット　トトロ「クロスケ流し目」","1320"
"4974475839235","4974475839235","クッション坊ネズミ","3850"
"4974475838931","4974475838931","クッション小トトロ","2420"
"4974475830539","4974475830539","アーヤ クマデーモン","2750"
"4974475830232","4974475830232","なかよしオオトリさまS","2750"
"4974475830133","4974475830133","なかよし坊ネズミ 這いS","3630"
"4974475830034","4974475830034","なかよし坊ネズミ 座りS","3630"
"4974475822237","4974475822237","ぬいぐるみ　トトロ（森からのおくりもの）","8500"
"4974475822138","4974475822138","ふんわり大トトロ 笑いM","4730"
"4974475811668","4974475811668","折傘 小トトロ 野花","5940"
"4974475809160","4974475809160","魔女の宅急便 エプロン ジジ","4290"
"4974475808866","4974475808866","となりのトトロ エプロン 野花","3740"
"4974475807661","4974475807661","となりのトトロ エプロン クロスケ","4290"
"4974475805865","4974475805865","魔女の宅急便 エプロン ジジ＆ネコバス","4180"
"4974475804837","4974475804837","ふんわりお手玉 小トトロとクロスケ","2090"
"4974475804738","4974475804738","ふんわりお手玉 中トトロとクロスケ","2310"
"4974475804639","4974475804639","ふんわりお手玉 大トトロとクロスケ","2530"
"4974475798136","4974475798136","ふんわり中トトロL","6380"
"4974475798037","4974475798037","ふんわり中トトロM","4180"
"4974475797931","4974475797931","ふんわり中トトロS","2860"
"4974475770736","4974475770736","なかよし小トトロS","1760"
"4974475770637","4974475770637","なかよし中トトロM","3960"
"4974475770538","4974475770538","なかよし中トトロS","2750"
"4974475770439","4974475770439","なかよし大トトロM","4400"
"4974475770330","4974475770330","なかよし大トトロS","3300"
"4974475756235","4974475756235","千と千尋の神隠し がまぐち 坊ねずみ","2530"
"4974475756136","4974475756136","千と千尋の神隠し がまぐち オオトリサマ","2420"
"4974475730730","4974475730730","トトロのお家 切り株M","3520"
"4974475724036","4974475724036","となりのトトロ お出かけ絵本","3520"
"4974475712132","4974475712132","ふんわりキーホルダー　キツネソス","1380"
"4974475688734","4974475688734","キツネリスM","3080"
"4974475661539","4974475661539","ミニマグネット　「大トトロDGY」","660"
"4974475653534","4974475653534","ふかふかポニョS 立ち","2640"
"4974475653435","4974475653435","ふかふかポニョS 泳ぎ","2420"
"4974475653336","4974475653336","ふかふかポニョ マスコット","1410"
"4974475644037","4974475644037","スタイ ジジのぬいぐるみ","2420"
"4974475643931","4974475643931","スタイ ジジとあしあと","2420"
"4974475643733","4974475643733","スタイ ネコバス笑い","2420"
"4974475643535","4974475643535","スタイ 中トトロ グリーン","2200"
"4974475643436","4974475643436","スタイ 大トトロ グリーン","2200"
"4974475643030","4974475643030","ネコバスL","12100"
"4974475640732","4974475640732","笛入り 大トトロ","1650"
"4974475634830","4974475634830","大トトロ 笑いLL","17600"
"4974475633031","4974475633031","大トトロL ダークグレー","8030"
"4974475632638","4974475632638","大トトロS ダークグレー","2200"
"4974475632539","4974475632539","大トトロS グレー","2200"
"4974475594530","4974475594530","ふんわりお手玉 ヤックル","2200"
"4974475549837","4974475549837","スタイ 中トトロ 笑い","2200"
"4974475549738","4974475549738","スタイ 大トトロ 笑い","2530"
"4974475549639","4974475549639","スタイ 大トトロとオカリナ","2530"
"4974475523738","4974475523738","となりのトトロ 中トトロハンドパペット","2200"
"4974475492934","4974475492934","となりのトトロ リールパスケース 中トトロ","2200"
"4974475492232","4974475492232","魔女の宅急便 リールパスケース ジジ","2200"
"4974475492133","4974475492133","となりのトトロ リールパスケース ネコバス","2640"
"4974475492034","4974475492034","となりのトトロ リールパスケース 大トトロ","2200"
"4974475380232","4974475380232","リュック大トトロ笑い","7480"
"4974475031343","4974475031343","ふんわりお手玉 ネコバス","2090"
"4973542523459","4973542523459","皿うどん(2食)","650"
"4973542521608","4973542521608","ばってん皿うどん","1450"
"4973542515430","4973542515430","厚生　ちゃんぽん(3食)","1190"
"4973542513412","4973542513412","ちゃんぽん　2食","650"
"4973542511593","4973542511593","ばってんちゃんぽん","1450"
"4973422911963","4973422911963","ジジとリボン　お手拭き","2280"
"4973422669734","4973422669734","ペーパーホルダーカバー　ジジトデート","2280"
"4973422651432","4973422651432","ペーパーホルダーカバー　ハナサンポ","2280"
"4973422648784","4973422648784","スリッパ　ジジ","2620"
"4973422222427","4973422222427","ラグマット　トトロ　（すずめぐさ）180×180㎝","11370"
"4973307680342","4973307680342","ポケモン　はし　3Pセット(ゴースト)","1100"
"4973307674365","4973307674365","ポケモン　はし/ミュウ","500"
"4973307674358","4973307674358","ポケモン　はし/カビゴン","500"
"4973307674341","4973307674341","ポケモン　はし/ゲンガー","500"
"4973307669651","4973307669651","八角形ステンレス　マグボトル　500ml　ジジ　","4740"
"4973307669644","4973307669644","八角形ステンレス　マグボトル　350ml　ジジ","4390"
"4973307669637","4973307669637","八角形マグボトル　500ml　トトロ","4740"
"4973307669620","4973307669620","八角形ステンレス　マグボトル　350ml　トトロ（どんどこ）","4390"
"4973307669446","4973307669446","ステンレス　マグカップ　ふた付き　トトロ","3820"
"4973307669392","4973307669392","箸 もののけ姫（面）","800"
"4973307669385","4973307669385","箸 千と千尋 油屋","800"
"4973307669361","4973307669361","箸 ジジ","800"
"4973307669330","4973307669330","箸 トトロ ブルー","800"
"4973307669323","4973307669323","箸 トトロ ホワイト ","800"
"4973307662195","4973307662195","超軽量マグボトル　350ml　魔女の宅急便","4390"
"4973307662188","4973307662188","ロック付き　マグボトル　500ml　魔女の宅急便","4160"
"4973307661747","4973307661747","巾着　2枚セット","1370"
"4973307658921","4973307658921","2段ランチボックス 魔女の（フレンチ）","2050"
"4973307658914","4973307658914","4点ロックランチ　ボックスフレンチ","2050"
"4973307658891","4973307658891","容器３Pセット　魔女の宅急便","1540"
"4973307658884","4973307658884","ふわっと2段弁当箱　フレンチ","2050"
"4973307658877","4973307658877","４点ロック弁当箱　魔女の宅急便　","1820"
"4973307658860","4973307658860","がまぐちランチバッグ「魔女の宅急便ジジ」","2390"
"4973307658822","4973307658822","コンビセット 魔女の（フレンチ）","1260"
"4973307658815","4973307658815","箸箱セット 魔女の（フレンチ）","910"
"4973307658655","4973307658655","２段　ランチボックス　トトロ","2050"
"4973307658624","4973307658624","３Pセット容器　トトロ","1540"
"4973307658617","4973307658617","ふわっと2段弁当箱　行進","2050"
"4973307658600","4973307658600","４点ロック弁当箱　トトロ","1820"
"4973307658594","4973307658594","がまぐちランチバッグ「となりのトトロ(行進）」","2390"
"4973307658556","4973307658556","コンビセット　トトロ（行進）","1260"
"4973307658549","4973307658549","箸箱セット　トトロ（行進）","910"
"4973307657917","4973307657917","縦・横 冷水筒パッチン付「魔女の宅急便」","2620"
"4973307657900","4973307657900","縦・横 冷水筒パッチン付「となりのトトロ」","2620"
"4973307657733","4973307657733","かやふきん　小トトロ","1140"
"4973307657528","4973307657528","ストロー付タンブラー230ml「となりのトトロ(ネコバス)」","1080"
"4973307657092","4973307657092","（缶）メイのお弁当","3070"
"4973307657085","4973307657085","ランチボックス ネコバス（丸） メイちゃん","1830"
"4973307657061","4973307657061","おしぼりケース　メイちゃん","970"
"4973307657054","4973307657054","プラコップ　メイのお弁当","570"
"4973307657023","4973307657023","トリオセット メイちゃん","1710"
"4973307649653","4973307649653","レジャーシート　トトロ（ネコバス）","860"
"4973307649615","4973307649615","2WAY　ステンレスボトル　ネコバス","4050"
"4973307649554","4973307649554","シール容器3Pセット　ネコバス","1540"
"4973307649547","4973307649547","アルミ弁当箱 トトロ","2850"
"4973307649530","4973307649530","ランチボックス　ネコバス　長方形","1540"
"4973307649523","4973307649523","ランチボックス ネコバス（丸）","1820"
"4973307649516","4973307649516","プラコップ（ネコバス）","570"
"4973307649509","4973307649509","トリオセット　ネコバス","1710"
"4973307649493","4973307649493","箸箱セット　ネコバス","780"
"4973307649486","4973307649486","箸 ポニョ","800"
"4973307649448","4973307649448","プラコップ　ポニョ　姉妹","570"
"4973307649424","4973307649424","崖の上のポニョ　ランチボックス","1820"
"4973307649417","4973307649417","トリオセット　ポニョ姉妹","1710"
"4973307647956","4973307647956","デリカポット「魔女の宅急便フレンチ」","3820"
"4973307647918","4973307647918","デリカポット「となりのトトロ行進」","3830"
"4973307645327","4973307645327","ラク軽弁当箱　キキ","1350"
"4973307645310","4973307645310","ラク軽弁当箱　ジジ","1140"
"4973307645280","4973307645280","タンブラー　魔女の宅急便　（鳥かご）","3930"
"4973307645273","4973307645273","タンブラー M キキ","2780"
"4973307645266","4973307645266","タンブラー S キキ","2430"
"4973307645259","4973307645259","タンブラー　魔女の宅急便　（ジジ）","2850"
"4973307645242","4973307645242","タンブラー　S　ジジ","2510"
"4973307645235","4973307645235","タンブラー　Ｍ　トトロ（木の実）","2780"
"4973307645211","4973307645211","タンブラー　L　トトロ　（木の実）","2850"
"4973307645198","4973307645198","トリオセット　カオナシ　（えんじ）","1710"
"4973307645181","4973307645181","容器３Pセット　カオナシ　（えんじ）　","1260"
"4973307645174","4973307645174","丸型ランチボックス カオナシ（えんじ）","1370"
"4973307643712","4973307643712","ホットサンドメーカー「魔女の宅急便23」","5350"
"4973307639784","4973307639784","ボトルカバー","1990"
"4973307639692","4973307639692","ランチボックス　カルシファー","1820"
"4973307639685","4973307639685","丸型ランチボックス2段 カルシファー","1370"
"4973307638503","4973307638503","ポケモン ケケ箸 クワっスブルー","440"
"4973307638480","4973307638480","ポケモン ケケ箸 ホゲータレッド","440"
"4973307635601","4973307635601","箸 パンダコパンダ","800"
"4973307635571","4973307635571","マスクストッカー パンダコパンダ","2110"
"4973307635557","4973307635557","丸型ランチボックス2段 パンダコパンダ","1370"
"4973307635540","4973307635540","ランチボックス2段　パンダコパンダ","2050"
"4973307635533","4973307635533","音の鳴らないコンビセット　パンダコパンダ","1260"
"4973307635519","4973307635519","皿　パンダコパンダ","740"
"4973307631481","4973307631481","カットバック カルシファー","3190"
"4973307631474","4973307631474","スライド式　トリオセット　カルシファー","1710"
"4973307631429","4973307631429","箸 2Pセット カルシファー","1140"
"4973307618338","4973307618338","一層　ステンレスボトル　500ml　トトロ（木苺）白","2890"
"4973307617386","4973307617386","ボウル　４Pセット　ラピュタ","1370"
"4973307616273","4973307616273","ケース付きコップセット魔女宅","1710"
"4973307616266","4973307616266","バック　ランチセット　魔女の宅急便","5460"
"4973307616198","4973307616198","おにぎり型ランチバック　メイといっしょ","1140"
"4973307614682","4973307614682","となりのトトロ マグポーチ","1710"
"4973307609428","4973307609428","ランチボックス　メイといっしょ","1430"
"4973307609411","4973307609411","ランチボックス　メイといっしょ","1710"
"4973307609404","4973307609404","プラコップ　メイといっしょ","520"
"4973307609398","4973307609398","スライド式　トリオセット　メイといっしょ","1480"
"4973307609381","4973307609381","スライド箸＆箸箱セット　メイといっしょ","720"
"4973307608834","4973307608834","ランチバック　ハウルの動く城","2390"
"4973307608803","4973307608803","魔女の宅急便 歯ブラシ 黄","230"
"4973307608797","4973307608797","魔女の宅急便 歯ブラシ オレンジ","230"
"4973307608780","4973307608780","魔女の宅急便 歯ブラシ 緑","230"
"4973307608773","4973307608773","となりのトトロ 歯ブラシ 白","230"
"4973307608766","4973307608766","となりのトトロ 歯ブラシ ピンク","230"
"4973307608759","4973307608759","となりのトトロ 歯ブラシ 肌色","230"
"4973307602528","4973307602528","箸ケース トトロ 桜柄 23㎝","1160"
"4973307601842","4973307601842","箸ケース 坊・湯バード","1100"
"4973307601835","4973307601835","箸ケース カオナシ","1100"
"4973307601828","4973307601828","箸ケース こだま","1100"
"4973307601804","4973307601804","箸ケース トトロ グレー","1100"
"4973307601798","4973307601798","箸ケース トトロ 茶","1100"
"4973307601767","4973307601767","箸ケース トトロ 緑","1100"
"4973307601750","4973307601750","箸ケース トトロ 桜柄 21㎝","1100"
"4973307601736","4973307601736","箸ケース 魔女の（ブラウン）","1100"
"4973307601712","4973307601712","箸ケース 魔女の イエロー","1100"
"4973307601705","4973307601705","箸ケース 魔女の パープル","1100"
"4973307601699","4973307601699","箸ケース 魔女の ピンク","1100"
"4973307601514","4973307601514","２段弁当箱　魔女の宅急便（モダンフラワー）","1940"
"4973307601248","4973307601248","4点ロック弁当箱 （木苺）","1710"
"4973307601217","4973307601217","箸箱セット トトロ（木苺）","870"
"4973307593024","4973307593024","タンブラー　L　もののけ姫","2850"
"4973307592980","4973307592980","超軽量マグボトル　　300ml　トトロ","4050"
"4973307592973","4973307592973","超軽量マグボトル　　250ml　トトロ","3930"
"4973307592843","4973307592843","タンブラー　L　ハウルの動く城","2850"
"4973307592836","4973307592836","ステンレス　マグボルト　ハウルの動く城","4780"
"4973307592775","4973307592775","弁当箱　ハウル","1820"
"4973307592751","4973307592751","エア弁付レンジパック小鉢/S200ml「魔女宅」","1520"
"4973307592713","4973307592713","耐熱ガラス製4点ロック保存容器370ml","1820"
"4973307592676","4973307592676","ホーローグリップケトル1.1L「まっくろくろすけ」","6030"
"4973307592669","4973307592669","ホーローミルクパン13cm「まっくろくろすけ」","4560"
"4973307592591","4973307592591","ホーローバターケース木蓋　500ml　「魔女宅」","4210"
"4973307592553","4973307592553","ホーローバターケース木蓋　500ml　トトロ","4210"
"4973307592522","4973307592522","ホーローメジャーカップ　450ml　トトロ","3640"
"4973307589812","4973307589812","デリカポット「魔女の宅急便モダンフラワー」","3440"
"4973307587597","4973307587597","一層　ステンレスボトル　580ml　トトロ（木苺）緑","2890"
"4973307577888","4973307577888","フードランチケース M トトロ","1430"
"4973307577871","4973307577871","フードランチケース S トトロ","1260"
"4973307573606","4973307573606","ポケモン　はし/ポッチャマ","440"
"4973307564710","4973307564710","直のみワンタッチボトル　ジジボタニカル","1940"
"4973307564703","4973307564703","プラコップ　ボタニカル","570"
"4973307564697","4973307564697","ランチボックス　ジジボタニカル","1540"
"4973307564673","4973307564673","ランチボックス　ジジボタニカル","1710"
"4973307564666","4973307564666","スライド式　トリオセット　ジジボタニカル","1710"
"4973307554414","4973307554414","弁当箱　耳をすませば","1710"
"4973307551376","4973307551376","アルミメンチョス　ラピュタ","4210"
"4973307550591","4973307550591","とんすい","1370"
"4973307547713","4973307547713","容器３Pセット（長方形）カオナシ　(提灯）","1260"
"4973307547706","4973307547706","トリオセット　ジジフェイス","1710"
"4973307547577","4973307547577","カットバック カオナシ","3190"
"4973307547454","4973307547454","スライド式　トリオセット　カオナシ（堤灯）","1710"
"4973307547447","4973307547447","丸型ランチボックス カオナシ（提灯）","1370"
"4973307544224","4973307544224","深皿 トトロ 桜","1370"
"4973307544217","4973307544217","中鉢 トトロ 桜","2620"
"4973307544200","4973307544200","小皿 トトロ 桜","2160"
"4973307544187","4973307544187","マグカップ 桜トトロ","2960"
"4973307544170","4973307544170","お茶碗 トトロ 桜柄","2280"
"4973307538940","4973307538940","タンブラー M トトロ","2560"
"4973307531132","4973307531132","コンビセット　トトロフェイス","1260"
"4973307531088","4973307531088","4点ロックランチ　トトロフェイス","1940"
"4973307525858","4973307525858","シール容器3Pセット　デイジー","1260"
"4973307497629","4973307497629","マスコット付き塗り箸","910"
"4973307495687","4973307495687","ラク軽弁当箱（M）トトロ","1200"
"4973307495670","4973307495670","ラク軽弁当箱（S）トトロ","1030"
"4973307490866","4973307490866","４点ロックランチボックス　カオナシ","1600"
"4973307488467","4973307488467","プチウォーターボトル","1200"
"4973307476709","4973307476709","シールボックス エレガンス(2個入り）ジジ","970"
"4973307476655","4973307476655","がまぐちランチバッグ「トトロKURASHI」","2390"
"4973307476648","4973307476648","シールボックス　500ml　2個入　トトロ","1030"
"4973307476112","4973307476112","刺繍　ランチベルト　ジジ","1030"
"4973307476105","4973307476105","刺繍　ランチベルト　マックロクロスケ","1030"
"4973307476099","4973307476099","刺繍　ランチベルト　トトロ","1030"
"4973307476075","4973307476075","箸 カオナシ 20","800"
"4973307476044","4973307476044","塗スナックボウル　千尋","2620"
"4973307476020","4973307476020","箸 トトロ 20","800"
"4973307475986","4973307475986","塗スナックボウル　トトロ","2620"
"4973307475979","4973307475979","塗汁わん　トトロ","1140"
"4973307451591","4973307451591","丸型ランチボックス ジジ","1370"
"4973307451584","4973307451584","丸型ランチボックス トトロ","1370"
"4973307445859","4973307445859","箸 カオナシ ","800"
"4973307445842","4973307445842","カットバック ジジ","3190"
"4973307427763","4973307427763","シールボックス エレガンス(2個入り）ジジ フェイス","1030"
"4973307412172","4973307412172","タンブラー　L　トトロ　１８","2730"
"4973307412165","4973307412165","タンブラー　M　トトロ　１８","2550"
"4973307412158","4973307412158","タンブラー　S　トトロ　１８","2280"
"4973307389368","4973307389368","コルクポケット付き　デニムランチバック　トトロ","2510"
"4973307389351","4973307389351","コルク＆デニム　ランチバック　トトロ","2850"
"4973307386671","4973307386671","バス型　ランチボックス　ネコバス","3190"
"4973307384813","4973307384813","箸 千と千尋（ハク）","800"
"4973307384806","4973307384806","箸 袋 こだま","800"
"4973307384790","4973307384790","箸 ジジ 薔薇","800"
"4973307384783","4973307384783","箸 ジジ 小花","800"
"4973307384684","4973307384684","箸 ジジ あしあと","800"
"4973307384677","4973307384677","箸 トトロ（小トトロ）","800"
"4973307384325","4973307384325","箸 トトロ 華の舞","800"
"4973307384097","4973307384097","箸 トトロ（木の実）","800"
"4973307374456","4973307374456","カットバック 小トトロ","3190"
"4973307374449","4973307374449","カットバック 中トトロ","3190"
"4973307342103","4973307342103","カットバック 大トトロ","3190"
"4972835001087","4972835001087","ちゃんぽん 皿うどん　詰め合わせ","2000"
"4972835000059","4972835000059","五島製麺　ちゃんぽん","630"
"4972525052740","4972525052740","ゴールドつめきり　ピンク","670"
"4972525052023","4972525052023","匠の技　高級つめきり","1550"
"4972373700114","4972373700114","きらめき　石畳","820"
"4970381803346","4970381803346","のせキャラ　千と千尋","3820"
"4970381802707","4970381802707","トランプ トトロ","1160"
"4970381802547","4970381802547","おきあがりこぼし　青サギマスコット","3410"
"4970381710170","4970381710170","ころ鈴付⑨カオナシ","1140"
"4970381710156","4970381710156","ころ鈴付⑦飛行石","1140"
"4970381710132","4970381710132","ころ鈴付⑤ジジ","1140"
"4970381710125","4970381710125","ころ鈴根付④ネコバス","1140"
"4970381710101","4970381710101","ころ鈴付②中トトロ","1140"
"4970381710095","4970381710095","ころ鈴付①大トトロ","1140"
"4970381709693","4970381709693","チェンジング缶バッジ パンダコパンダ","930"
"4970381709662","4970381709662","パンダコパンダ（パンダちゃんのおしりトート）","3980"
"4970381705239","4970381705239","おきあがりこぼし 君たちはどう生きるか","2730"
"4970381704506","4970381704506","印鑑立て 銭婆","3470"
"4970381703134","4970381703134","UNO トトロ","1800"
"4970381702939","4970381702939","ヘアバンド　ポムポムプリン","2150"
"4970381702908","4970381702908","ヘアバンド　シナモンロール","2150"
"4970381701437","4970381701437","プルダックコレクション千と千尋「キョロキョロしながらあるくカオナシ」","2850"
"4970381701420","4970381701420","プルバックコレクショントトロ「トトロをのせてはしるネコバス」","3980"
"4970381701413","4970381701413","プルバックコレクショントトロ「メイちゃんの三輪車」","3470"
"4970381701390","4970381701390","プルバックコレクショントトロ「どんぐりかついだ中トトロ」","2280"
"4970381701383","4970381701383","プルバックコレクショントトロ「あわててはしる小トトロ」","1710"
"4970381700614","4970381700614","のせキャラ　ネコバス","3820"
"4970381525675","4970381525675","ペーパーシアター　コダマの棲む森","3120"
"4970381524227","4970381524227","アートボードパズル366Pラピュタ「空から降りてきた少女」","4390"
"4970381524210","4970381524210","アートボードパズル366P魔女宅「海に浮かぶ町」","4390"
"4970381524166","4970381524166","アートボードパズル366Pもののけ姫「モロとサン」","4390"
"4970381524135","4970381524135","アートボードパズル366Pナウシカ「王蟲とナウシカ」","4390"
"4970381524128","4970381524128","アートボードパズル366Pトトロ「いっぱい採れたね」","4390"
"4970381524111","4970381524111","アートボードパズル366P魔女宅「光射す部屋」","4390"
"4970381524104","4970381524104","アートボードパズル366Pトトロ「月夜の合唱隊」","4390"
"4970381524098","4970381524098","アートボードパズル366P魔女宅「少女の時間」","4390"
"4970381523497","4970381523497","ペーパーシアター　もののけ姫","2080"
"4970381523466","4970381523466","ペーパーシアター ハウル","2310"
"4970381523442","4970381523442","ペーパーシアター　空中散歩","2080"
"4970381523398","4970381523398","ペーパーシアター ボクがいる","2080"
"4970381523312","4970381523312","ペーパーシアター　ここで働かせて下さい","3120"
"4970381523275","4970381523275","ペーパーシアター　ハクのおむすび","2080"
"4970381523176","4970381523176","ペーパーシアターウッドスタイルプレミアム 何が釣れるかな？","8090"
"4970381523145","4970381523145","ペーパーシアター 秋の木漏れ日","2200"
"4970381523077","4970381523077","ペーパーシアター メイを迎えに","2080"
"4970381523060","4970381523060","ペーパーシアター ひみつのごちそう","2080"
"4970381523053","4970381523053","ペーパーシアター 野原をおさんぽ","2080"
"4970381522995","4970381522995","ペーパーシアター ひとやすみ","2200"
"4970381522957","4970381522957","ペーパーシアターキューブ 雨音のダンス","2780"
"4970381522919","4970381522919","ペーパーシアター　ハウルと星の子","2310"
"4970381522117","4970381522117","ペーパーシャドウアート さよなら油屋","6360"
"4970381521707","4970381521707","クムクムパズル 飛行船","1510"
"4970381521226","4970381521226","パンダコパンダ「みんなでピクニック」26×38㎝","2080"
"4970381520595","4970381520595","クムクムパズル キノコでひとやすみ","1510"
"4970381520311","4970381520311","ペーパーシャドウアート 少女の時間","6360"
"4970381520304","4970381520304","ペーパーシャドウアート 空にひびけ","6360"
"4970381519971","4970381519971","もののけ姫「人の手で」26×38㎝","2080"
"4970381519766","4970381519766","クリアパズル300P耳すま「地球屋のからくり時計」","2780"
"4970381519674","4970381519674","ポスターコレクションパズル1000P「君たちはどう生きるか」","3240"
"4970381519667","4970381519667","ミニパズル150P「君たちはどう生きるか」","700"
"4970381519469","4970381519469","クムクムパズル カオナシ","1510"
"4970381519315","4970381519315","ペーパーシアター　油屋のお客様","3240"
"4970381519308","4970381519308","ペーパーシアター　あっかんべー！","2890"
"4970381519292","4970381519292","ペーパーシアター　空中海賊ドーラー家","2890"
"4970381519179","4970381519179","千と千尋 クリスタルジグソー「Spritied Away」1000pcs","5780"
"4970381518875","4970381518875","ペーパーシアター　ソフィー","2310"
"4970381518868","4970381518868","ペーパーシアター 　サン","2310"
"4970381518851","4970381518851","ペーパーシアター　フィオ","2080"
"4970381518844","4970381518844","ペーパーシアター　キキ","2310"
"4970381518837","4970381518837","ペーパーシアター　シータ","2310"
"4970381517175","4970381517175","クムクムパズル ジジ","1510"
"4970381517083","4970381517083","魔女の宅急便「扉を開けたら」18.2×25.7㎝","1620"
"4970381517076","4970381517076","魔女の宅急便「海辺のおしゃべり」18.2×25.7㎝","1620"
"4970381517069","4970381517069","魔女の宅急便「めしあがれ」18.2×25.7㎝","1620"
"4970381517052","4970381517052","トトロ「水辺の散歩」18.2×25.7㎝","1620"
"4970381517038","4970381517038","耳をすませば「バロン」18.2×25.7㎝","1620"
"4970381516994","4970381516994","トトロ「メイちゃんのいねむり」18.2×25.7㎝","1620"
"4970381516987","4970381516987","トトロ「夜のオカリナ」18.2×25.7㎝","1620"
"4970381516956","4970381516956","ラピュタ「飛行石の秘密」18.2×25.7㎝","1620"
"4970381516932","4970381516932","魔女の宅急便「カモメにあいさつ」18.2×25.7㎝","1620"
"4970381516925","4970381516925","魔女の宅急便「見て！見て！」18.2×25.7㎝","1620"
"4970381516918","4970381516918","トトロ「あたまの上で」18.2×25.7㎝","1620"
"4970381516901","4970381516901","トトロ「夢飛行」18.2×25.7㎝","1620"
"4970381516895","4970381516895","トトロ「ネコバスとサツキ＆メイ」18.2×25.7㎝","1620"
"4970381516888","4970381516888","トトロ「三明の晩」18.2×25.7㎝","1620"
"4970381516871","4970381516871","トトロ「ネコバスにのって」18.2×25.7㎝","1620"
"4970381516741","4970381516741","もののけ姫「モロとサン」18.2×25.7㎝","1620"
"4970381516703","4970381516703","魔女の宅急便「恋の瞬間」18.2×25.7㎝","1620"
"4970381516697","4970381516697","魔女の宅急便「お届けものです！」18.2×25.7㎝","1620"
"4970381516673","4970381516673","トトロ「メイのお花屋さん」18.2×25.7㎝","1620"
"4970381516666","4970381516666","トトロ「トトロの贈り物」18.2×25.7㎝","1620"
"4970381516659","4970381516659","トトロ「トトロのおなかの上で」18.2×25.7㎝","1620"
"4970381516499","4970381516499","クムクムパズル カルシファー","1510"
"4970381516475","4970381516475","クムクムパズル 大トトロ","2780"
"4970381516079","4970381516079","トトロ「雨のバス停」18.2×25.7㎝","1620"
"4970381516048","4970381516048","魔女の宅急便「コリコの町が好き」18.2×25.7㎝","1620"
"4970381516031","4970381516031","トトロ「五月晴れの日に」18.2×25.7㎝","1620"
"4970381516024","4970381516024","トトロ「なにが釣れるかな？」18.2×25.7㎝","1620"
"4970381516017","4970381516017","トトロ「空にひびけ」18.2×25.7㎝","1620"
"4970381515713","4970381515713","クムクムパズル 園丁ロボット","2780"
"4970381515706","4970381515706","クムクムパズル 中トトロ","1510"
"4970381515492","4970381515492","ペーパーシアター　ウッドスタイル耳をすませば","4160"
"4970381515355","4970381515355","ペーパーデコパズル108P千と千尋「金を出そうか」","3700"
"4970381515324","4970381515324","ペーパーデコパズル108Pハウル「花畑で」","3700"
"4970381515317","4970381515317","ペーパーデコパズル108P耳すま「アトリエにて」","3700"
"4970381515218","4970381515218","ペーパーシアター 上昇気流に乗って","2080"
"4970381515201","4970381515201","ペーパーシアター メイを迎えに","2080"
"4970381515195","4970381515195","ペーパーシアター ボクがいる","2080"
"4970381515188","4970381515188","ペーパーシアター ひみつのごちそう","2080"
"4970381515171","4970381515171","ペーパーシアター　アドリア海上空","2080"
"4970381515164","4970381515164","ペーパーシアター　天空の城","2080"
"4970381515157","4970381515157","ペーパーシアター 野原をおさんぽ","2080"
"4970381515140","4970381515140","ペーパーシアター　不思議の町で","2080"
"4970381515133","4970381515133","ペーパーシアター　コリコの思い出","2080"
"4970381515126","4970381515126","ペーパーシアター　月光る大空","2080"
"4970381515119","4970381515119","ペーパーシアター　不思議な出会い","2080"
"4970381514785","4970381514785","トトロ クリスタルジグソー「どんどこおどり」208pcs","2080"
"4970381513986","4970381513986","ミニパズルフレーム150P3個用ブラウン","4550"
"4970381513948","4970381513948","ポスターコレクションパズル1000P「かぐや姫の物語」","3240"
"4970381513917","4970381513917","ポスターコレクションパズル1000P「借りぐらしのアリエッティ」","3240"
"4970381513863","4970381513863","ポスターコレクションパズル1000P「猫の恩返し」","3240"
"4970381513856","4970381513856","ポスターコレクションパズル1000P「千と千尋の神隠し」","3240"
"4970381513849","4970381513849","ポスターコレクションパズル1000P「ホーホケキョとなりの山田くん」","3240"
"4970381513818","4970381513818","ポスターコレクションパズル1000P「平成狸合戦ぽんぽこ」","3240"
"4970381513801","4970381513801","ポスターコレクションパズル1000P「紅の豚」","3240"
"4970381513795","4970381513795","ポスターコレクションパズル1000P「おもひでぽろぽろ」","3240"
"4970381513764","4970381513764","ポスターコレクションパズル1000P「となりのトトロ」","3240"
"4970381513757","4970381513757","ポスターコレクションパズル1000P「天空の城ラピュタ」","3240"
"4970381513474","4970381513474","トトロ クリスタルジグソー「ひみつのトンネル」208pcs","2080"
"4970381513412","4970381513412","アートボードパズル366Pトトロ「草壁家の引っ越し」","4390"
"4970381513405","4970381513405","紅の豚「記念撮影」38×53㎝","2780"
"4970381513382","4970381513382","紅の豚「運命共同体」26×38㎝","2080"
"4970381513368","4970381513368","魔女の宅急便「ウルスラの小屋で」38×53㎝","2780"
"4970381513238","4970381513238","ウッドデコパズル魔女宅「旅立ちの準備」108P","4100"
"4970381513221","4970381513221","ウッドデコパズル108Pトトロ「あたまの上で」","4100"
"4970381512644","4970381512644","ペーパーシアター　ハウル","2310"
"4970381512637","4970381512637","ペーパーシアター　ハク","2310"
"4970381510862","4970381510862","魔女の宅急便「なあに？ジジ」18.2×25.7㎝","1480"
"4970381510442","4970381510442","ペーパーシアター　オカリナを吹くトトロ","2310"
"4970381510213","4970381510213","ペーパーシアター　ここで働かせて下さい","3120"
"4970381510190","4970381510190","ペーパーシアターキューブ 引けやー！","2310"
"4970381510060","4970381510060","パズルフレーム500P用　ブラック(墨)","4280"
"4970381510053","4970381510053","パズルフレーム500P用　ボルドー(葡萄)","4280"
"4970381510046","4970381510046","パズルフレーム500P用　アイボリー(白木)","4280"
"4970381510039","4970381510039","パズルフレーム500P用　グリーン(葉っぱ)","4280"
"4970381510022","4970381510022","パズルフレーム500P用　ブラウン(どんぐり)","4280"
"4970381509293","4970381509293","千と千尋の神隠し「せまる夕暮れ」38×53㎝","2550"
"4970381509286","4970381509286","千と千尋の神隠し「再会の約束」26×38㎝","1850"
"4970381509279","4970381509279","千と千尋「銭婆のもとへ」300pcs","1850"
"4970381509262","4970381509262","千と千尋の神隠し「空中回廊」26×38㎝","1850"
"4970381508463","4970381508463","千と千尋 クリスタルジグソー「トンネルの向こう」500pcs","4050"
"4970381508456","4970381508456","魔女の宅急便 クリスタルジグソー「コリコ上空」500pcs","4050"
"4970381508203","4970381508203","クリアパズル126P耳すま「月島雫」","870"
"4970381508197","4970381508197","クリアパズル126P耳すま「天沢聖司」","870"
"4970381507541","4970381507541","ペーパーシアターウッドスタイルプレミアム 油屋","6930"
"4970381507411","4970381507411","ペーパーシアターキューブ ネコバスありがとう","2310"
"4970381507404","4970381507404","ペーパーシアターキューブ 旅立ちの準備","2310"
"4970381507367","4970381507367","魔女の宅急便「海辺の二人」","3700"
"4970381507336","4970381507336","魔女の宅急便「お届けものいたします」50×75㎝","3700"
"4970381506964","4970381506964","クリアパズル300P魔女宅「コリコの町が好き」","2550"
"4970381506643","4970381506643","魔女の宅急便「今日も元気」18.2×25.7㎝","1480"
"4970381506483","4970381506483","トトロ「トトロに飛びつけ」300pcs","1850"
"4970381505028","4970381505028","ペーパーシアター　覚悟のまなざし","2080"
"4970381504984","4970381504984","パズルフレーム300P用「墨」","4050"
"4970381504977","4970381504977","パズルフレーム300P用「葡萄」","4050"
"4970381504960","4970381504960","パズルフレーム300P用「白木」","4050"
"4970381504953","4970381504953","パズルフレーム300P用「葉っぱ」","4050"
"4970381504946","4970381504946","パズルフレーム300P用「どんぐり」","4050"
"4970381504939","4970381504939","パズルフレーム108＆208P用「墨」","2780"
"4970381504915","4970381504915","パズルフレーム108＆208P用「白木」","2780"
"4970381504908","4970381504908","パズルフレーム108＆208P用「葉っぱ」","2780"
"4970381504892","4970381504892","パズルフレーム108＆208P用「どんぐり」","2780"
"4970381504885","4970381504885","パズルフレーム150＆126P用「墨」","1740"
"4970381504878","4970381504878","パズルフレーム150＆126P用「葡萄」","1740"
"4970381504861","4970381504861","パズルフレーム150＆126P用「白木」","1740"
"4970381504854","4970381504854","パズルフレーム150＆126P用「葉っぱ」","1740"
"4970381504847","4970381504847","パズルフレーム150＆126P用「どんぐり」","1740"
"4970381504809","4970381504809","クムクムパズル ポニョ","1140"
"4970381504762","4970381504762","クムクムパズル 小トトロ","1140"
"4970381504489","4970381504489","アートボードパズル366P千と千尋「トンネルの向こう」","3640"
"4970381504458","4970381504458","アートボードパズル366Pトトロ「出会い」","3640"
"4970381502607","4970381502607","クリアパズル208P耳すま「地球屋便り」","1740"
"4970381502591","4970381502591","クリアパズル208P紅の豚「アドリア海便り」","1740"
"4970381502577","4970381502577","千と千尋 クリスタルジグソー「油屋」208pcs","1740"
"4970381502263","4970381502263","クリアパズル208Pポニョ「ポンポン船が行く」","1740"
"4970381502256","4970381502256","ハウル クリスタルジグソー「夕暮れの城」208pcs","1740"
"4970381502249","4970381502249","耳をすませば クリスタルジグソー「バロン」208pcs","1740"
"4970381502232","4970381502232","トトロ クリスタルジグソー「おはじきトトロ」208pcs","1740"
"4970381502225","4970381502225","魔女の宅急便「旅立ちの夜」26×38㎝","1850"
"4970381501778","4970381501778","ミニパズル150Pハウル「空中散歩」","700"
"4970381501761","4970381501761","ミニパズル150P耳すま「カントリーロード」","700"
"4970381500597","4970381500597","パズル150Pトトロ「秋の木の実」","1740"
"4970381500368","4970381500368","ペーパーシアター　カオナシの思い","2310"
"4970381499945","4970381499945","ハイキュー ご当地 アクリル　マグネット福岡","550"
"4970381499938","4970381499938","ハイキュー　デカアクリルキーホルダー　SD","770"
"4970381499525","4970381499525","プルダックコレクションナウシカ「王蟲/怒りの紅」","3470"
"4970381499518","4970381499518","プルダックコレクションナウシカ「王蟲/穏やかな碧」","3470"
"4970381499488","4970381499488","キャラベコ　トトロ「ネコバス」","3510"
"4970381499457","4970381499457","おきあがりこぼし 千と千尋","1000"
"4970381499174","4970381499174","ハイキュー ご当地 アクリル　マグネットSD","550"
"4970381499068","4970381499068","ハイキュー　デカアクリルキーホルダー　福岡","770"
"4970381498535","4970381498535","OUTDOORリュック ハウル","13200"
"4970381498504","4970381498504","OUTDOORスマートショルダートトロ","5500"
"4970381498474","4970381498474","魔女の宅急便 ポーチS","2310"
"4970381498160","4970381498160","プルバックコレクショントトロ「ボンネットバス」","3470"
"4970381498153","4970381498153","プルバックコレクショントトロ「オート三輪」","3470"
"4970381498122","4970381498122","のせキャラ　魔女の宅急便","3820"
"4970381497989","4970381497989","和紙千代紙 千と千尋","700"
"4970381497965","4970381497965","和紙千代紙 トトロ 冬","700"
"4970381497958","4970381497958","和紙千代紙 トトロ 秋","700"
"4970381497941","4970381497941","和紙千代紙 トトロ 夏","700"
"4970381497934","4970381497934","和紙千代紙 トトロ 春","700"
"4970381496678","4970381496678","耳をすませば ポーチM","2510"
"4970381496630","4970381496630","おきあがりこぼし　どんどこ小トトロ","1620"
"4970381495633","4970381495633","おきあがりこぼし　トトロ","1000"
"4970381494957","4970381494957","おきあがりこぼし　小トトロとネコバス","2730"
"4970381493905","4970381493905","印鑑立て 中トトロ＆小トトロ","2310"
"4970381493899","4970381493899","印鑑立て 大トトロ","2310"
"4970381489175","4970381489175","タイルパズル　トトロ","2310"
"4970381486167","4970381486167","千と千尋の神隠し 竹うちわ豆だより／カオナシと障子","800"
"4970381483784","4970381483784","ハイキュー  クリアファイル　SD","390"
"4970381483777","4970381483777","ハイキュー  クリアファイル　福岡","390"
"4970381469740","4970381469740","かるた 耳をすませば","1740"
"4970381452216","4970381452216","僕のヒーローアカデミアキーホルダー お茶子","550"
"4970381452209","4970381452209","僕のヒーローアカデミアキーホルダー 飯田","550"
"4970381452193","4970381452193","僕のヒーローアカデミアキーホルダー 轟","550"
"4970381452186","4970381452186","僕のヒーローアカデミアキーホルダー 爆豪","550"
"4970381452179","4970381452179","僕のヒーローアカデミアキーホルダー 緑谷","550"
"4970381445072","4970381445072","かるた 魔女宅","1740"
"4970381428419","4970381428419","OUTDOORデイパック型ポーチ 魔女宅","3850"
"4970381427931","4970381427931","OUTDOORポーチ 千と千尋","3520"
"4970381424718","4970381424718","かるた もののけ姫","1740"
"4970381409647","4970381409647","かるた 紅の豚","2080"
"4970381402679","4970381402679","OUTDOORバッグ 魔女宅","6380"
"4970381396664","4970381396664","かるた 千と千尋","1740"
"4970381389550","4970381389550","魔女の宅急便（OUTDOOR　PRODUCTS　コラボデイバック）","10780"
"4970381386092","4970381386092","ころ鈴付⑧ススワタリ","1140"
"4970381386061","4970381386061","ころ鈴付⑥ロボット兵","1140"
"4970381386030","4970381386030","ころ鈴付③小トトロ","1140"
"4970381377243","4970381377243","ワンピースフランキー富士山キーホルダー","550"
"4970381348076","4970381348076","ハイキュー ご当地 アクリル　東峰　坂本龍馬","550"
"4970381348045","4970381348045","ハイキュー ご当地 アクリル　西谷おくんち","550"
"4970381348038","4970381348038","ハイキュー ご当地 アクリル　月島　角煮饅頭","550"
"4970381348014","4970381348014","ハイキュー ご当地 アクリル　菅原　ビードロ","550"
"4970381348007","4970381348007","ハイキュー ご当地 アクリル　影山　ちゃんぽん","550"
"4970381347994","4970381347994","ハイキュー ご当地 アクリル　日向カステラ","550"
"4970381347475","4970381347475","ハイキュー ご当地 アクリル　東峰　カボス","450"
"4970381347451","4970381347451","ハイキュー ご当地 アクリル　田中スイカ","550"
"4970381347444","4970381347444","ハイキュー ご当地 アクリル　西谷　マンゴー","550"
"4970381347437","4970381347437","ハイキュー ご当地 アクリル　月島　気球","550"
"4970381347413","4970381347413","ハイキュー ご当地 アクリル　菅原　ちゃんぽん","550"
"4970381347406","4970381347406","ハイキュー ご当地 アクリル　影山　明太子","550"
"4970381347390","4970381347390","ハイキュー ご当地 アクリル　日向九州型","550"
"4970381344900","4970381344900","ハイキュー ご当地 ビーズストラップ　博多ラーメン","890"
"4970381340674","4970381340674","ハイキュー ご当地 アクリル　東峰　とんこつラーメン","450"
"4970381336318","4970381336318","ハイキュー ご当地 アクリル　西谷どんたく","550"
"4970381336301","4970381336301","ハイキュー ご当地 アクリル　月島　梅","550"
"4970381336281","4970381336281","ハイキュー ご当地 アクリル　影山　あまおう","550"
"4970381336271","4970381336271","ハイキュー ご当地 アクリル　日向明太子","550"
"4970381217600","4970381217600","魔女の宅急便 2025年スケジュール帳","2160"
"4970381199241","4970381199241","魔女宅 クリスタルジグソー「コリコの街便り」1000pcs","5780"
"4970381199234","4970381199234","トトロ クリスタルジグソー「トトロの季節便り」1000pcs","5690"
"4970381199227","4970381199227","クリアパズル300P魔女宅「届け物の途中」","2550"
"4970381199012","4970381199012","クリアパズル300Pラピュタ「飛行石の力」","2550"
"4970381199005","4970381199005","クリアパズル300P千と千尋「本当の名前」","2550"
"4970381198992","4970381198992","クリアパズル300P紅の豚「アドリア海上空」","2550"
"4970381198725","4970381198725","ミニパズル150Pトトロ「アジサイとネコバス」","700"
"4970381198701","4970381198701","ミニパズル150Pトトロ「アサガオとトトロ」","700"
"4970381198695","4970381198695","ミニパズル150Pトトロ「ポピーとトトロ」","700"
"4970381197346","4970381197346","クリアパズル126Pハウル「ハウルの部屋」","870"
"4970381195892","4970381195892","魔女の宅急便「わたしの好きな町」950pcs","3700"
"4970381195885","4970381195885","耳をすませば「地球屋からの眺め」352pcs","2080"
"4970381195854","4970381195854","もののけ姫「旅立ち」26×38㎝","1850"
"4970381195823","4970381195823","トトロ「祠の中で」26×38㎝","1850"
"4970381195793","4970381195793","魔女の宅急便「ヒッチハイク」38×53㎝","2780"
"4970381195779","4970381195779","魔女の宅急便「コリコの滝で」38×53㎝","2780"
"4970381195748","4970381195748","トトロ「飛び立つトトロ達」26×38㎝","2080"
"4970381195700","4970381195700","耳をすませば「図書館にて」26×38㎝","1850"
"4970381195687","4970381195687","耳をすませば「セッション」38×53㎝","2550"
"4970381195670","4970381195670","耳をすませば「バロンのくれた物語」38×53㎝","2550"
"4970381195663","4970381195663","ナウシカ「王蟲とナウシカ」38×53㎝","2550"
"4970381195649","4970381195649","トトロ「五月晴れの日に」26×38㎝","1850"
"4970381195632","4970381195632","トトロ「なにが釣れるかな？」26×38㎝","1850"
"4970381195618","4970381195618","トトロ「かさをさしてね」26×38㎝","1850"
"4970381195595","4970381195595","トトロ「お父さんとおでかけ」18.2×25.7㎝","1370"
"4970381194819","4970381194819","クリアパズル126P「おはじきトトロ」","870"
"4970381194802","4970381194802","クリアパズル126Pトトロ「オカリナを吹いて」","870"
"4970381194796","4970381194796","クリアパズル126Pトトロ「ヒマワリに囲まれて」","870"
"4970381194383","4970381194383","クリアパズル300P トトロ「なにが釣れるかな」","2550"
"4970381194376","4970381194376","クリアパズル300Pトトロ「ネコバス到着」","2550"
"4970381193911","4970381193911","パズル150P魔女宅「光射す部屋」","1740"
"4970381193904","4970381193904","パズル150Pラピュタ「タイガーモス」","1740"
"4970381193850","4970381193850","パズル150Pトトロ「トトロに会える森」","1740"
"4970381193003","4970381193003","かるた ラピュタ","2080"
"4970381192990","4970381192990","かるた トトロ","2080"
"4970381192747","4970381192747","魔女宅クリスタルジグゾー「コリコの街便り」208pcs","1740"
"4970381192730","4970381192730","トトロクリスタルジグゾー「トトロの季節便り」208pcs","1740"
"4970381192112","4970381192112","トトロ「森の合唱隊」26×38㎝","2080"
"4970381190040","4970381190040","クリアパズル126P耳すま「秘密の物語」","870"
"4970381188825","4970381188825","トトロ「いっぱい採れたね」38×53㎝","2550"
"4970381188313","4970381188313","クリアパズル208P魔法の城便り","1740"
"4970381188306","4970381188306","クリアパズル208Pポニョ「ポニョの海便り」","1740"
"4970381187323","4970381187323","クリアパズル126Pトトロ「たんぽぽ咲く日」","870"
"4970381186616","4970381186616","クリアパズル208Pラピュタ「天空の城便り」","1740"
"4970381186586","4970381186586","ミニパズル150P魔女宅「ジジとリリー」","700"
"4970381186579","4970381186579","ミニパズル150P魔女宅「おすましジジ」","700"
"4970381186487","4970381186487","パズルフレーム352P用　どんぐり","3240"
"4970381186265","4970381186265","魔女宅 クリスタルジグソー「お届けものいたします」208pcs","1740"
"4970381186258","4970381186258","ラピュタ クリスタルジグソー「不思議な光」208pcs","1740"
"4970381185893","4970381185893","ハウル「ハウルのひみつの部屋」352pcs","2080"
"4970381185879","4970381185879","トトロ「夕暮れ」352pcs","2080"
"4970381185626","4970381185626","トトロ クリスタルジグソー「月明かりの散歩」208pcs","1740"
"4970381184797","4970381184797","紅の豚「決戦の前」352pcs","2080"
"4970381183943","4970381183943","魔女宅クリスタルジグゾー「ジジの街便り」208pcs","1740"
"4970381183936","4970381183936","トトロクリスタルジグゾー「トトロの森便り」208pcs","1740"
"4970381179472","4970381179472","紅の豚「ポルコの隠れ家」26×38㎝","1850"
"4970381179465","4970381179465","ハウル「ソフィーとハウル」26×38㎝","1850"
"4970381175528","4970381175528","銀魂　ミニパズル","300"
"4970381175412","4970381175412","千と千尋の神隠し「神々が集う湯屋」26×38㎝","2080"
"4970381175221","4970381175221","木のパズル208Pラピュタ「タイガーモス」","2310"
"4970381175092","4970381175092","魔女の宅急便「光射す部屋」26×38㎝","2080"
"4970381172619","4970381172619","魔女の宅急便「キャッチ！」18.2×25.7㎝","1140"
"4970381171360","4970381171360","ミニパズル150P「崖の上のポニョ」","700"
"4970381171353","4970381171353","ミニパズル150P「ゲド戦記」","700"
"4970381171346","4970381171346","ミニパズル150P「ハウルの動く城」","700"
"4970381171339","4970381171339","ミニパズル150P「ギブリーズ」","700"
"4970381171322","4970381171322","ミニパズル150P「猫の恩返し」","700"
"4970381171315","4970381171315","ミニパズル150P「千と千尋の神隠し」","700"
"4970381171285","4970381171285","ミニパズル150P「耳をすませば」","700"
"4970381171261","4970381171261","ミニパズル150P「紅の豚」","700"
"4970381171254","4970381171254","ミニパズル150P「おもいでぽろぽろ」","700"
"4970381171230","4970381171230","ミニパズル150P「火垂るの墓」","700"
"4970381171223","4970381171223","ミニパズル150Pトトロ「となりのトトロ」","700"
"4970381171216","4970381171216","ミニパズル150P「天空の城ラピュタ」","700"
"4970381163204","4970381163204","ナウシカ「夜明けの風」50×75㎝","3700"
"4970381161323","4970381161323","ミニパズル150P千と千尋「ハクの塩むすび」","700"
"4970381161286","4970381161286","ミニパズル150Pトトロ「木いちご摘み」","700"
"4970381161279","4970381161279","ミニパズル150Pトトロ「風とタンポポ」","700"
"4970381161262","4970381161262","ミニパズル150Pトトロ「シロツメクサ咲いた」","700"
"4970381161194","4970381161194","ミニパズル150Pトトロ「トトロ飛ぶ！」","700"
"4970381161187","4970381161187","ミニパズル150Pトトロ「かさを差して」","700"
"4970381161095","4970381161095","木のパズル208Pトトロ「あたまの上で」","2310"
"4970381156978","4970381156978","TSUNAGARU?　空色のわたあめ","300"
"4970381156961","4970381156961","TSUNAGARU?　さくらんぼの初恋","300"
"4970381154271","4970381154271","もののけ姫「シシ神の森」950pcs","3700"
"4970381154257","4970381154257","トトロ「夕暮れ」950pcs","3700"
"4970381150709","4970381150709","トトロ「空にひびけ」50×75㎝","3700"
"4970381148294","4970381148294","ハウル「魔法の城」26×38㎝","1850"
"4970381147976","4970381147976","ハウル「ハウルの動く城」50×75㎝","3700"
"4970381147433","4970381147433","魔女の宅急便「コリコの町が好き！」50×75㎝","3700"
"4970381147174","4970381147174","ラピュタ「天空の城」38×53㎝","2550"
"4970381147167","4970381147167","魔女の宅急便「オキノ邸」38×53㎝","2550"
"4970381146733","4970381146733","トトロ「出会い」50×75㎝","3700"
"4970381146696","4970381146696","トトロ「空へお散歩」26×38㎝","1850"
"4970381146672","4970381146672","トトロ「見つめる先は…」26×38㎝","1850"
"4970381145637","4970381145637","トトロ「ネコバス到着」50×75㎝","3700"
"4970381145545","4970381145545","トトロ「なにが釣れるかな？」50×75㎝","3700"
"4970381145538","4970381145538","トトロ「トトロとおひるね」38×53㎝","2550"
"4970381145521","4970381145521","トトロ「小川のほとり」38×53㎝","2550"
"4970381144708","4970381144708","千と千尋の神隠し「さよなら油屋」26×38㎝","1850"
"4970381144449","4970381144449","トトロ「ひなたぼっこ」38×53㎝","2550"
"4970381144074","4970381144074","千と千尋の神隠し「油屋」50×75㎝","3700"
"4970381143213","4970381143213","もののけ姫「惑いの夜」50×75㎝","3700"
"4970381143107","4970381143107","魔女の宅急便「お届けものです！」38×53㎝","2550"
"4970381141707","4970381141707","トトロ「五月晴れの日に」50×75㎝","3700"
"4970381140113","4970381140113","トトロ「トトロのごちそう」26×38㎝","1850"
"4970381139261","4970381139261","トトロ「さんぽ」38×53㎝","2550"
"4970381139209","4970381139209","トトロ「となりのトトロ」38×53㎝","2550"
"4970381139193","4970381139193","トトロ「月夜の合唱隊」26×38㎝","1850"
"4970381137427","4970381137427","トトロ「オカリナを吹くトトロ」50×75㎝","3700"
"4970381137274","4970381137274","トトロ「天までとどけ」26×38㎝","1850"
"4970381137267","4970381137267","トトロ「トトロのおなかの上で」26×38㎝","1850"
"4970351512613","4970381512613","ペーパーシアター　天沢聖司","2310"
"4970231812620","4970231812620","ペーパーシアター　アシタカ","2310"
"4967683418842","4967683418842","長崎夜景マグネット","550"
"4966840278459","4966840278459","クリアバルーン　テープ(ピンク)","400"
"4966840278442","4966840278442","クリアバルーン　テープセット(青)","400"
"4964888600409","4964888600409","エビ　みそ汁","590"
"4963210194180","4963210194180","苺　ポルボローネ　15コ","1670"
"4963210194173","4963210194173","ポルボローネ(10コ入)","1120"
"4963210194166","4963210194166","ポルボローネ(5コ入)","600"
"4963210179538","4963210179538","ベリーキュート　苺　ラングドシャ　15枚","1880"
"4963210179521","4963210179521","ベリーキュート　苺　ラングドシャ　10枚","1260"
"4963210179514","4963210179514","ベリーキュート　苺　ラングドシャ　5枚","660"
"4963210136388","4963210136388","塩キャラメルナッツクッキー　24枚","1430"
"4963210136371","4963210136371","塩キャラメルナッツクッキー　12枚","720"
"4963210113723","4963210113723","フロマージュタルト","1460"
"4963210108064","4963210108064","カステラロールケーキ","1140"
"4961524994946","4961524994946","缶バッジコレクション もののけ姫","460"
"4961524987467","4961524987467","千と千尋の神隠し 回数券メモ","520"
"4961524969838","4961524969838","天空の城ラピュタ 夜空柄グリーティングカード","520"
"4961524969821","4961524969821","魔女の宅急便 夜空柄グリーティングカード","520"
"4961524969814","4961524969814","となりのトトロ 夜空柄グリーティングカード","520"
"4961524901012","4961524901012","招福缶バッジ 萩文","520"
"4961524901005","4961524901005","招福缶バッジ 楓文","520"
"4961524900992","4961524900992","招福缶バッジ 繭玉飾り文","520"
"4961524900985","4961524900985","招福缶バッジ 榎文","520"
"4961524900978","4961524900978","招福缶バッジ 蒲公英文","520"
"4961524900961","4961524900961","招福缶バッジ 青海波文","520"
"4961524887071","4961524887071","となりのトトロ ふせんセット","570"
"4961524883844","4961524883844","魔女の宅急便 窓辺のジジとリリー","1030"
"4961524883820","4961524883820","となりのトトロ 葉っぱでかくれんぼ","1030"
"4961524883813","4961524883813","となりのトトロ トトロと雨の日","1030"
"4961524882519","4961524882519","魔女の宅急便 B6ノート(ドット入り)","290"
"4961524882489","4961524882489","となりのトトロ B6ノート(方眼)","290"
"4961524879366","4961524879366","トトロ 信楽焼フリーカップ 白","4130"
"4961524842971","4961524842971","ポストカード 名台詞 ハウル","180"
"4961524842964","4961524842964","ポストカード 名台詞 もののけ姫B","180"
"4961524842957","4961524842957","ポストカード 名台詞 もののけ姫A","180"
"4961524842940","4961524842940","ポストカード 名台詞 耳をすませば","180"
"4961524842933","4961524842933","ポストカード 名台詞 魔女宅","180"
"4961524842926","4961524842926","ポストカード 名台詞 トトロ","180"
"4961524842919","4961524842919","ポストカード 名台詞 ラピュタ","180"
"4961524793266","4961524793266","ポストカード 食べ物 ポニョ","180"
"4961524793259","4961524793259","ポストカード 食べ物 ハウル","180"
"4961524793242","4961524793242","ポストカード 食べ物 千と千尋","180"
"4961524793235","4961524793235","ポストカード 食べ物 もののけ姫","180"
"4961524793228","4961524793228","ポストカード 食べ物 耳をすませば","180"
"4961524793211","4961524793211","ポストカード 食べ物 紅の豚","180"
"4961524793204","4961524793204","ポストカード 食べ物 魔女宅","180"
"4961524793198","4961524793198","ポストカード 食べ物 トトロ","180"
"4961524793181","4961524793181","ポストカード 食べ物 ラピュタ","180"
"4961524718924","4961524718924","キャラバッジコレクション2 ジブリがいっぱい","290"
"4961524653249","4961524653249","缶バッジコレクション ジブリがいっぱい","290"
"4961524647767","4961524647767","ポストカード アリエッティ","180"
"4961524647750","4961524647750","ポストカード ポニョ","180"
"4961524647736","4961524647736","ポストカード ハウル","180"
"4961524647712","4961524647712","ポストカード 千と千尋","180"
"4961524647699","4961524647699","ポストカード もののけ姫","180"
"4961524647682","4961524647682","ポストカード 耳をすませば","180"
"4961524647668","4961524647668","ポストカード 紅の豚","180"
"4961524647644","4961524647644","ポストカード 魔女宅","180"
"4961524647620","4961524647620","ポストカード トトロ","180"
"4961524647613","4961524647613","ポストカード ラピュタ","180"
"4961524647606","4961524647606","ポストカード ナウシカ","180"
"4959241981823","4959241981823","DVD「借りぐらしのアリエッティ」","5170"
"4959241782038","4959241782038","DVD「耳をすませば」","5170"
"4959241782014","4959241782014","DVD「ゲド戦記」","5170"
"4959241782007","4959241782007","DVD「猫の恩返し・ギブリーズepisod2」","5170"
"4959241775269","4959241775269","Blu-ray「ショートショート」1992-2016","5170"
"4959241758927","4959241758927","Blu-ray「パンダコパンダ」","6380"
"4959241756909","4959241756909","DVD「思い出のマーニー」","5170"
"4959241756893","4959241756893","Blu-ray「思い出のマーニー」","7480"
"4959241756848","4959241756848","DVD「火垂るの墓」","5170"
"4959241756824","4959241756824","DVD「おもひでぽろぽろ」","5170"
"4959241754837","4959241754837","DVD「かぐや姫の物語」","5170"
"4959241753410","4959241753410","DVD「風立ちぬ」","5170"
"4959241753403","4959241753403","Blu-ray「風立ちぬ」","7480"
"4959241753113","4959241753113","DVD「となりのトトロ」","5170"
"4959241753106","4959241753106","DVD「魔女の宅急便」","5170"
"4959241753090","4959241753090","DVD「風の谷のナウシカ」","5170"
"4959241753083","4959241753083","DVD「天空の城ラピュタ」","5170"
"4959241753069","4959241753069","DVD「紅の豚」","5170"
"4959241753052","4959241753052","DVD「崖の上のポニョ」","5170"
"4959241753038","4959241753038","DVD「ハウルの動く城」","5170"
"4959241749819","4959241749819","Blu-ray「猫の恩返し　ギブリーズepisode2」","7480"
"4959241749796","4959241749796","Blu-ray「もののけ姫」","7480"
"4959241714459","4959241714459","Blu-ray「平成狸合戦」","7480"
"4959241714442","4959241714442","Blu-ray「紅の豚」","7480"
"4959241713988","4959241713988","Blu-ray「魔女の宅急便」","7480"
"4959241713551","4959241713551","Blu-ray「となりのトトロ」","7480"
"4959241713230","4959241713230","Blu-ray「コクリコ坂から」","7480"
"4959241712905","4959241712905","Blu-ray「崖の上のポニョ」","7480"
"4959241712899","4959241712899","Blu-ray「ゲド戦記」","7480"
"4959241712882","4959241712882","Blu-rag「ハウルの動く城」","7480"
"4959241712387","4959241712387","Blu-ray「耳をすませば」","7480"
"4959241712370","4959241712370","Blu-ray「借りぐらしのアリエッティ」","7480"
"4959241711892","4959241711892","Blu-ray「天空の城ラピュタ」","7480"
"4959241711106","4959241711106","Blu-ray「風の谷のナウシカ」","7480"
"4958970124690","4958970124690","月餅　箱入り","1350"
"4958970122887","4958970122887","ソフト　よりより　15本","1190"
"4958970122801","4958970122801","よりより　15本","1190"
"4958970122559","4958970122559","よりより　7本","600"
"4958970122344","4958970122344","月餅　小豆　紫","240"
"4958970122337","4958970122337","月餅　くるみ　青","240"
"4958970122320","4958970122320","月餅　くり　黄","240"
"4958970122313","4958970122313","月餅　混合　赤","240"
"4958970122306","4958970122306","月餅　木の実　録","240"
"4958970122115","4958970122115","ソフト　よりより　7本","600"
"4958185300391","4958185300391","モンチッチ　ガラスマグネット","770"
"4958185300384","4958185300384","モンチッチ　ガラスマグネット","770"
"4958185300377","4958185300377","モンチッチ　ガラスマグネット","770"
"4958185300360","4958185300360","モンチッチ　ガラスマグネット","770"
"4957719014018","4957719014018","クルス抹茶(8枚入)","680"
"4957719013868","4957719013868","クルス　かもめ","1190"
"4957719013851","4957719013851","クルス　長崎の変","330"
"4957719013516","4957719013516","プレミアムクルス","980"
"4957719012939","4957719012939","クルス　5種　詰め合わせ　","1460"
"4957719011963","4957719011963","クルス　電車缶","1300"
"4957719011956","4957719011956","クルス　イチゴ　4枚","330"
"4957719011949","4957719011949","クルス　コーヒー　4枚","330"
"4957719011420","4957719011420","クルス(24枚入)","1840"
"4957719011376","4957719011376","クルス　イチゴ　12枚","980"
"4957719011345","4957719011345","クルス　コーヒー　12枚","980"
"4957719011314","4957719011314","クルス　ホワイトチョコ(12枚)","980"
"4957719011284","4957719011284","クルス(8枚入)","680"
"4957719011161","4957719011161","クルス　4枚入り","330"
"4956058238512","4956058238512","アーモンド塩キャラメルサブレ","760"
"4956058234606","4956058234606","長崎からの挑戦状","760"
"4956058229312","4956058229312","星空のカケラ","760"
"4956058200168","4956058200168","星空のムコウ","650"
"4954043147139","4954043147139","ハウルの動く城 ジブリ缶カルシファー","690"
"4954043147108","4954043147108","魔女の宅急便 ジブリ缶ジジ＆リリー","690"
"4954043147092","4954043147092","となりのトトロ ジブリ缶トトロB","690"
"4954043147085","4954043147085","となりのトトロ ジブリ缶トトロA","690"
"4954043146941","4954043146941","マグネット紅の豚「MH-107aポルコ」","690"
"4954043146903","4954043146903","マグネット魔女宅「MH-103aジジC」","690"
"4954043146811","4954043146811","マグネットトトロ「T-106aメイ＆小トトロ」","690"
"4954043146781","4954043146781","マグネットトトロ「T-102a大トトロ花」","690"
"4954043146774","4954043146774","マグネットトトロ「T-101a 大トトロ覗き」","690"
"4954043146767","4954043146767","メタルチャーム ネコバス","1600"
"4954043146750","4954043146750","メタルチャーム 小トトロ","1600"
"4954043146743","4954043146743","メタルチャーム 中トトロ","1600"
"4954043146729","4954043146729","メタルチャーム 大トトロ 花","1600"
"4954043146712","4954043146712","本革キーリング ポルコ","1600"
"4954043146705","4954043146705","本革キーリング ロボット兵","1600"
"4954043146699","4954043146699","本革キーリング カオナシ","1600"
"4954043146682","4954043146682","本革キーリング ジジ","1600"
"4954043146668","4954043146668","イニシャルキーホルダーR","1030"
"4954043146651","4954043146651","イニシャルキーホルダーY","1030"
"4954043146644","4954043146644","イニシャルキーホルダーM","1030"
"4954043146606","4954043146606","イニシャルキーホルダーS","1030"
"4954043146576","4954043146576","メタルキーリング ネコバス","910"
"4954043146569","4954043146569","メタルキーリング メイちゃん","910"
"4954043146545","4954043146545","メタルキーリング 中トトロ","910"
"4954043146538","4954043146538","メタルキーリング 大トトロB","910"
"4954043146491","4954043146491","3連キーリング カオナシ","1600"
"4954043146460","4954043146460","3連キーリング トトロ","1600"
"4954043146422","4954043146422","根付けストラップ メイちゃん","800"
"4954043146415","4954043146415","根付けストラップ 小トトロ","800"
"4954043146392","4954043146392","根付けストラップ 大トトロB","800"
"4954043138885","4954043138885","根付けストラップ ネコバス","800"
"4954043138854","4954043138854","根付けストラップ 中トトロ","800"
"4954043138830","4954043138830","根付けストラップ 大トトロA","800"
"4954043138793","4954043138793","メタルチャーム 大トトロ きのこ","1600"
"4954043138311","4954043138311","耳をすませば ジブリ缶ドワーフの王とエルフの女王","690"
"4954043136225","4954043136225","誕生日ピンズ 12月","800"
"4954043136218","4954043136218","誕生日ピンズ 11月","800"
"4954043136171","4954043136171","誕生日ピンズ 7月","800"
"4954043136164","4954043136164","誕生日ピンズ 6月","800"
"4954043136157","4954043136157","誕生日ピンズ 5月","800"
"4954043136140","4954043136140","誕生日ピンズ 4月","800"
"4954043136133","4954043136133","誕生日ピンズ 3月","800"
"4954043136126","4954043136126","誕生日ピンズ 2月","800"
"4954043136119","4954043136119","誕生日ピンズ 1月","800"
"4954043136065","4954043136065","メタルブローチ カオナシ","1030"
"4954043136027","4954043136027","メタルブローチ 大トトロと小トトロ","1030"
"4954043135990","4954043135990","メタルブローチ カオナシトトロきのこ","1030"
"4954043135983","4954043135983","メタルブローチ トトロ花","1030"
"4954043135976","4954043135976","3連キーリング ポルコ","1600"
"4954043135969","4954043135969","3連キーリング ロボット兵","1600"
"4954043135860","4954043135860","イニシャルキーホルダーH","1030"
"4954043135853","4954043135853","イニシャルキーホルダーN","1030"
"4954043135846","4954043135846","イニシャルキーホルダーT","1030"
"4954043135815","4954043135815","イニシャルキーホルダーA","1030"
"4954043135624","4954043135624","千と千尋の神隠し ジブリ缶カオナシ","690"
"4954043134511","4954043134511","本革キーリング トトロ","1600"
"4954043133972","4954043133972","ピンズ ポニョ","800"
"4954043133958","4954043133958","ピンズ ラピュタ","800"
"4954043133934","4954043133934","ピンズ ジジ","800"
"4954043133927","4954043133927","ピンズ ネコバス","800"
"4954043133910","4954043133910","ピンズ 中トトロと大トトロ","800"
"4954043133903","4954043133903","ピンズ 大トトロ","800"
"4954043133828","4954043133828","メタルキーリング 小トトロ","910"
"4954043133798","4954043133798","メタルキーリング 大トトロA","910"
"4954043122419","4954043122419","マグネット紅の豚「MH-108サボイア」","690"
"4954043122396","4954043122396","マグネットトトロ「T-112中トトロどんぐり」","690"
"4954043122389","4954043122389","マグネットトトロ「T-111メイちゃん」","690"
"4954043122365","4954043122365","マグネットトトロ「T-109中トトロいちょう」","690"
"4954043120774","4954043120774","ステンドグラス 風看板","910"
"4954043120743","4954043120743","3連キーリング トトロとうもろこし","1600"
"4954043120736","4954043120736","3連キーリング トトロ","1600"
"4954043120668","4954043120668","マグネット魔女宅「MH-101ジジA」","690"
"4954043120217","4954043120217","マグネットトトロ「T-108小トトロ実」","690"
"4954043120200","4954043120200","マグネットトトロ「T-104ネコバス」","690"
"4954043120194","4954043120194","マグネットトトロ「T-103中・小トトロ頭上」","690"
"4954043120170","4954043120170","マグネットトトロ「T-101 大トトロ覗き」","690"
"4954043118320","4954043118320","いっぱいピンズ MH-10飛行艇2","690"
"4954043118115","4954043118115","いっぱいピンズ バロン","690"
"4954043114209","4954043114209","いっぱいピンズ MH-10飛行艇","690"
"4953372424201","4953372424201","菓　長崎胡麻団子","810"
"4951850281308","4951850281308","ご当地　モケケ　中華街","960"
"4951850272627","4951850272627","ご当地　モケケ　教会","960"
"4951850239958","4951850239958","ご当地　モケケ　長崎くんち","960"
"4951850239941","4951850239941","ご当地　モケケ　カステラ","960"
"4949827430781","4949827430781","クレヨンしんちゃん スライドミラー（猫）","1080"
"4949827430774","4949827430774","クレヨンしんちゃん スライドミラー（ヒーロー）","1080"
"4949827430767","4949827430767","クレヨンしんちゃん スライドミラー（シロ）","1080"
"4949827430750","4949827430750","クレヨンしんちゃん スライドミラー（パジャマ）","1080"
"4949827430743","4949827430743","クレヨンしんちゃん スライドミラー（恐竜）","1080"
"4949827429051","4949827429051","クレヨンしんちゃん 前髪クリップ（ぶりぶりざえもん しんのすけ） ","550"
"4949827429044","4949827429044","クレヨンしんちゃん 前髪クリップ（しんのすけ チョコビ）ピンク ","550"
"4949827429037","4949827429037","クレヨンしんちゃん 前髪クリップ（ひまわり しんのすけ）","550"
"4949827429020","4949827429020","クレヨンしんちゃん 前髪クリップ（チョコビ しんのすけ）","550"
"4949827429013","4949827429013","クレヨンしんちゃん 前髪クリップ（シロ しんのすけ 水色）","550"
"4949827429006","4949827429006","クレヨンしんちゃん 前髪クリップ（シロ しんのすけ ピンク）","550"
"4949827426616","4949827426616","クレヨンしんちゃん キーホルダー（TV）","600"
"4949827426593","4949827426593","クレヨンしんちゃん キーホルダー（クレーンゲーム）","600"
"4949827426586","4949827426586","クレヨンしんちゃん キーホルダー（星型）","600"
"4949827424834","4949827424834","クレヨンしんちゃん アクリルネームタグ（シロ）","770"
"4949827423462","4949827423462","クレヨンしんちゃん 前髪クリップ（ひろし しんのすけ）","470"
"4949827423448","4949827423448","クレヨンしんちゃん 前髪クリップ（かざまくん しんのすけ）","470"
"4949827423424","4949827423424","クレヨンしんちゃん 前髪クリップ（シロ しんのすけ 青）","470"
"4949827419151","4949827419151","クレヨンしんちゃん シャカフリマスコット（シロ）","600"
"4949727430798","4949727430798","クレヨンしんちゃん スライドミラー（チョコビ）","1080"
"4947864026288","4947864026288","推守アクスタポーチ　マイメロディ","2500"
"4947864026264","4947864026264","推守アクスタポーチ　ポムポムプリン","2200"
"4945409012888","4945409012888","宝　中華胡麻団子","810"
"4945409006467","4945409006467","ちゃんぽん煎餅　27枚","1580"
"4945409006443","4945409006443","ちゃんぽん煎餅　14枚","880"
"4945409005361","4945409005361","塩えび煎餅　27枚","1530"
"4945409005354","4945409005354","塩えび煎餅　14枚","850"
"4944395008035","4944395008035","一口香　13コ入","650"
"4943741996590","4943741996590","暖簾千と千尋 吉祥BL","3390"
"4943741996576","4943741996576","暖簾 月夜","3390"
"4943741983392","4943741983392","アコーディオンカーテン　タンフールBL","4440"
"4943741972136","4943741972136","暖簾 ジジと子供たち","3390"
"4943741972129","4943741972129","暖簾トトロ 森の中で","3390"
"4943741903215","4943741903215","暖簾トトロ 雪だるま","3390"
"4943741401711","4943741401711","暖簾 夏の色","3390"
"4943741400486","4943741400486","暖簾 ぶらさがりトトロ","3390"
"4943741400110","4943741400110","暖簾 福招きトトロ だるま","3390"
"4943741004004","4943741004004","暖簾トトロ TOTORO","3390"
"4943741003441","4943741003441","暖簾トトロ 福招き こづち","3390"
"4943741003427","4943741003427","暖簾トトロ 福招き 鶴亀","3390"
"4943741003403","4943741003403","暖簾トトロ ぶら下がりトトロ","3390"
"4943741001645","4943741001645","暖簾トトロ 桜舞う","3390"
"4943741001508","4943741001508","暖簾千と千尋 千と千尋BL","3390"
"4943586243286","4943586243286","アクリルキーホルダー NARUTO黒豚 カカシ","660"
"4943586243279","4943586243279","アクリルキーホルダー NARUTO黒豚 いたち","660"
"4943586243262","4943586243262","アクリルキーホルダー NARUTO黒豚 サスケ","660"
"4943586243255","4943586243255","アクリルキーホルダー NARUTO黒豚 ナルト","660"
"4943586243248","4943586243248","アクリルキーホルダーNARUTOカカシ カステラ","660"
"4943586243231","4943586243231","アクリルキーホルダーNARUTOイタチ カステラ","660"
"4943586243224","4943586243224","アクリルキーホルダーNARUTOサスケ カステラ","660"
"4943586243217","4943586243217","アクリルキーホルダーNARUTOナルト カステラ","660"
"4943586242609","4943586242609","ブルーロック アクリルKH カステラ國神","780"
"4943586242593","4943586242593","ブルーロック アクリルKH カステラ千切","780"
"4943586242180","4943586242180","アクリルキーホルダー NARUTO いちごカカシ","660"
"4943586242173","4943586242173","アクリルキーホルダー NARUTO いちごイタチ","660"
"4943586242166","4943586242166","アクリルキーホルダー NARUTO いちごサスケ","660"
"4943586242159","4943586242159","アクリルキーホルダー NARUTO いちごナルト","660"
"4943586201408","4943586201408","呪術廻戦　アクリルキーホルダー　バレー（五条）","500"
"4943586201392","4943586201392","呪術廻戦　アクリルキーホルダー　バレー（七海）","500"
"4943586201385","4943586201385","呪術廻戦　アクリルキーホルダー　バレー（釘崎）","500"
"4943586201378","4943586201378","呪術廻戦　アクリルキーホルダー　バレー（伏黒）","500"
"4943586201361","4943586201361","呪術廻戦　アクリルキーホルダー　バレー（虎杖）","500"
"4943586201354","4943586201354","呪術廻戦　アクリルキーホルダー　バスケ（五条）","500"
"4943586201347","4943586201347","呪術廻戦　アクリルキーホルダー　バスケ（七海）","500"
"4943586201330","4943586201330","呪術廻戦　アクリルキーホルダー　バスケ（釘崎）","500"
"4943586201323","4943586201323","呪術廻戦　アクリルキーホルダー　バスケ（伏黒）","500"
"4943586201316","4943586201316","呪術廻戦　アクリルキーホルダー　バスケ（虎杖）","500"
"4943586201309","4943586201309","呪術廻戦　アクリルキーホルダー　サッカー（五条）","500"
"4943586201293","4943586201293","呪術廻戦　アクリルキーホルダー　サッカー（七海）","500"
"4943586201286","4943586201286","呪術廻戦　アクリルキーホルダー　サッカー（釘崎）","500"
"4943586201279","4943586201279","呪術廻戦　アクリルキーホルダー　サッカー（伏黒）","500"
"4943586201262","4943586201262","呪術廻戦　アクリルキーホルダー　サッカー（虎杖）","500"
"4943586201255","4943586201255","呪術廻戦　アクリルキーホルダー　野球（五条）","500"
"4943586201248","4943586201248","呪術廻戦　アクリルキーホルダー　野球（七海）","500"
"4943586201231","4943586201231","呪術廻戦　アクリルキーホルダー　野球（釘崎）","500"
"4943586201224","4943586201224","呪術廻戦　アクリルキーホルダー　野球（伏黒）","500"
"4943586201217","4943586201217","呪術廻戦　アクリルキーホルダー　野球（虎杖）","500"
"4943586199156","4943586199156","呪術廻戦　アクリルキーホルダー　ラーメン（五条）","500"
"4943586199149","4943586199149","呪術廻戦　アクリルキーホルダー　ラーメン（七海）","500"
"4943586199132","4943586199132","呪術廻戦　アクリルキーホルダー　ラーメン（釘崎）","500"
"4943586199125","4943586199125","呪術廻戦　アクリルキーホルダー　ラーメン（伏黒）","500"
"4943586199118","4943586199118","呪術廻戦　アクリルキーホルダー　ラーメン（虎杖）","500"
"4943586197084","4943586197084","呪術廻戦　アクリルキーホルダー　あまおう（五条）","500"
"4943586197077","4943586197077","呪術廻戦　アクリルキーホルダー　あまおう（七海）","500"
"4943586197060","4943586197060","呪術廻戦　アクリルキーホルダー　あまおう（釘崎）","500"
"4943586197053","4943586197053","呪術廻戦　アクリルキーホルダー　あまおう（伏黒）","500"
"4943586197046","4943586197046","呪術廻戦　アクリルキーホルダー　あまおう（虎杖）","500"
"4942040551530","4942040551530","長崎名物名産　ガーゼハンカチ","770"
"4942040551479","4942040551479","長崎方言　のびーる　ソックス　（がんばらんば）","610"
"4942040551080","4942040551080","のび～る　ソックス(パンダ)","610"
"4940498005438","4940498005438","軍艦島　石炭だんご","880"
"4940443315216","4940443315216","オコジョ","550"
"4940443313441","4940443313441","勾玉ドラゴン","660"
"4939669030713","4939669030713","ちんちん電車くっきー","820"
"4938853500148","4938853500148","GE 長崎ステンドグラス HG靴下","660"
"4938853500131","4938853500131","GE 長崎佐世保バーガー KU 靴下","660"
"4938853500117","4938853500117","GE 長崎カステラ積み CN 靴下","660"
"4938853500100","4938853500100","GE 長崎カステラ KT 靴下","660"
"4938853101345","4938853101345","タオルふくおかラーメン","990"
"4938853101314","4938853101314","タオルながさきカステラ 黄","990"
"4938853101093","4938853101093","タオルはかためんたい ","990"
"4936542155082","4936542155082","榎の一口香　8コ入","1000"
"4936542155051","4936542155051","榎の一口香　5コ入","560"
"4935124584050","4935124584050","シャーシン　B　20本入","230"
"4935124510967","4935124510967","MARVEL 　フラットカンペン","600"
"4935124509305","4935124509305","MARVEL バッチ　黒","490"
"4935124499484","4935124499484","MARVEL 　パスケース","1570"
"4935124484619","4935124484619","クリアファイル","240"
"4935124329361","4935124329361","赤　ふえ","530"
"4935124325868","4935124325868","うちわ　キーホルダー","530"
"4935124322225","4935124322225","CANBADGE  くつ　バッチ","310"
"4935124309882","4935124309882","CANBADGE  体温計　バッチ","260"
"4933976639362","4933976639362","かすてら　ハニー　修学旅行割","1000"
"4933976244412","4933976244412","かすてら　チーズ 修学旅行割","1000"
"4933976244313","4933976244313","かすてら　カット　修学旅行割","1000"
"4933976144385","4933976144385","かすてら　抹茶　修学旅行割","1000"
"4933976144330","4933976144330","かすてら　チョコ　修学旅行割","1000"
"4930972595616","4930972595616","ハイキューアクリルチャームセット　(孤爪)","860"
"4930972595609","4930972595609","ハイキューアクリルチャームセット　(黒尾)","860"
"4930972595593","4930972595593","ハイキュー アクリルチャームセット(影山)","860"
"4930972595586","4930972595586","ハイキュー アクリルチャームセット(日向)","860"
"4930972587512","4930972587512","マスコット ポチャッコ","860"
"4930972587505","4930972587505","マスコット シナモロール","860"
"4930972570132","4930972570132","サンリオ　ぬいぐるみネックポーチ　マイメロディ","2180"
"4930972565176","4930972565176","ケアベア　クリップマスコット　テンダーハートベア","1630"
"4930972565145","4930972565145","ケアベア　フェイスポーチ　ベッドタイムベア","1740"
"4930972565138","4930972565138","ケアベア　フェイスポーチ　テンダーハートベア","1740"
"4930972565121","4930972565121","ケアベア　フェイスポーチ　シェアベア","1740"
"4930972565114","4930972565114","ケアベア　フェイスポーチ　チアベア","1740"
"4930972560317","4930972560317","サンリオ　箱型 ミニポーチ/ポムポムプリン","750"
"4930972560225","4930972560225","L字ミニポーチ　シナモン","550"
"4930972543822","4930972543822","ポムポムプリン　両面フェイスポーチ","1520"
"4930972533465","4930972533465","アクリルダイカットキーホルダー　マイメロ","550"
"4930972473686","4930972473686","セサミストリート　ティッシュポーチ","500"
"4930972473594","4930972473594","セサミストリート　キーホルダー　タテ","750"
"4930972473587","4930972473587","セサミストリート　キーホルダー　ヨコ","750"
"4930255207106","4930255207106","ちゃんぽん棒","1280"
"4920361049189","4920361049189","ころもっふる ぬいぐるみ パンダ","2310"
"4909593317448","4909593317448","ミニ置時計 もののけ姫","5040"
"4905610540556","4905610540556","トムとジェリー　トム　キーチェーン　マスコット","1430"
"4905610405107","4905610405107","ペーパーボックス オルゴール 千と千尋","7390"
"4905610405046","4905610405046","あやつりオルゴール トトロ","12510"
"4905610404988","4905610404988","磁器オルゴール ポルコ作業着","17050"
"4905610404971","4905610404971","磁器オルゴール ポルココート","17050"
"4905610404964","4905610404964","磁器オルゴール ジジとラジオ","17510"
"4905610404957","4905610404957","磁器オルゴール メイちゃんとおさんぽ","12510"
"4905610404940","4905610404940","磁器オルゴール 大トトロ","17510"
"4905610404872","4905610404872","フロッキングキーチェーン ポニョ","800"
"4905610404865","4905610404865","フロッキングキーチェーン ジジ ","630"
"4905610404858","4905610404858","フロッキングキーチェーン ネコバス","860"
"4905610404841","4905610404841","フロッキングキーチェーン 小トトロ","520"
"4905610404834","4905610404834","フロッキングキーチェーン 中トトロ","630"
"4905610404827","4905610404827","フロッキングキーチェーン 大トトロ","630"
"4905610403554","4905610403554","磁器オルゴール ネコバス","7050"
"4905610403547","4905610403547","磁器オルゴール トトロホーホー　","7050"
"4905426197678","4905426197678","すこぶる動くウサギ","230"
"4905330780256","4905330780256","ポンポコパンダ特大","23000"
"4905330529091","4905330529091","スーパーマリオ わんわんマスコット","1320"
"4905330529084","4905330529084","マスコット ボムヘイ","1320"
"4905330529046","4905330529046","マスコット クリボー","1320"
"4905330529022","4905330529022","スーパーマリオ ルイージマスコット","1650"
"4905330529015","4905330529015","スーパーマリオ マリオマスコット","1650"
"4905330299086","4905330299086","のる～ん族 パンダ","770"
"4905330122537","4905330122537","カービィマスコット ぶらさがり","1320"
"4905330122513","4905330122513","カービィマスコット スタンダード","1320"
"4905330037480","4905330037480","ポケモン・マスコット・ホゲータ","1650"
"4905330037473","4905330037473","ポケモン・マスコット・ニャハオ","1650"
"4905330037183","4905330037183","ポケモン・マスコット・ミュウ","1650"
"4905330037176","4905330037176","ポケモン・マスコット・カビゴン","1650"
"4905330037138","4905330037138","ポケモン・マスコット・ピカチュウ","1650"
"4905330037121","4905330037121","ポケモン・マスコット・ゼニガメ","1650"
"4905330037114","4905330037114","ポケモン・マスコット・ヒトカゲ","1650"
"4904810907176","4904810907176","トミカ　トトロ「オート三輪」","1540"
"4904810902331","4904810902331","トミカ　千と千尋「カオナシ」","1540"
"4904810221722","4904810221722","トミカ　ポニョ「宗介のポンポン船」","1540"
"4904810221715","4904810221715","トミカ　ハウル「ハウル城」","1540"
"4904810221692","4904810221692","トミカ　ラピュタ「タイガーモス号」","1540"
"4904810212331","4904810212331","トミカ　トトロ「ネコバス」","1540"
"4904810189916","4904810189916","トミカ　千と千尋「海原電鉄」","1540"
"4904790758034","4904790758034","ポケモンピース・ぬいぐるみバッジ・ピカチュウ","990"
"4904790287701","4904790287701","ぬいぐるみ ルイージ","1090"
"4904790287282","4904790287282","ぬいぐるみ マリオ","1090"
"4904790287121","4904790287121","マリオモチ GS／BC ダッシュキノコ","1090"
"4904790286070","4904790286070","モチモチボーチェーンスーパースター","1090"
"4902490677990","4902490677990","となりのトトロ ベビーソックス ネコバス","570"
"4901772589280","4901772589280","ドラえもん　ノート　青","340"
"4901772589273","4901772589273","ドラえもん　ノート　タイムふろしき","340"
"4901772422112","4901772422112","MARVEL 　3色ボールペン","1120"
"4901330807221","4901330807221","おさつほっこり","1170"
"4901330806855","4562443340823","Tシャツ　旅に出ます　中華街　LL","2640"
"4901330806854","4536283155343","ボウリングTシャツ","2420"
"4901330806853","4536283155350","ボウリングTシャツ","2420"
"4901330806852","4536283146058","軍艦島　Tシャツ","2420"
"4901330806851","4536283152618","佐世保バーガーTシャツ　黒","2750"
"4901330806850","4536283152601","佐世保バーガーTシャツ　白","2750"
"4901330806849","4536283139992","ひたすら祈る俺Tシャツ","2750"
"4901330806848","4517869006525","長崎マップ　Tシャツ","2750"
"4901330806847","4589423156458","カステラTシャツ　WHITE","1500"
"4901330806846","4963210200713","カステラサブレ　大","1410"
"4901330806845","4560269091127","長崎サブレ　中","760"
"4901330806844","4560269091134","長崎サブレ　大","1300"
"4901330806843","4980655250684","カステラバーム　大","1250"
"4901330806842","4980655250677","カステラバーム　小","810"
"4901330806841","4980655404100","メモリアルピュアケーキ　小","710"
"4901330806840","4963210200706","カステラサブレ　小","760"
"4901330806839","4963210227284","賛美の教会にて　大","1490"
"4901330806838","4963210227277","賛美の教会にて　小","760"
"4901330806837","4963210128031","カステラフィナンシェ　小","910"
"4901330806836","4963210128048","カステラフィナンシェ　大","1560"
"4901330806835","4905026225771","長崎カステラ焼","820"
"4901330806834","4980655404032","メモリアルピュアケーキ　大","1080"
"4901330806833","4953372327335","プリンケーキ","890"
"4901330806832","4580288922820","出島　チーズガレット","900"
"4901330806831","4582201243784","パティスリーフロマージュ","880"
"4901330806830","4985902026142","天使のショコラ","650"
"4901330806829","4956058236372","ベイクドキャラメル","870"
"4901330806828","4909466003098","チョコショコラ餅","870"
"4901330806827","4985089065026","クランチオレ","850"
"4901330806826","4562324268802","おみくじクッキー","820"
"4901330806825","4994202002312","仲良し中華ゴマ団子","600"
"4901330806824","4953372300468","カステラ君サブレ　小","760"
"4901330806823","4953372300451","カステラ君サブレ　大","1150"
"4901330806822","4964621170428","カステラサイダー","700"
"4901330806821","4510236018664","石炭風ドロップ","470"
"4901330806820","4939669042259","チリンチリンアイスドロップ","470"
"4901330806819","4580288925333","珈琲ドロップ","470"
"4901330806818","4580288925258","ちゃんぽんドロップ","470"
"4901330806817","4580288921014","カステラドロップ","470"
"4901330806816","4963210307702","いちごみるく餅","650"
"4901330806815","4963210311495","チョコココア大福","760"
"4901330806814","4957719351298","ミルクセーキポップコーン","870"
"4901330806813","4589928185212","お曲がり猫　金平糖","820"
"4901330806812","4589928218620","カステラ君　金平糖","770"
"4901330806811","4974507336831","にゃがさき素材ドレッシング","1120"
"4901330806810","4974507903088","醤ぃ～つ","590"
"4901330806809","4963210214178","びわシフォンケーキ　大","1520"
"4901330806808","4963210214161","びわシフォンケーキ　小","810"
"4901330806807","4523064064185","びわゼリー","770"
"4901330806806","4940498005407","びわ餅","880"
"4901330806804","4901330806804","じゃがほっこり　塩味","1300"
"4901330805630","4901330805630","じゃがほっこり　しょうゆ味","1300"
"4901330585816","4901330585816","じゃがりこ　明太子","1170"
"4901330575816","4901330575816","じゃがりこ　明太子","1170"
"4900525859113","4900525859113","サファリクラブ パンダ ぬいぐるみ","1340"
"4900525850103","4900525850103","プチパンダ (パスポーチ)","990"
"4900525639210","4900525639210","ストラップパンダ　サファリクラブ","1110"
"4900525457401","4900525457401","パンダ指人形","820"
"4900525387500","4900525387500","這いパンダストラップ","640"
"4900525157578","4900525157578","プチパンダ パペット","1980"
"4894643125878","4894643125878","エンペラードラゴン(小)","2200"
"4589997114830","4589997114830","食パンだ あまおう味","990"
"4589997114823","4589997114823","食パンだ カステラボールチェーン","660"
"4589997114816","4589997114816","食パンだ カステラ味","990"
"4589997112553","4589997112553","ふわふわご当地　カステラコインケース","550"
"4589997110085","4589997110085","食パンだ 焼きたて","800"
"4589985285351","4589985285351","ばんだ　おみくじ","500"
"4589573948507","4589573948507","カステラくん　くねくねボールペン","550"
"4589573948477","4589573948477","カステラくん　アクリルプレート","550"
"4589573948460","4589573948460","カステラくん　刺繍マグネット","550"
"4589573948354","4589573948354","ステンドグラス風　マグネット","440"
"4589573947913","4589573947913","3Dクリスタル　軍艦島","770"
"4589573943328","4589573943328","木製マグネット　長崎","550"
"4589573942673","4589573942673","ポリマグネット(手形)","660"
"4589573942079","4589573942079","3Dクリスタル　記念像/ 天主堂/龍(大)","770"
"4589573942062","4589573942062","3Dクリスタル　記念像/天主堂/龍(小)","550"
"4589573940518","4589573940518","カステラくん　ちりめん　スマホケース　黄色/ピンク","1100"
"4589573930748","4589573930748","動くカステラくん　キーホルダー","550"
"4589573930304","4589573930304","カステラくん　おみくじタマゴキーホルダー","440"
"4589573930069","4589573930069","カステラくん部活ボール","440"
"4589571113242","4589571113242","カステラ/サウルス　キーホルダー","550"
"4589423156465","4589423156465","カステラ　Tシャツ","2980"
"4582698661573","4582698661573","サンリオ　Play Charm　ポムポムプリン","2200"
"4582698661542","4582698661542","サンリオ　Play Charm　マイメロディ","2200"
"4582698661177","4582698661177","ちいかわ携帯ストラップ シーサー","1980"
"4582698661146","4582698661146","ちいかわ携帯ストラップ ハチワレ","1980"
"4582698661139","4582698661139","ちいかわ携帯ストラップ うさぎ","1980"
"4582698661122","4582698661122","ちいかわ携帯ストラップ","1980"
"4582606245093","4582606245093","にゃがさき　ねこ","1100"
"4582606240449","4582606240449","旅するマメしば　チャイナ服パンダ","1100"
"4582606240326","4582606240326","旅するマメしば　ちゃんぽん","1100"
"4582606235056","4582606235056","旅するマメしば　佐世保バーガー","1100"
"4582606233601","4582606233601","招き猫　Jewelry Keychain","550"
"4582606233489","4582606233489","旅するマメしば　キーホルダー","550"
"4582559928432","4582559928432","アクリルキーホルダー すみっこぐらし とかげ","540"
"4582559928425","4582559928425","ダイカットキーホルダー すみっこぐらし ねこ","540"
"4582559928418","4582559928418","アクリルキーホルダー すみっこぐらし とんかつ","540"
"4582559928401","4582559928401","ダイカットキーホルダー すみっこぐらし ぺんぎん","540"
"4582559928395","4582559928395","アクリルキーホルダー すみっこぐらし しろくま","540"
"4582480500073","4582480500073","アルファベット　コップ","710"
"4582365252462","4582365252462","SNOOPY メタルキーホルダー（カステラ）","770"
"4582365197053","4582365197053","SNOOPY 耐水ステッカー（カステラ）","550"
"4582365197046","4582365197046","SNOOPY 耐水ステッカー（ステンドグラス）","550"
"4582365197022","4582365197022","SNOOPY アクリルキーホルダー","660"
"4582365187832","4582365187832","SNOOPY 長崎限定 パタパタメモ","440"
"4582241438713","4582241438713","ステンドグラスコースター　平和記念像","770"
"4582241438706","4582241438706","ステンドグラスコースター　天主堂","770"
"4582241438461","4582241438461","ステンドグラスコースター　龍踊","770"
"4582241438430","4582241438430","メタルキーリング　平和記念像","660"
"4582231413508","4582231413508","カステラくん　３つセットストラップ","1100"
"4582201242800","4582201242800","ハートストーンクッキー","820"
"4582156578832","4582156578832","サングラス　PY2837-2","1210"
"4582156578825","4582156578825","サングラス　PY2837-1","1210"
"4582156574834","4582156574834","サングラス　PY2835-3","1210"
"4582156574810","4582156574810","サングラス　PY2835-1","1210"
"4582156574766","4582156574766","サングラス　PY2833-2","1210"
"4582156574759","4582156574759","サングラス　PY2833-1","1210"
"4582156574742","4582156574742","サングラス　PY2832-3","1210"
"4582156574735","4582156574735","サングラス　PY2832-2","1210"
"4582156574728","4582156574728","サングラス　PY2832-1","1210"
"4582156574445","4582156574445","サングラス　PY1248-3","1210"
"4582156574438","4582156574438","サングラス　PY1248-2","1210"
"4582156574421","4582156574421","サングラス　PY1248-1","1210"
"4582156574315","4582156574315","サングラス　GC355-2","1210"
"4582156574308","4582156574308","サングラス　GC355-1","1210"
"4582156574001","4582156574001","サングラス　PY2815-5","1210"
"4582156573998","4582156573998","サングラス　PY2815-4","1210"
"4582153952512","4582153952512","サングラス　PYL156-2","1210"
"4582153952505","4582153952505","サングラス　PYL156-1","1210"
"4582153950549","4582153950549","サングラス　JJ2095-6","1210"
"4582153950532","4582153950532","サングラス　JJ2095-5","1210"
"4582153947884","4582153947884","サングラス　GC348-3","1210"
"4582153947877","4582153947877","サングラス　GC348-2","1210"
"4582153947860","4582153947860","サングラス　GC348-1","1210"
"4582153947082","4582153947082","サングラス　CS3057-3","1210"
"4582153947075","4582153947075","サングラス　CS3057-2","1210"
"4582153947068","4582153947068","サングラス　CS3057-1","1210"
"4580795356958","4580795356958","PENGSOO ダイカットステッカー　緑","330"
"4580795356941","4580795356941","PENGSOO ダイカットステッカー　黒","330"
"4580795356934","4580795356934","PENGSOO ダイカットステッカー　赤","330"
"4580795356927","4580795356927","PENGSOO ダイカットステッカー　ピンク","330"
"4580795356910","4580795356910","PENGSOO ダイカットステッカー　黄","330"
"4580795356743","4580795356743","カラーキーホルダー 黄色の顔","600"
"4580795356736","4580795356736","カラーキーホルダー 青","600"
"4580795356613","4580795356613","缶バッチ 水色","420"
"4580795356606","4580795356606","缶バッチ 黄色の顔のみ","420"
"4580795356590","4580795356590","缶バッチ ピンク","420"
"4580795356583","4580795356583","缶バッチ 黄色全身","420"
"4580795356576","4580795356576","カラーキーホルダー 水色","600"
"4580795356569","4580795356569","アクリルキーホルダー PENGSOO","660"
"4580795356552","4580795356552","クリアチャーム PENGSOO ベレー帽","550"
"4580795356545","4580795356545","クリアチャーム PENGSOO サングラス","550"
"4580795356538","4580795356538","クリアチャーム PENGSOO 画家","550"
"4580795356521","4580795356521","クリアチャーム PENGSOO ピンクワンピース","550"
"4580795356514","4580795356514","クリアチャーム PENGSOO 赤いバッグ","550"
"4580755942528","4580755942528","サングラス　PY2906-3","1210"
"4580755942511","4580755942511","サングラス　PY2906-2","1210"
"4580755942504","4580755942504","サングラス　PY2906-1","1210"
"4580755942498","4580755942498","サングラス　PY2905-3","1210"
"4580755942481","4580755942481","サングラス　PY2905-2","1210"
"4580755942474","4580755942474","サングラス　PY2905-1","1210"
"4580755942467","4580755942467","サングラス　PY2904-5","1210"
"4580755942450","4580755942450","サングラス　PY2904-4","1210"
"4580755942443","4580755942443","サングラス　PY2904-3","1210"
"4580755942436","4580755942436","サングラス　PY2904-2","1210"
"4580755942429","4580755942429","サングラス　PY2904-1","1210"
"4580755942412","4580755942412","サングラス　PY2903-3","1210"
"4580755942405","4580755942405","サングラス　PY2903-2","1210"
"4580755942399","4580755942399","サングラス　PY2903-1","1210"
"4580755942382","4580755942382","サングラス　PY2902-3","1210"
"4580755942375","4580755942375","サングラス　PY2902-2","1210"
"4580755942368","4580755942368","サングラス　PY2902-1","1210"
"4580755942351","4580755942351","サングラス　PY2901-3","1210"
"4580755942344","4580755942344","サングラス　PY2901-2","1210"
"4580755942337","4580755942337","サングラス　PY2901-1","1210"
"4580755942320","4580755942320","サングラス　PY2900-3","1210"
"4580755942313","4580755942313","サングラス　PY2900-2","1210"
"4580755942306","4580755942306","サングラス　PY2900-1","1210"
"4580755942290","4580755942290","サングラス　PY2899-3","1210"
"4580755942283","4580755942283","サングラス　PY2899-2","1210"
"4580755942276","4580755942276","サングラス　PY2899-1","1210"
"4580755942269","4580755942269","サングラス　PY1256-3","1210"
"4580755942252","4580755942252","サングラス　PY1256-2","1210"
"4580755942245","4580755942245","サングラス　PY1256-1","1210"
"4580755942238","4580755942238","サングラス　PY1255-3","1210"
"4580755942221","4580755942221","サングラス　PY1255-2","1210"
"4580755942214","4580755942214","サングラス　PY1255-1","1210"
"4580755942207","4580755942207","サングラス　PY1254-3","1210"
"4580755942191","4580755942191","サングラス　PY1254-2","1210"
"4580755942184","4580755942184","サングラス　PY1254-1","1210"
"4580755941873","4580755941873","サングラス　PY2868-6","1210"
"4580755941866","4580755941866","サングラス　PY2868-5","1210"
"4580755941859","4580755941859","サングラス　PY2859-5","1210"
"4580755941842","4580755941842","サングラス　PY2837-14","1210"
"4580755941835","4580755941835","サングラス　PY2837-13","1210"
"4580755941828","4580755941828","サングラス　PY2835-4","1210"
"4580755941811","4580755941811","サングラス　PY2833-4","1210"
"4580755941804","4580755941804","サングラス　PY2705-12","1210"
"4580755941798","4580755941798","サングラス　PY2705-11","1210"
"4580755941774","4580755941774","サングラス　PY1139-18","1210"
"4580755941767","4580755941767","サングラス　GC355-4","1210"
"4580755940593","4580755940593","サングラス　PY2896-4","1210"
"4580755940586","4580755940586","サングラス　PY2896-3","1210"
"4580755940579","4580755940579","サングラス　PY2896-2","1210"
"4580755940562","4580755940562","サングラス　PY2896-1","1210"
"4580755940494","4580755940494","サングラス　PY2893-4","1210"
"4580755940487","4580755940487","サングラス　PY2893-3","1210"
"4580755940463","4580755940463","サングラス　PY2893-1","1210"
"4580755940456","4580755940456","サングラス　PY2892-4","1210"
"4580755940449","4580755940449","サングラス　PY2892-3","1210"
"4580755940432","4580755940432","サングラス　PY2892-2","1210"
"4580755940425","4580755940425","サングラス　PY2892-1","1210"
"4580755937265","4580755937265","サングラス　PY2888-3","1210"
"4580755937258","4580755937258","サングラス　PY2888-2","1210"
"4580755937241","4580755937241","サングラス　PY2888-1","1210"
"4580755937234","4580755937234","サングラス　PY2887-3","1210"
"4580755937227","4580755937227","サングラス　PY2887-2","1210"
"4580755937210","4580755937210","サングラス　PY2887-1","1210"
"4580755937111","4580755937111","サングラス　PY2883-3","1210"
"4580755937104","4580755937104","サングラス　PY2883-2","1210"
"4580755937098","4580755937098","サングラス　PY2883-1","1210"
"4580755934875","4580755934875","サングラス　PY2874-3","1210"
"4580755934868","4580755934868","サングラス　PY2874-2","1210"
"4580755934851","4580755934851","サングラス　PY2874-1","1210"
"4580755934844","4580755934844","サングラス　PY2873-3","1210"
"4580755934837","4580755934837","サングラス　PY2873-2","1210"
"4580755934820","4580755934820","サングラス　PY2873-1","1210"
"4580755934813","4580755934813","サングラス　PY2872-3","1210"
"4580755934806","4580755934806","サングラス　PY2872-2","1210"
"4580755934790","4580755934790","サングラス　PY2872-1","1210"
"4580755934752","4580755934752","サングラス　PY2870-3","1210"
"4580755934745","4580755934745","サングラス　PY2870-2","1210"
"4580755934738","4580755934738","サングラス　PY2870-1","1210"
"4580755934721","4580755934721","サングラス　PY1253-3","1210"
"4580755934714","4580755934714","サングラス　PY1253-2","1210"
"4580755934707","4580755934707","サングラス　PY1253-1","1210"
"4580755934691","4580755934691","サングラス　PY1252-3","1210"
"4580755934684","4580755934684","サングラス　PY1252-2","1210"
"4580755934677","4580755934677","サングラス　PY1252-1","1210"
"4580755934141","4580755934141","サングラス　PY2837-12","1210"
"4580755934134","4580755934134","サングラス　PY2837-11","1210"
"4580755934127","4580755934127","サングラス　PY2837-10","1210"
"4580755934110","4580755934110","サングラス　PY2837-9","1210"
"4580755934103","4580755934103","サングラス　PY2805-6","1210"
"4580755934097","4580755934097","サングラス　PY2805-5","1210"
"4580755934080","4580755934080","サングラス　PY2805-4","1210"
"4580755934073","4580755934073","サングラス　PY2794-6","1210"
"4580755934066","4580755934066","サングラス　PY2793-5","1210"
"4580755934042","4580755934042","サングラス　PY2705-10","1210"
"4580755934035","4580755934035","サングラス　PY2705-9","1210"
"4580755934028","4580755934028","サングラス　PY2640-8","1210"
"4580755933991","4580755933991","サングラス　PY2503-10","1210"
"4580755933984","4580755933984","サングラス　PY2503-9","1210"
"4580755933977","4580755933977","サングラス　PY2503-8","1210"
"4580755933960","4580755933960","サングラス　PY1246-4","1210"
"4580755933953","4580755933953","サングラス　PY1237-5","1210"
"4580755933946","4580755933946","サングラス　PY1181-6","1210"
"4580755933939","4580755933939","サングラス　PY1139-17","1210"
"4580755932284","4580755932284","サングラス　PY2868-4","1210"
"4580755932277","4580755932277","サングラス　PY2868-3","1210"
"4580755932260","4580755932260","サングラス　PY2868-2","1210"
"4580755932253","4580755932253","サングラス　PY2868-1","1210"
"4580755929451","4580755929451","サングラス　PY2863-3","1210"
"4580755929444","4580755929444","サングラス　PY2863-2","1210"
"4580755929437","4580755929437","サングラス　PY2863-1","1210"
"4580755929338","4580755929338","サングラス　PY2859-2","1210"
"4580755929321","4580755929321","サングラス　PY2859-1","1210"
"4580755924791","4580755924791","サングラス　PY2851-3","1210"
"4580755924784","4580755924784","サングラス　PY2851-2","1210"
"4580755924777","4580755924777","サングラス　PY2851-1","1210"
"4580755924616","4580755924616","サングラス　PY1250-3","1210"
"4580755924609","4580755924609","サングラス　PY1250-2","1210"
"4580755924593","4580755924593","サングラス　PY1250-1","1210"
"4580755924586","4580755924586","サングラス　PY1249-3","1210"
"4580755924579","4580755924579","サングラス　PY1249-2","1210"
"4580755924562","4580755924562","サングラス　PY1249-1","1210"
"4580755924012","4580755924012","サングラス　PY2794-5","1210"
"4580755924005","4580755924005","サングラス　PY2705-8","1210"
"4580755923961","4580755923961","サングラス　PY1201-5","1210"
"4580683611039","4580683611039","進撃の巨人 クリアチョップスティックス","660"
"4580683609890","4580683609890","NARUTO疾風伝クリアチョップスティックス 赤","660"
"4580683609883","4580683609883","NARUTO疾風伝クリアチョップスティックス 青","660"
"4580683609319","4580683609319","ブルーロッククリアチョップスティックス ピンク","660"
"4580683609296","4580683609296","東京リベンジャーズ クリアチョップスティックス マイキー","660"
"4580683609289","4580683609289","東京リベンジャーズ クリアチョップスティックス たけみっち","660"
"4580506835953","4580506835953","クレヨンしんちゃんといっしょポーチ シロ","2200"
"4580441334927","4580441334927","アイマスク ふて寝中","500"
"4580441334910","4580441334910","アイマスク ブラボー ","500"
"4580441334903","4580441334903","アイマスク 睡眠ガチ勢","500"
"4580441334897","4580441334897","アイマスク 睡眠しか勝たん","500"
"4580441334880","4580441334880","アイマスク ぴ寝ん","500"
"4580441334873","4580441334873","アイマスク 寝落ち中","500"
"4580441334866","4580441334866","アイマスク 眠ってるやついる？いねぇよなぁ！","500"
"4580441334859","4580441334859","アイマスク 睡眠の呼吸","500"
"4580441334828","4580441334828","アイマスク 3密回避","500"
"4580441334507","4580441334507","アイマスク パリピ","500"
"4580441334149","4580441334149","アイマスク ワンチャン眠り","500"
"4580441334125","4580441334125","アイマスク まじ卍","500"
"4580441330202","4580441330202","アイマスク 起こしたやつは駆逐してやる！","500"
"4580441330172","4580441330172","アイマスク 中二病でも旅がしたい！","500"
"4580397924760","4580397924760","ひねくれたやつら　テニス","550"
"4580397924753","4580397924753","ひねくれたやつら　バレー","550"
"4580397924746","4580397924746","ひねくれたやつら　バスケ","550"
"4580397924739","4580397924739","ひねくれたやつら　サッカー","550"
"4580397924722","4580397924722","ひねくれたやつら　野球","550"
"4580397919926","4580397919926","ハイキュー クリアチョップスティックス　影山","660"
"4580397919919","4580397919919","ハイキュー  クリアチョップスティックス　日向","660"
"4580397915690","4580397915690","鬼滅の刃 メモ帳（しのぶ）","220"
"4580397915683","4580397915683","鬼滅の刃 メモ帳（義勇）","220"
"4580397915676","4580397915676","鬼滅の刃 メモ帳（伊之助）","220"
"4580397915669","4580397915669","鬼滅の刃 メモ帳（善逸）","220"
"4580397915652","4580397915652","鬼滅の刃 メモ帳（ねずこ）","220"
"4580397915645","4580397915645","鬼滅の刃 メモ帳（炭治郎）","220"
"4580397915591","4580397915591","鬼滅の刃　定規(しのぶ)","330"
"4580397915577","4580397915577","鬼滅の刃　定規(伊之助)","330"
"4580397915560","4580397915560","鬼滅の刃　定規(善逸)","330"
"4580397915553","4580397915553","鬼滅の刃　定規(ねずこ)","330"
"4580397915546","4580397915546","鬼滅の刃　定規(炭治郎)","330"
"4580397915461","4580397915461","鬼滅の刃　ダストボックス","440"
"4580397915454","4580397915454","鬼滅の刃 　クリアカトラリーセット(しのぶ)","660"
"4580397915430","4580397915430","鬼滅の刃　クリアカトラリーセット(伊之助)","660"
"4580397915324","4580397915324","鬼滅の刃　クリア箸(炭治郎)","660"
"4580397899563","4580397899563","星のカービィ ぷっクリアキーホルダー カステラ","660"
"4580397899105","4580397899105","星のカービィ ぷっクリアキーホルダー あまおう","660"
"4580397898924","4580397898924","星のカービィ ぷっクリアキーホルダー 明太子","660"
"4580397889700","4580397889700","進撃の巨人 ビーズストラップ 豚まん","440"
"4580397889687","4580397889687","進撃の巨人 ビーズストラップ パンダ","440"
"4580397889663","4580397889663","進撃の巨人 ビーズストラップ 九州男児","440"
"4580397889519","4580397889519","進撃の巨人キーホルダー くんち","440"
"4580397889489","4580397889489","進撃の巨人キーホルダー カステラ","440"
"4580397888666","4580397888666","進撃の巨人 ビーズストラップ 温泉","440"
"4580397884170","4580397884170","進撃の巨人ビーズストラップ 温泉 エレン","440"
"4580372424636","4580372424636","稲佐の月　ベイクドクッキー","1170"
"4580372421925","4580372421925","ノンステップバス","660"
"4580372421802","4580372421802","考えるちゃんぽん　キーホルダー","660"
"4580372421505","4580372421505","ニャリンニャリンアイス　キーホルダー","660"
"4580372421291","4580372421291","考えるカステラ　キーホルダー","660"
"4580372421178","4580372421178","にゃがさき　ニャステラ　キーホルダー","660"
"4580372421017","4580372421017","フチのりにゃんこ　温泉","550"
"4580323737518","4580323737518","爪切り","440"
"4580313078102","4580313078102","金箔額　長崎","660"
"4580288927030","4580288927030","ちんちん電車　連結マグネット","880"
"4580288922271","4580288922271","純塩チョコリーフパイ","1050"
"4580288921281","4580288921281","焼きショコラ　長崎バス","820"
"4580280889007","4580280889007","進撃の巨人ビーズストラップ 温泉 アルミン","440"
"4580280196786","4580280196786","京都　薄桜鬼","500"
"4580280193549","4580280193549","アイマスク ご当地キター 長崎","500"
"4580280191552","4580280191552","アイマスク 舞妓","720"
"4580280190722","4580280190722","ご当地ステンドグラスショボーンキーホルダー","500"
"4580280186350","4580280186350","アイマスク 忍者","500"
"4580280186343","4580280186343","アイマスク 歌舞伎","720"
"4580280182550","4580280182550","アイマスク 旅に出ます 起こさないで下さい","500"
"4580280181232","4580280181232","アイマスク　大仏","500"
"4580280174852","4580280174852","Tシャツ　旅に出ます　 九州男児　LL","2640"
"4580280174845","4580280174845","Tシャツ　旅に出ます 　九州男児　L","2640"
"4580280174838","4580280174838","Tシャツ　旅に出ます　 九州男児　M","2640"
"4580280174821","4580280174821","Tシャツ　旅に出ます　 九州男児　S","2640"
"4580280173206","4580280173206","九州男児 子供Tシャツ 黒","1000"
"4580280172056","4580280172056","夏目友人帳　黒ニャンコ","550"
"4580280172049","4580280172049","夏目友人帳　ニャンコ先生　飛び","550"
"4580280172032","4580280172032","夏目友人帳　ニャンコ先生　縦","550"
"4580280172025","4580280172025","夏目友人帳　ニャンコ先生　横","550"
"4580280168417","4580280168417","アイマスク 姫","500"
"4580280168394","4580280168394","アイマスク 伊達政宗","500"
"4580280168158","4580280168158","アイマスク シャキーン","500"
"4580280168141","4580280168141","アイマスク ショポーン ピンクラメ","500"
"4580280157992","4580280157992","キーカバー ご当地ショボーン","380"
"4580280139844","4580280139844","アクリル根付　スカル　花魁","540"
"4580280139752","4580280139752","アクリル根付　スカル　新選組","450"
"4580280138267","4580280138267","ご当地カステラちゃんぽんダブル根付","610"
"4580280130315","4580280130315","ご当地中華面女ショボーンキーホルダー","500"
"4580280130254","4580280130254","ご当地ちゃんぽんショボーンキーホルダー","500"
"4580280130247","4580280130247","ご当地佐世保バーガーショボーンキーホルダー","500"
"4580280126684","4580280126684","ご当地角煮まんショボーンキーホルダー","500"
"4580280123744","4580280123744","ボールペン3色セット 長崎ショボーン 黒","550"
"4580280123287","4580280123287","キーホルダー バスケ ショボーン","500"
"4580280123270","4580280123270","キーホルダー 野球 ショボーン","500"
"4580280123263","4580280123263","キーホルダー サッカー ショボーン","500"
"4580280122976","4580280122976","ご当地カステラショボーンキーホルダー","500"
"4580280101865","4580280101865","マグネットストラップ","890"
"4580236850649","4580236850649","みにちゅあーとキット　決断の夜","3870"
"4580236850632","4580236850632","みにちゅあーとキット　アシタカとヤックル","3870"
"4580236850625","4580236850625","みにちゅあーとキット　精霊の森","3870"
"4580236850618","4580236850618","みにちゅあーとキット　アシタカの旅立ち","3870"
"4580236850601","4580236850601","みにちゅあーとキット　もののけ姫の夜襲","3870"
"4580236850502","4580236850502","みにちゅあーとキット グーチョキパン店","13510"
"4580236850496","4580236850496","みにちゅあーとキット 千と千尋ジオラマ","48400"
"4580236850489","4580236850489","みにちゅあーとキット　巨大樹の森","3870"
"4580236850472","4580236850472","みにちゅあーとキット　飛行石の正体","3870"
"4580236850465","4580236850465","みにちゅあーとキット　逃げるシータとパズー","3870"
"4580236850458","4580236850458","みにちゅあーとキット　魔女のかばん","3870"
"4580236850441","4580236850441","みにちゅあーとキット　目覚めたシータ","3870"
"4580236850434","4580236850434","みにちゅあーとキット　アーヤとトーマス","3870"
"4580236850427","4580236850427","みにちゅあーとキット　ミミズを隠すアーヤ","3870"
"4580236850410","4580236850410","みにちゅあーとキット　ベラ・ヤーガに反撃","3870"
"4580236850403","4580236850403","みにちゅあーとキット　新しい家へ","3870"
"4580236850397","4580236850397","みにちゅあーとキット　アーヤとカスタード","3870"
"4580236850359","4580236850359","みにちゅあーとキット　キキとジジの家族","3870"
"4580236850342","4580236850342","みにちゅあーとキット　森の中に落ちたキキ","3870"
"4580236850335","4580236850335","みにちゅあーとキット　気になる魔女さん","3870"
"4580236850328","4580236850328","みにちゅあーとキット　出発の日","3870"
"4580236850311","4580236850311","みにちゅあーとキット　魔女の薬草庫","3870"
"4580236850236","4580236850236","みにちゅあーとキット さつきとメイの家","10010"
"4580236850182","4580236850182","みにちゅあーとキット 耳をすませばジオラマ","37510"
"4580236850168","4580236850168","みにちゅあーとキット　銭婆と一緒に編み物","3870"
"4580236850151","4580236850151","みにちゅあーとキット　海原電鉄がやって来た","3870"
"4580236850144","4580236850144","みにちゅあーとキット　階段を走る千尋","3870"
"4580236850137","4580236850137","みにちゅあーとキット　ハクの呪文","3870"
"4580236850120","4580236850120","みにちゅあーとキット　走るハクと千尋","3870"
"4580236850113","4580236850113","みにちゅあーとキット　ずっと忘れない","3870"
"4580236850106","4580236850106","みにちゅあーとキット　よみがえる日々","3870"
"4580236850090","4580236850090","みにちゅあーとキット　きのこの森","3870"
"4580236850083","4580236850083","みにちゅあーとキット　夜のピクニック","3870"
"4580236850076","4580236850076","みにちゅあーとキット　秘密の友達","3870"
"4580236850038","4580236850038","みにちゅあーとキット カオナシ","7050"
"4580236849711","4580236849711","みにちゅあーとキット　月からのお迎え","3870"
"4580236849698","4580236849698","みにちゅあーとキット　山桜の木の下で","3870"
"4580236849681","4580236849681","みにちゅあーとキット　女童とかぐや姫","3870"
"4580236849674","4580236849674","みにちゅあーとキット　かぐや姫の誕生","3870"
"4580236849667","4580236849667","みにちゅあーとキット 魔女宅ジオラマ","37510"
"4580236849629","4580236849629","みにちゅあーとキット　翔とアリエッティ","3870"
"4580236849612","4580236849612","みにちゅあーとキット　わすれもの","3870"
"4580236849605","4580236849605","みにちゅあーとキット　借りって楽しい","3870"
"4580236849599","4580236849599","みにちゅあーとキット　ポッドとアリエッティ","3870"
"4580236849582","4580236849582","みにちゅあーとキット　ホミリーとアリエッティ","3870"
"4580236849575","4580236849575","みにちゅあーとキット　トトロのごちそう","3870"
"4580236849568","4580236849568","みにちゅあーとキット　大クスの社の前で","3870"
"4580236849551","4580236849551","みにちゅあーとキット　雨宿り","3870"
"4580236849544","4580236849544","みにちゅあーとキット　とことこメイと小トトロ","3870"
"4580236849537","4580236849537","みにちゅあーとキット　マックロクロスケ出ておいで","3870"
"4580236849476","4580236849476","みにちゅあーとキット　キキの看板","3870"
"4580236849469","4580236849469","みにちゅあーとキット　ジジと子猫たち","3870"
"4580236849452","4580236849452","みにちゅあーとキット　にしんのパイ","3870"
"4580236849445","4580236849445","みにちゅあーとキット　ウルスラとキキ","3870"
"4580236849438","4580236849438","みにちゅあーとキット　今夜出発","3870"
"4580236849353","4580236849353","みにちゅあーとキット　迷子のメイみっけ","3870"
"4580236849346","4580236849346","みにちゅあーとキット　オカリナの音色","3870"
"4580236849339","4580236849339","みにちゅあーとキット　トトロと遊覧飛行","3870"
"4580236849322","4580236849322","みにちゅあーとキット　手も足もマックロケ","3870"
"4580236849315","4580236849315","みにちゅあーとキット　メイとマックロクロスケ","3870"
"4580236849308","4580236849308","みにちゅあーとキット　トンボとキキ","3870"
"4580236849292","4580236849292","みにちゅあーとキット　老犬ジェファーソンとキキ","3870"
"4580236849285","4580236849285","みにちゅあーとキット　お買い物","3870"
"4580236849278","4580236849278","みにちゅあーとキット　コリコ到着","3870"
"4580236849261","4580236849261","みにちゅあーとキット　先輩魔女さん","3870"
"4580236849230","4580236849230","みにちゅあーとキット　停留所のふたり","3870"
"4580236849223","4580236849223","みにちゅあーとキット　海と空、カルチェラタンへ","3870"
"4580236849216","4580236849216","みにちゅあーとキット　記念撮影","3870"
"4580236849209","4580236849209","みにちゅあーとキット　海の日課","3870"
"4580236849193","4580236849193","みにちゅあーとキット　タグボートからの景色","3870"
"4580236849179","4580236849179","みにちゅあーとキット　ハク竜と千尋","3870"
"4580236849155","4580236849155","みにちゅあーとキット　オクサレさま来たる","3870"
"4580236849148","4580236849148","みにちゅあーとキット　リンと蛙男とおしらさま","3870"
"4580236849131","4580236849131","みにちゅあーとキット　千尋と石人","3870"
"4580236849063","4580236849063","みにちゅあーとキット ラピュタ城","12960"
"4580236849056","4580236849056","みにちゅあーとキット　夢のかたち","3870"
"4580236849049","4580236849049","みにちゅあーとキット　ふたりの結婚式","3870"
"4580236849032","4580236849032","みにちゅあーとキット　黄昏の終着駅","3870"
"4580236849025","4580236849025","みにちゅあーとキット　風の吹き抜ける丘で","3870"
"4580236849018","4580236849018","みにちゅあーとキット　少年の夢","3870"
"4580236849001","4580236849001","みにちゅあーとキット 不思議の町－８","9440"
"4580236848998","4580236848998","みにちゅあーとキット 不思議の町－７","7850"
"4580236848981","4580236848981","みにちゅあーとキット 不思議の町－６","6480"
"4580236848936","4580236848936","みにちゅあーとキット　バロント猫ハル","3870"
"4580236848929","4580236848929","みにちゅあーとキット　事務所に入るハル","3870"
"4580236848912","4580236848912","みにちゅあーとキット　ムタと猫の事務所","3870"
"4580236848905","4580236848905","みにちゅあーとキット　猫の行列","3870"
"4580236848899","4580236848899","みにちゅあーとキット　ルーンをキャッチ","3870"
"4580236848844","4580236848844","みにちゅあーとキット　千尋とカオナシ","3870"
"4580236848837","4580236848837","みにちゅあーとキット　ハクのおにぎり","3870"
"4580236848820","4580236848820","みにちゅあーとキット　船着き場","3870"
"4580236848813","4580236848813","みにちゅあーとキット　両親豚になる","3870"
"4580236848806","4580236848806","みにちゅあーとキット　ようこそ、地球屋へ","3870"
"4580236848790","4580236848790","みにちゅあーとキット　朝日を見にいこう","3870"
"4580236848783","4580236848783","みにちゅあーとキット　いざ、おともつかまらん","3870"
"4580236848776","4580236848776","みにちゅあーとキット　合奏しようよ","3870"
"4580236848769","4580236848769","みにちゅあーとキット　～バロン～","3870"
"4580236848738","4580236848738","みにちゅあーとキット　メイをさがして","3870"
"4580236848721","4580236848721","みにちゅあーとキット　ドンドコ踊り","3870"
"4580236848714","4580236848714","みにちゅあーとキット　メイとトトロ","3870"
"4580236848707","4580236848707","みにちゅあーとキット　秘密のトンネル","3870"
"4580236848691","4580236848691","みにちゅあーとキット　小さいトトロみっけ","3870"
"4580236848660","4580236848660","みにちゅあーとキット　サンと山犬","3870"
"4580236848653","4580236848653","みにちゅあーとキット　ディダラボッチ","3870"
"4580236848646","4580236848646","みにちゅあーとキット　シシ神の森","3870"
"4580236848639","4580236848639","みにちゅあーとキット　モロとアシタカ","3870"
"4580236848622","4580236848622","みにちゅあーとキット　アシタカとタタリ神","3870"
"4580236848592","4580236848592","みにちゅあーとキット 時計塔","13640"
"4580236848585","4580236848585","みにちゅあーとキット　ポンポン船に乗って","3870"
"4580236848578","4580236848578","みにちゅあーとキット　水魚の上を走るポニョ","3870"
"4580236848561","4580236848561","みにちゅあーとキット　京介とポニョとフジモト","3870"
"4580236848554","4580236848554","みにちゅあーとキット　ポニョと妹たち","3870"
"4580236848547","4580236848547","みにちゅあーとキット　ウバザメ号と海中農業","3870"
"4580236848530","4580236848530","みにちゅあーとキット　かかしのカブとマルクルとヒン","3870"
"4580236848523","4580236848523","みにちゅあーとキット　荒地の魔女の興","3870"
"4580236848516","4580236848516","みにちゅあーとキット　カルシファーとベーコンエッグ","3870"
"4580236848509","4580236848509","みにちゅあーとキット　逃げるハウルとソフィ","3870"
"4580236848493","4580236848493","みにちゅあーとキット　ハウルの城とソフィ","3870"
"4580236848479","4580236848479","みにちゅあーとキット　妖怪大作戦","3870"
"4580236848462","4580236848462","みにちゅあーとキット　決起集会","3870"
"4580236848455","4580236848455","みにちゅあーとキット　正吉とおキヨ","3870"
"4580236848448","4580236848448","みにちゅあーとキット　化け学特訓","3870"
"4580236848431","4580236848431","みにちゅあーとキット　作戦会議","3870"
"4580236848424","4580236848424","みにちゅあーとキット　ピッコロ社とサボイア","3870"
"4580236848417","4580236848417","みにちゅあーとキット　電話するポルコ","3870"
"4580236848400","4580236848400","みにちゅあーとキット　ポルコのアジト","3870"
"4580236848394","4580236848394","みにちゅあーとキット　唄うジーナ","3870"
"4580236848387","4580236848387","みにちゅあーとキット　アドリアーノと飛行艇","3870"
"4580236848370","4580236848370","みにちゅあーとキット ジジ","6710"
"4580236848332","4580236848332","みにちゅあーとキット ネコバス","10120"
"4580236848325","4580236848325","みにちゅあーとキット　天空に浮かぶラピュタ","3870"
"4580236848318","4580236848318","みにちゅあーとキット　ロボット兵とシータとパズー","3870"
"4580236848301","4580236848301","みにちゅあーとキット　タイガーモス発進","3870"
"4580236848295","4580236848295","みにちゅあーとキット　シータ救出","3870"
"4580236848288","4580236848288","みにちゅあーとキット　空からシータ","3870"
"4580236848271","4580236848271","みにちゅあーとキット キキとジジの家(オキノ邸)","7160"
"4580236848172","4580236848172","みにちゅあーとキット　海原電鉄に乗って","3870"
"4580236848165","4580236848165","みにちゅあーとキット　逃げる千尋","3870"
"4580236848158","4580236848158","みにちゅあーとキット　湯婆婆と千尋","3870"
"4580236848141","4580236848141","みにちゅあーとキット　釜爺と千尋","3870"
"4580236848134","4580236848134","みにちゅあーとキット　油屋と千尋","3870"
"4580236848103","4580236848103","みにちゅあーとキット ロボット兵（園丁タイプ）","5910"
"4580236848028","4580236848028","みにちゅあーとキット　トンボとプロペラ自転車","3870"
"4580236848011","4580236848011","みにちゅあーとキット　お店番","3870"
"4580236848004","4580236848004","みにちゅあーとキット　お届けもの","3870"
"4580236847991","4580236847991","みにちゅあーとキット　オソノさんとキキ","3870"
"4580236847984","4580236847984","みにちゅあーとキット　オキノ邸","3870"
"4580236847977","4580236847977","みにちゅあーとキット トトロ","7960"
"4580236847946","4580236847946","みにちゅあーとキット　メイとネコバス","3870"
"4580236847939","4580236847939","みにちゅあーとキット　トトロとバス停","3870"
"4580236847922","4580236847922","みにちゅあーとキット　草壁家とネコバス","3870"
"4580236847915","4580236847915","みにちゅあーとキット　お引越し","3870"
"4580236847908","4580236847908","みにちゅあーとキット　トトロとサツキとメイ","3870"
"4580236847892","4580236847892","みにちゅあーとキット タイガーモス","10120"
"4580236847793","4580236847793","みにちゅあーとキット コリコの町","10690"
"4580236847670","4580236847670","みにちゅあーとキット ホテルアドリアーノ","18700"
"4580236847663","4580236847663","みにちゅあーとキット 草壁家の引っ越し","12050"
"4580236847533","4580236847533","みにちゅあーとキット 機関車とオートモービル","8410"
"4580236846857","4580236846857","みにちゅあーとキット 銭婆の家と海原電鉄","9440"
"4580236846789","4580236846789","みにちゅあーとキット 不思議の町－３","6480"
"4580236846772","4580236846772","みにちゅあーとキット 不思議の町－２","6480"
"4580236846611","4580236846611","みにちゅあーとキット ハッター帽子店","8410"
"4580232077217","4580232077217","Tシャツ　軍艦島","2400"
"4580031099410","4580031099410","プレートマグネット　長崎レトロ","660"
"4580031097065","4580031097065","旅するマメしば　カステラ","1100"
"4573553075772","4573553075772","もちふわ！ころころにゃんこ　かすてらにゃん","660"
"4573553070470","4573553070470","かすてらにゃん","990"
"4571542984739","4571542984739","ぷかぷかキーホルダー　ポムポムプリン","1100"
"4571542984722","4571542984722","ぷかぷかキーホルダー　ポチャッコ","1100"
"4571542984715","4571542984715","ぷかぷかキーホルダー　シナモン","1100"
"4571542984708","4571542984708","ぷかぷかキーホルダー　クロミ","1100"
"4571542984692","4571542984692","ぷかぷかキーホルダー　マイメロ","1100"
"4571542977021","4571542977021","エンジェル缶バッジ　キティ","390"
"4571542960245","4571542960245","スパイファミリー スライドアクリルキーチェーン（ヨル）","1080"
"4571542957917","4571542957917","スパイファミリー アクリルジオラママスコット","890"
"4571542956569","4571542956569","キラゆらドームキーホルダー　ポムポムプリン","750"
"4571542956538","4571542956538","キラゆらドームキーホルダー　マイメロ","750"
"4571474910599","4571474910599","旧　ちょうちん　マグネット","440"
"4571474810519","4571474810519","カステラくん　ノック式消しゴム","390"
"4571474810502","4571474810502","カステラくん　マルチペン","440"
"4571474810175","4571474810175","長崎の夜　おみくじ","440"
"4571380045982","4571380045982","サングラス　PY1237-3","1210"
"4571380045968","4571380045968","サングラス　PY1237-1","1210"
"4571380045951","4571380045951","サングラス　PY1235-2","1210"
"4571380045944","4571380045944","サングラス　PY1235-1","1210"
"4571380045722","4571380045722","サングラス　GC354-3","1210"
"4571380045715","4571380045715","サングラス　GC354-2","1210"
"4571380045708","4571380045708","サングラス　GC354-1","1210"
"4571380045692","4571380045692","サングラス　GC353-3","1210"
"4571380045685","4571380045685","サングラス　GC353-2","1210"
"4571380045678","4571380045678","サングラス　GC353-1","1210"
"4571380045661","4571380045661","サングラス　CS3071-3","1210"
"4571380045654","4571380045654","サングラス　CS3071-2","1210"
"4571380045647","4571380045647","サングラス　CS3071-1","1210"
"4571380045630","4571380045630","サングラス　CS3070-3","1210"
"4571380045623","4571380045623","サングラス　CS3070-2","1210"
"4571380045616","4571380045616","サングラス　CS3070-1","1210"
"4571380044824","4571380044824","サングラス　PY2764-5","1210"
"4571380044817","4571380044817","サングラス　PY2764-4","1210"
"4571380044763","4571380044763","サングラス　PY2705-5","1210"
"4571380044749","4571380044749","サングラス　PY2503-6","1210"
"4571380044732","4571380044732","サングラス　PY2503-5","1210"
"4571380044725","4571380044725","サングラス　PY1227-4","1210"
"4571380044718","4571380044718","サングラス　PY1201-4","1210"
"4571380044701","4571380044701","サングラス　PY1158-8","1210"
"4571380044695","4571380044695","サングラス　PY1158-7","1210"
"4571380044688","4571380044688","サングラス　PY1158-6","1210"
"4571380042431","4571380042431","サングラス　PY2764-1","1210"
"4571380038687","4571380038687","サングラス　PY1139-16","1210"
"4571380036201","4571380036201","サングラス　PY2741-3","1210"
"4571380036195","4571380036195","サングラス　PY2741-2","1210"
"4571380036188","4571380036188","サングラス　PY2741-1","1210"
"4571380035914","4571380035914","サングラス　PY1230-3","1210"
"4571380035907","4571380035907","サングラス　PY1230-2","1210"
"4571380035891","4571380035891","サングラス　PY1230-1","1210"
"4571380035204","4571380035204","サングラス　PY2503-4","1210"
"4571380035198","4571380035198","サングラス　PY1181-5","1210"
"4571380035181","4571380035181","サングラス　JJ2162-4","1210"
"4571380035174","4571380035174","サングラス　JJ2141-4","1210"
"4571380034351","4571380034351","サングラス　PY2560-3","1210"
"4571380034344","4571380034344","サングラス　PY2560-2","1210"
"4571380034337","4571380034337","サングラス　PY2560-1","1210"
"4571380034320","4571380034320","サングラス　JJ2087-11","1210"
"4571380026912","4571380026912","サングラス　PY2706-3","1210"
"4571380026905","4571380026905","サングラス　PY2706-2","1210"
"4571380026899","4571380026899","サングラス　PY2706-1","1210"
"4571380026769","4571380026769","サングラス　PY2700-3","1210"
"4571380026752","4571380026752","サングラス　PY2700-2","1210"
"4571380026745","4571380026745","サングラス　PY2700-1","1210"
"4571380026554","4571380026554","サングラス　CS3069-3","1210"
"4571380026547","4571380026547","サングラス　CS3069-2","1210"
"4571380026530","4571380026530","サングラス　CS3069-1","1210"
"4571380025939","4571380025939","サングラス　PY2705-4","1210"
"4571380025892","4571380025892","サングラス　PY1181-4","1210"
"4571380025878","4571380025878","サングラス　PY1139-14","1210"
"4571380025861","4571380025861","サングラス　PY1139-13","1210"
"4571380025793","4571380025793","サングラス　PY2705-1","1210"
"4571380023942","4571380023942","サングラス　PY2667-3","1210"
"4571380023935","4571380023935","サングラス　PY2667-2","1210"
"4571380023928","4571380023928","サングラス　PY2667-1","1210"
"4571380019587","4571380019587","サングラス　PY1227-2","1210"
"4571380019570","4571380019570","サングラス　PY1227-1","1210"
"4571380019273","4571380019273","サングラス　JJ2162-3","1210"
"4571380019266","4571380019266","サングラス　JJ2162-2","1210"
"4571380019181","4571380019181","サングラス　CS3068-3","1210"
"4571380019174","4571380019174","サングラス　CS3068-2","1210"
"4571380019167","4571380019167","サングラス　CS3068-1","1210"
"4571380013417","4571380013417","サングラス　PY2640-1","1210"
"4571380010232","4571380010232","サングラス　PY2611-3","1210"
"4571380010225","4571380010225","サングラス　PY2611-2","1210"
"4571380010218","4571380010218","サングラス　PY2611-1","1210"
"4571380009717","4571380009717","サングラス　PY1219-3","1210"
"4571380009700","4571380009700","サングラス　PY1219-2","1210"
"4571380009694","4571380009694","サングラス　PY1219-1","1210"
"4571380000523","4571380000523","サングラス　PY6374-4","1210"
"4571380000240","4571380000240","サングラス　PY1153-7","1210"
"4571380000233","4571380000233","サングラス　PY1153-6","1210"
"4571380000226","4571380000226","サングラス　PY1153-5","1210"
"4571380000219","4571380000219","サングラス　PY1139-12","1210"
"4571379996240","4571379996240","サングラス　PY6374-3","1210"
"4571379996226","4571379996226","サングラス　PY6374-1","1210"
"4571379993034","4571379993034","サングラス　PY1201-1","1210"
"4571379992044","4571379992044","サングラス　PY1165-6","1210"
"4571379991986","4571379991986","サングラス　JJ2095-7","1210"
"4571379991962","4571379991962","サングラス　JJ2087-7","1210"
"4571379983929","4571379983929","サングラス　PY1181-2","1210"
"4571379983912","4571379983912","サングラス　PY1181-1","1210"
"4571379983820","4571379983820","サングラス　JJ2141-2","1210"
"4571379983813","4571379983813","サングラス　JJ2141-1","1210"
"4571379983745","4571379983745","サングラス　CS3065-3","1210"
"4571379983738","4571379983738","サングラス　CS3065-2","1210"
"4571379983721","4571379983721","サングラス　CS3065-1","1210"
"4571379981871","4571379981871","サングラス　PYL156-4","1210"
"4571379981628","4571379981628","サングラス　PY1139-7","1210"
"4571379970622","4571379970622","サングラス　PY1165-3","1210"
"4571379970615","4571379970615","サングラス　PY1165-2","1210"
"4571188139210","4571188139210","ゆきお　スニーカーソックス　おまがりねこ","550"
"4571188139203","4571188139203","ゆきお　スニーカーソックス　かすていら","550"
"4571188139197","4571188139197","ゆきお　スニーカーソックス　ちゃんぽん","550"
"4571188137070","4571188137070","ゆきお　おまがりねこ","770"
"4571188136677","4571188136677","ゆきお　ちゃんぽん　カステラ","770"
"4571188136660","4571188136660","ゆきお　キャッツていら","770"
"4571188136554","4571188136554","ゆきお　マグネット　ぬいぐるみ","1100"
"4571188134567","4571188134567","ゆきお　佐世保バーガー","770"
"4570198773223","4570198773223","もちふわ！ころころにゃんこ　あまおうにゃん","550"
"4570198771625","4570198771625","ちゃいなぱんだ","990"
"4570085468393","4570085468393","ダイカットキーホルダー ちいかわうさぎ カステラ","540"
"4570085468386","4570085468386","ダイカットキーホルダー ちいかわうさぎ バルーン","540"
"4570085468379","4570085468379","ダイカットキーホルダー ちいかわうさぎ 明太子","540"
"4570085465286","4570085465286","ぬいぐるみキーチェーン ハチワレ カステラ","1670"
"4570085465279","4570085465279","ぬいぐるみキーチェーン ちいかわ カステラ","1670"
"4570085465248","4570085465248","ぬいぐるみキーチェーンはちわれめんたいこ","1670"
"4570085465231","4570085465231","ぬいぐるみキーチェーンちいかわめんたいこ","1670"
"4570085464869","4570085464869","ちいかわ靴下 カステラ","640"
"4570085464852","4570085464852","ちいかわ靴下 バルーン","640"
"4570085464845","4570085464845","ちいかわ靴下 めんたいこ","640"
"4570085462896","4570085462896","ぬいぐるみキーチェーン うさぎ 温泉","1540"
"4570085461202","4570085461202","すみっこぐらしカステラハンドタオル 緑水色","960"
"4570085461196","4570085461196","すみっこぐらしカステラハンドタオル ピンク黄色","960"
"4570085461097","4570085461097","ダイカットキーホルダー ちいかわハチワレ 明太子","540"
"4570085461080","4570085461080","ダイカットキーホルダー ちいかわ 明太子","540"
"4570085460731","4570085460731","すみっこぐらし靴下 黄色","580"
"4570085460724","4570085460724","すみっこぐらし靴下 ピンク","580"
"4570085460311","4570085460311","ダイカットキーホルダー ちいかわハチワレ カステラ","540"
"4570085460304","4570085460304","ダイカットキーホルダー ちいかわ カステラ","540"
"4570085460298","4570085460298","ダイカットキーホルダー ちいかわハチワレ バルーン","540"
"4570085460281","4570085460281","ダイカットキーホルダー ちいかわ バルーン","540"
"4570085457243","4570085457243","ダイカットキーホルダー ちいかわうさぎ 温泉","500"
"4570085454624","4570085454624","ぬいぐるみキーチェーンはちわれ温泉","1540"
"4570085454617","4570085454617","ぬいぐるみキーチェーンちいかわ温泉","1540"
"4570085454525","4570085454525","ダイカットキーホルダー ちいかわハチワレ 温泉","500"
"4570085454518","4570085454518","ダイカットキーホルダー ちいかわ 温泉","500"
"4570057758750","4570057758750","ヘアバンド パンダコパンダ","2620"
"4570057758729","4570057758729","トートバック パパンダ","3410"
"4570057758668","4570057758668","パンダコパンダピンズ ひっつきパンちゃん","800"
"4570057758651","4570057758651","パンダコパンダピンズ パンちゃん","800"
"4570057758644","4570057758644","パンダコパンダピンズ パパンダ","800"
"4570057758637","4570057758637","パンダコパンダ ジェットストリーム  ホワイト","2570"
"4570057758620","4570057758620","パンダコパンダ ジェットストリーム  ブラック","2570"
"4570057749260","4570057749260","ミニカードセット おんがく","440"
"4570057749253","4570057749253","ミニカードセット サーカス","440"
"4570057739025","4570057739025","レターセット パンダコパンダ","630"
"4570057738929","4570057738929","ふせん パンダコパンダ","690"
"4570030994182","4570030994182","NAGASAKIマグネット　龍やカステラ　ちゃんぽん","550"
"4570030994083","4570030994083","マグネット　長崎 　白","550"
"4570030991969","4570030991969","マグネット　長崎","550"
"4562443351058","4562443351058","勾玉　カステラ","440"
"4562443351034","4562443351034","勾玉　あまおう","440"
"4562443348904","4562443348904","ひねくれたやつら ねこ アメリカンショートヘア","550"
"4562443348898","4562443348898","ひねくれたやつら ねこ ハチワレ","550"
"4562443348881","4562443348881","ひねくれたやつら ねこ ミケネコ","550"
"4562443348874","4562443348874","ひねくれたやつら 柴犬","550"
"4562443348867","4562443348867","ドラゴンダイヤ　KH　銀","660"
"4562443348850","4562443348850","ドラゴンダイヤ　KH　金","660"
"4562443348843","4562443348843","ドラゴン剣Ⅱ　KH　銀","660"
"4562443348836","4562443348836","ドラゴン剣Ⅱ　KH　金","660"
"4562443348829","4562443348829","メタル　龍剣　KH　銅","660"
"4562443348812","4562443348812","メタル　龍剣　KH　黒","660"
"4562443348805","4562443348805","メタル　龍剣　KH　金","660"
"4562443348799","4562443348799","メカドラゴン　KH　黒","660"
"4562443348782","4562443348782","メカドラゴン　KH　銀","660"
"4562443348775","4562443348775","メカドラゴン　KH　金","660"
"4562443348553","4562443348553","ひねくれたやつら　黒豚","550"
"4562443348546","4562443348546","ひねくれたやつら　熊本城　","550"
"4562443348539","4562443348539","ひねくれたやつら　大分/赤鬼","550"
"4562443348522","4562443348522","ひねくれたやつら　カステラ","550"
"4562443348515","4562443348515","ひねくれたやつら　あまおう","550"
"4562443348263","4562443348263","アイマスク 睡眠？知らんけど","500"
"4562443348256","4562443348256","アイマスク 眠ってみな、飛ぶぞ","500"
"4562443348249","4562443348249","アイマスク これってさぁ…寝てるってこと？","500"
"4562443347884","4562443347884","ご当地シマエナガカステラキーホルダー","500"
"4562443343152","4562443343152","パンダ　ちりめんポーチ","550"
"4562443340793","4562443340793","Tシャツ　旅に出ます 中華街　S","2640"
"4562443339094","4562443339094","アイマスク　 ドＳの王様","500"
"4562443335782","4562443335782","アクリル根付け　温泉浴衣","500"
"4562443335379","4562443335379","アクリル根付け　メイド","500"
"4562443335362","4562443335362","アクリル根付け　キャバ嬢","500"
"4562443335355","4562443335355","アクリル根付け　舞妓","500"
"4562443335348","4562443335348","アクリル根付け　くの一","500"
"4562443334402","4562443334402","アイマスク メジェド様","720"
"4562443332118","4562443332118","アイマスク どMの王様","500"
"4562443331494","4562443331494","アイマスク ショポーン ピンクラメ","610"
"4562443331487","4562443331487","アイマスク ショボーン 金ラメ","610"
"4562443330749","4562443330749","ホラーアイマスク 恐怖","720"
"4562443330435","4562443330435","ニンジャスピリッツ　ストラップ","260"
"4562443330091","4562443330091","アイマスク ショポーン ピンクラメ","500"
"4562176474291","4562176474291","LE・POPOTINパンダ ハンカチ","750"
"4562145522015","4562145522015","サングラス　JJ2087-2","1210"
"4560344031536","4560344031536","NAGASAKIマグネット","550"
"4560314711222","4560314711222","「和楽器でジブリ」","2200"
"4560214780441","4560214780441","幻鬼ドラゴン　無双竜剣　銅","500"
"4560214780427","4560214780427","幻鬼ドラゴン　無双竜剣　銀","500"
"4560214780410","4560214780410","幻鬼ドラゴン　無双竜剣　金","500"
"4560154899326","4560154899326","サングラス　PY2816-3","1210"
"4560154899319","4560154899319","サングラス　PY2816-2","1210"
"4560154899302","4560154899302","サングラス　PY2816-1","1210"
"4560154899272","4560154899272","サングラス　PY2815-1","1210"
"4560154895663","4560154895663","サングラス　PY2811-3","1210"
"4560154895656","4560154895656","サングラス　PY2811-2","1210"
"4560154895649","4560154895649","サングラス　PY2811-1","1210"
"4560154895427","4560154895427","サングラス　PY1246-3","1210"
"4560154895410","4560154895410","サングラス　PY1246-2","1210"
"4560154895403","4560154895403","サングラス　PY1246-1","1210"
"4560154895106","4560154895106","サングラス　PY2793-4","1210"
"4560154895083","4560154895083","サングラス　PY2640-7","1210"
"4560154895076","4560154895076","サングラス　PY1237-4","1210"
"4560154895069","4560154895069","サングラス　PY1235-3","1210"
"4560154893492","4560154893492","サングラス　PY2803-3","1210"
"4560154893485","4560154893485","サングラス　PY2803-2","1210"
"4560154893478","4560154893478","サングラス　PY2803-1","1210"
"4560154892198","4560154892198","サングラス　PY2794-3","1210"
"4560154892167","4560154892167","サングラス　PY2793-3","1210"
"4554815055832","4554815055832","トムとジェリー　ラバーリール(ピンクジェリー)","880"
"4554815055825","4554815055825","トムとジェリー　ラバーリール(ピンクトム)","880"
"4550624450447","4550624450447","前髪クリップ　シナモン","600"
"4550624447799","4550624447799","前髪クリップ　マイメロ","600"
"4550624447782","4550624447782","前髪クリップ　キティ","600"
"4550621239625","4550621239625","鉛筆　コリコでお散歩柄","1140"
"4550621239601","4550621239601","下敷き　コリコでお散歩柄","400"
"4550621239588","4550621239588","A5クリアファイル　トトロブルー","400"
"4550621239571","4550621239571","A4クリアファイル　トトロイエロー","400"
"4550621239564","4550621239564","鉛筆　森のトトロ","1140"
"4550621239540","4550621239540","下敷き　森のトトロ","400"
"4550621173516","4550621173516","耳をすませば スタンドクリップ","740"
"4550621173493","4550621173493","千と千尋の神隠し スタンドクリップ","740"
"4550621173486","4550621173486","魔女の宅急便 スタンドクリップ","740"
"4550621173479","4550621173479","となりのトトロ スタンドクリップ 中トトロ＆小トトロ","740"
"4550621173462","4550621173462","となりのトトロ スタンドクリップ 大トトロ","740"
"4550621019746","4550621019746","天空の城ラピュタ ジェットストリーム  キツネリス","2570"
"4550451254027","4550451254027","ニコぬい パンダ","1190"
"4550451244387","4550451244387","ニコイチキーホルダー パンダ(ラメ入り)","770"
"4550451243045","4550451243045","部活動ユニ　ベースボール","610"
"4550451243038","4550451243038","部活動ユニ　サッカー","610"
"4550451243021","4550451243021","部活動ユニ　バドミントン","610"
"4550451243014","4550451243014","部活動ユニ　テニス","610"
"4550451243007","4550451243007","部活動ユニ　バレー","610"
"4550451242994","4550451242994","部活動ユニ　バスケ","610"
"4550451240549","4550451240549","ニコぬい ジンベエザメ","1380"
"4550451222767","4550451222767","ミニカメラ　キーホルダー","970"
"4550451195023","4550451195023","アクリルクリップ　シナモンロール","640"
"4550451195016","4550451195016","アクリルクリップ　ポムポムプリン","640"
"4550451195009","4550451195009","アクリルクリップ　ポチャッコ","640"
"4550451194989","4550451194989","アクリルクリップ　マイメロディ","640"
"4550451194972","4550451194972","アクリルクリップ　ハローキティ","640"
"4550451189664","4550451189664","オバケース　プリーヌ","830"
"4550451181828","4550451181828","ニコぬい ねこ","1190"
"4550451181804","4550451181804","ニコヌイ KH ポテット","1190"
"4550451159650","4550451159650","ニコヌイ KH ウサギ","1190"
"4550451159643","4550451159643","ニコヌイ KH クマ","1190"
"4550451154549","4550451154549","ニコヌイ KH ペンギン","1190"
"4550451154532","4550451154532","ニコヌイ KH ハムスター","1190"
"4550451154525","4550451154525","ニコヌイ KH ハリネズミ","1190"
"4550451151975","4550451151975","ニコイチキーホルダー パンダ","910"
"4550451151180","4550451151180","マルチクリップ","990"
"4550451103714","4550451103714","ニコヌイ KH ライオン","1190"
"4550451103691","4550451103691","ニコヌイ KH レッサーパンダ","1190"
"4550432189362","4550432189362","ちょこのりふれんず","860"
"4550432174016","4550432174016","もちもちパンダ マスコットキーホルダー","880"
"4550432154681","4550432154681","缶入りメモ　キキララ","690"
"4550432134744","4550432134744","もちもちパンダ チビパン","1320"
"4550432090552","4550432090552","ぱんだ　バスボール","420"
"4550432072015","4550432072015","スパイファミリー アクリルキーホルダー（ロイド）","770"
"4550376130758","4550376130758","クレヨンしんちゃん 福岡キャラックスいちご23～25㎝","550"
"4550376074762","4550376074762","クレヨンしんちゃん アクリルキーホルダー（長崎カステラ）","600"
"4550376074106","4550376074106","クレヨンしんちゃん　長崎　キャラックス　23~25cm","600"
"4550376036708","4550376036708","クレヨンしんちゃん 福岡キャラックス明太子23～25㎝","550"
"4550376036692","4550376036692","クレヨンしんちゃん 長崎キャラックス23～25㎝","550"
"4550337932810","4550337932810","PNマスコットHPRF","2500"
"4550337884171","4550337884171","KUマスコットバッジピタ","1350"
"4550337884133","4550337884133","CNマスコットバッジピタ","1350"
"4550337883860","4550337883860","MMマスコットバッジピタ","1350"
"4550337305447","4550337305447","サンリオ　ミニマスコット　ハート　ポムポムプリン","1050"
"4550337103012","4550337103012","サンリオ　リッタイキーホルダー　ぐでたま","990"
"4550337102992","4550337102992","サンリオ　リッタイキーホルダー　タキシードサム","990"
"4550337102930","4550337102930","サンリオ　リッタイキーホルダー　ハンギョドン","990"
"4550337102916","4550337102916","サンリオ　リッタイキーホルダー　ポチャッコ","990"
"4550337102909","4550337102909","サンリオ　リッタイキーホルダー　クロミ","990"
"4550337102855","4550337102855","サンリオ　リッタイキーホルダー　ポムポムプリン","990"
"4550337102794","4550337102794","サンリオ　リッタイキーホルダー　マイメロディ","990"
"4550337102787","4550337102787","サンリオ　リッタイキーホルダー　キティ","990"
"4550337085929","4550337085929","サンリオ　デビルマスコット　マイメロ","1500"
"4550337085264","4550337085264","サンリオ　エンジェルマスコット　シナモン","1500"
"4550337080450","4550337080450","サンリオ　リッタイキーホルダー　はなまるおばけ","990"
"4550317100864","4550317100864","い草シートトトロ レトロ","2820"
"4550213102580","4550213102580","モバイルステッカー(ゲンガー)","970"
"4549743981222","4549743981222","信楽焼 一輪挿し トトロ","6880"
"4549743956701","4549743956701","ハウルの動く城 B6ノートグラフィック","520"
"4549743956688","4549743956688","もののけ姫 B6ノートグラフィック","520"
"4549743956671","4549743956671","魔女の宅急便 B6ノートグラフィック","520"
"4549743956664","4549743956664","となりのトトロ B6ノートグラフィック","520"
"4549743956657","4549743956657","天空の城ラピュタ B6ノートグラフィック","520"
"4549743954936","4549743954936","A4クリアファイル ポスター柄 マーニー","390"
"4549743954929","4549743954929","A4クリアファイル ポスター柄 かぐや姫","390"
"4549743954912","4549743954912","A4クリアファイル ポスター柄 風立ちぬ","390"
"4549743954905","4549743954905","A4クリアファイル ポスター柄 コクリコ坂","390"
"4549743954899","4549743954899","A4クリアファイル ポスター柄 アリエッティ","390"
"4549743954882","4549743954882","A4クリアファイル ポスター柄 ポニョ","390"
"4549743954875","4549743954875","A4クリアファイル ポスター柄 ゲド戦記","390"
"4549743954868","4549743954868","A4クリアファイル ポスター柄 ハウル","390"
"4549743954851","4549743954851","A4クリアファイル ポスター柄 ギブリーズ","390"
"4549743954844","4549743954844","A4クリアファイル ポスター柄 猫の恩返し","390"
"4549743954837","4549743954837","A4クリアファイル ポスター柄 千と千尋","390"
"4549743954813","4549743954813","A4クリアファイル ポスター柄 もののけ姫","390"
"4549743954806","4549743954806","A4クリアファイル ポスター柄 耳をすませば","390"
"4549743954790","4549743954790","A4クリアファイル ポスター柄 ぽんぽこ","390"
"4549743954769","4549743954769","A4クリアファイル ポスター柄 おもひでぽろぽろ","390"
"4549743954752","4549743954752","A4クリアファイル ポスター柄 魔女宅","390"
"4549743954745","4549743954745","A4クリアファイル ポスター柄 トトロ","390"
"4549743954738","4549743954738","A4クリアファイル ポスター柄 ラピュタ","390"
"4549743954721","4549743954721","A4クリアファイル ポスター柄 ナウシカ","390"
"4549743952505","4549743952505","下敷き　空飛ぶキキ","400"
"4549743952475","4549743952475","魔女の宅急便 かきかたえんぴつ／空飛ぶキキ","1140"
"4549743952468","4549743952468","となりのトトロ ペンケース／森でかくれんぼ","1710"
"4549743952420","4549743952420","A4クリアファイル　森でかくれんぼ","400"
"4549743952413","4549743952413","となりのトトロ きかたえんぴつ／森でかくれんぼ","1140"
"4549743952222","4549743952222","A4クリアファイル 共に生きよう","390"
"4549743952215","4549743952215","A4クリアファイル コダマの棲む森","390"
"4549743952192","4549743952192","A4クリアファイル バロンとルイーゼ","390"
"4549743952161","4549743952161","A4クリアファイル 旅立ち","390"
"4549743952147","4549743952147","クリアファイル　救出","390"
"4549743952130","4549743952130","A4クリアファイル 花を","390"
"4549743952123","4549743952123","A4クリアファイル ナウシカと王蟲","390"
"4549743952109","4549743952109","グリーティングカード お父さんとお母さん","570"
"4549743952093","4549743952093","グリーティングカード　森の中のアシタカ","570"
"4549743952086","4549743952086","グリーティングカード 草むら散歩","570"
"4549743952062","4549743952062","グリーティングカード トトロ秋","570"
"4549743952055","4549743952055","グリーティングカード トトロ夏","570"
"4549743952048","4549743952048","グリーティングカード トトロ春","570"
"4549743952031","4549743952031","グリーティングカード 千と千尋","570"
"4549743952024","4549743952024","グリーティングカード もののけ姫","570"
"4549743952000","4549743952000","グリーティングカード トトロ","570"
"4549743951980","4549743951980","グリーティングカード　ナウシカ","570"
"4549743951829","4549743951829","君たちはどう生きるか 下敷き／ポスター柄","400"
"4549743951812","4549743951812","ポストカード 君たちはどう生きるか","180"
"4549743951805","4549743951805","A4クリアファイル ポスター柄 君たちはどう生きるか","390"
"4549743942247","4549743942247","ハウルの動く城 ふせんセット","570"
"4549743942230","4549743942230","魔女の宅急便 ふせんセット","570"
"4549743924250","4549743924250","千と千尋の神隠し箔押しミニリングノート","520"
"4549743924243","4549743924243","もののけ姫箔押しミニリングノート","520"
"4549743924236","4549743924236","箔押しミニリングノート　耳すま","520"
"4549743924229","4549743924229","魔女の宅急便箔押しミニリングノート","520"
"4549743924212","4549743924212","となりのトトロ箔押しミニリングノート","520"
"4549743910956","4549743910956","ハウルの動く城 モノグラフグラデーション","1030"
"4549743910949","4549743910949","千と千尋の神隠し モノグラフグラデーション","1030"
"4549743910932","4549743910932","耳をすませば モノグラフグラデーション","1030"
"4549743910925","4549743910925","魔女の宅急便 モノグラフグラデーション","1030"
"4549743888064","4549743888064","A4クリアファイル 二郎","390"
"4549743888040","4549743888040","A4クリアファイル ポニョ","390"
"4549743888033","4549743888033","A4クリアファイル ソフィー","390"
"4549743888026","4549743888026","A4クリアファイル 集合","390"
"4549743888019","4549743888019","A4クリアファイル ハクと千尋","390"
"4549743888002","4549743888002","A4クリアファイル ハク","390"
"4549743887982","4549743887982","A4クリアファイル サンとアシタカ","390"
"4549743887975","4549743887975","A4クリアファイル ジジ一家","390"
"4549743887968","4549743887968","クリアファイル　海辺のキキとトンボ","390"
"4549743887944","4549743887944","A4クリアファイル メイと小トトロ","390"
"4549743887937","4549743887937","A4クリアファイル パズーとシータ","390"
"4549743887920","4549743887920","A4クリアファイル ロボット兵","390"
"4549743864518","4549743864518","レターセット ハウル","910"
"4549743864501","4549743864501","レターセット 魔女宅","910"
"4549743864495","4549743864495","レターセット トトロ","910"
"4549743864488","4549743864488","ハウルの動く城 LIFEノーブルノート","2060"
"4549743864464","4549743864464","ノーブルノート　トトロ","2060"
"4549743864457","4549743864457","となりのトトロ クロスケフレークシール","520"
"4549743864433","4549743864433","となりのトトロ B6ノート／クロスケ","520"
"4549743864426","4549743864426","となりのトト ロユニボールワン クロスケ","970"
"4549743855660","4549743855660","ハウルの動く城 フレークシール","630"
"4549743855653","4549743855653","魔女の宅急便 フレークシール","630"
"4549743855622","4549743855622","魔女の宅急便 ミニレター／breaktime cokie","690"
"4549743855615","4549743855615","となりのトトロ ミニレター／breaktime vegetable","690"
"4549743843117","4549743843117","ドアフック　ハウルの動く城（ハッター帽子店）","3980"
"4549743843100","4549743843100","ドアフック　魔女宅　キキの看板","3980"
"4549743829784","4549743829784","魔女の宅急便 スティックのり","450"
"4549743829777","4549743829777","スティックスのり　トトロ","450"
"4549743826233","4549743826233","ジブリ 24作品 メモ帳コレクション","600"
"4549743813806","4549743813806","コクリコ坂から クリアファイル／レトロフレーム","520"
"4549743813790","4549743813790","借りぐらしのアリエッティ クリアファイル／レトロフレーム","520"
"4549743813783","4549743813783","千と千尋の神隠し クリアファイル／レトロフレーム","520"
"4549743813776","4549743813776","クリアファイル　レトロフレーム　ラピュタ","520"
"4549743794877","4549743794877","A4クリアファイル ソフィーとハウル","390"
"4549743794860","4549743794860","A4クリアファイル ハウル","390"
"4549743794853","4549743794853","A4クリアファイル 空中散歩","390"
"4549743794846","4549743794846","A4クリアファイル 雫とバロン","390"
"4549743794839","4549743794839","A4クリアファイル 雫と聖司","390"
"4549743794815","4549743794815","A4クリアファイル 図書館の雫","390"
"4549743794792","4549743794792","A4クリアファイル バロン","390"
"4549743794778","4549743794778","A4クリアファイル ポルコとカーチス","390"
"4549743794754","4549743794754","A4クリアファイル フィオ","390"
"4549743794730","4549743794730","クリアファイル　フィオと空賊たち","390"
"4549743784649","4549743784649","千と千尋の神隠し レトロステッカー","400"
"4549743784632","4549743784632","紅の豚 レトロステッカー","400"
"4549743784625","4549743784625","魔女の宅急便 レトロステッカー","400"
"4549743784618","4549743784618","となりのトトロ レトロステッカー","400"
"4549743784601","4549743784601","天空の城ラピュタ レトロステッカー","400"
"4549743767093","4549743767093","下敷き　乗り物","400"
"4549743767086","4549743767086","A5クリアファイル　乗り物","400"
"4549743746661","4549743746661","魔女の宅急便 かきかたえんぴつ 2B","1030"
"4549743746654","4549743746654","となりのトトロ かきかたえんぴつ／のりもの","1030"
"4549743739731","4549743739731","魔女の宅急便 モノグラフグラデーション","1030"
"4549743739724","4549743739724","となりのトトロ モノグラフ","1030"
"4549743727295","4549743727295","ハウルの動く城 日付印","7960"
"4549743727288","4549743727288","魔女の宅急便 日付印","7960"
"4549743727271","4549743727271","日付印　トトロ","7960"
"4549743692937","4549743692937","クルトガ／八百万の神様柄","1030"
"4549743692890","4549743692890","もののけ姫 クリアファイル／レトロフレーム","520"
"4549743692883","4549743692883","紅の豚 クリアファイル／レトロフレーム","520"
"4549743692869","4549743692869","魔女の宅急便 クリアファイル／レトロフレーム","520"
"4549743692852","4549743692852","となりのトトロ クリアファイル／レトロフレーム","520"
"4549743679129","4549743679129","千と千尋の神隠し ジェットストリーム／ワッペンカオナシ","580"
"4549743679112","4549743679112","もののけ姫 ジェットストリーム／ワッペンお面","580"
"4549743679105","4549743679105","紅の豚 ジェットストリーム／ワッペンサボイア","580"
"4549743679082","4549743679082","となりのトトロ ジェットストリーム／ワッペントトロ","580"
"4549743647074","4549743647074","A4クリアファイル 眠るハウル","390"
"4549743647067","4549743647067","A4クリアファイル またいつかきっと","390"
"4549743647050","4549743647050","A4クリアファイル ハクに乗って","390"
"4549743647043","4549743647043","A4クリアファイル 電車に揺られて","390"
"4549743647036","4549743647036","A4クリアファイル 千尋とカオナシ","390"
"4549743647012","4549743647012","A4クリアファイル 油屋","390"
"4549743646992","4549743646992","A4クリアファイル 森の中のアシタカ","390"
"4549743646947","4549743646947","A4クリアファイル 薬倉庫","390"
"4549743646930","4549743646930","A4クリアファイル キキの家","390"
"4549743646923","4549743646923","A4クリアファイル 昼下がり","390"
"4549743646916","4549743646916","A4クリアファイル 出会い","390"
"4549743646893","4549743646893","A4クリアファイル 夜","390"
"4549743646886","4549743646886","A4クリアファイル トトロの寝床","390"
"4549743646879","4549743646879","A4クリアファイル トトロのおなかの中上で","390"
"4549743646862","4549743646862","A4クリアファイル 夜空の散歩","390"
"4549743600888","4549743600888","ハウルの動く城 ジェットストリーム  ハウルの動く城","2570"
"4549743600833","4549743600833"," クロスケ消しゴム","740"
"4549743600765","4549743600765","魔女の宅急便 B5ノート／もちもの","400"
"4549743587837","4549743587837","千と千尋の神隠し ジェットストリーム","2570"
"4549743587806","4549743587806","缶バッジコレクション 千と千尋","460"
"4549743384917","4549743384917","マスキングテープ　ハウル","860"
"4549743371856","4549743371856","ハウルの動く城 ジェットストリーム／空中さんぽ","580"
"4549743371849","4549743371849","千と千尋の神隠し ジェットストリーム／編み物","580"
"4549743371825","4549743371825","紅の豚 ジェットストリーム／サボイア","580"
"4549743371818","4549743371818","魔女の宅急便 ジェットストリーム／びっくりジジ","580"
"4549743302089","4549743302089","缶バッジコレクション ハウル","460"
"4549743287171","4549743287171","魔女の宅急便 スタンドメモ／ベーカリー","570"
"4549743287164","4549743287164","3ポケットクリアファイル　ベーカリー","520"
"4549743287133","4549743287133","4ポケットクリアファイル　花柄","520"
"4549743255361","4549743255361","魔女の宅急便 ジェットストリーム  夜空","2570"
"4549743255323","4549743255323","となりのトトロ ジェットストリーム 夜空","2570"
"4549743232584","4549743232584","はさみ　コリコでお散歩柄","800"
"4549743232577","4549743232577","テープカッター　ジジ","570"
"4549743232560","4549743232560","鉛筆削り　ジジ","570"
"4549743232546","4549743232546","はさみ　森のトトロ柄","800"
"4549743232539","4549743232539","テープカッター　トトロ","570"
"4549743232522","4549743232522","鉛筆削り　トトロ","570"
"4549743207414","4549743207414","定規　ジジ","400"
"4549743162768","4549743162768","千と千尋の神隠し 八百万の神様帖","1710"
"4549743162744","4549743162744","ポチ袋　カオナシ","460"
"4549743156408","4549743156408","メモ帳　森のトトロ柄","520"
"4549743155449","4549743155449","缶バッジコレクション パンダコパンダ","570"
"4549743126234","4549743126234","千と千尋の神隠し クルトガアドバンス","1290"
"4549743126227","4549743126227","紅の豚 クルトガアドバンス","1290"
"4549626231799","4549626231799","クレヨンしんちゃん 箸  (赤）21㎝","440"
"4549479053972","4549479053972","クレヨンしんちゃん キャラガま（ぼーちゃん）","860"
"4549479053712","4549479053712","クレヨンしんちゃん コレクションポーチ チョコビ","1320"
"4549479053705","4549479053705","クレヨンしんちゃん コレクションポーチ しんちゃん＆シロ","1320"
"4549479053699","4549479053699","クレヨンしんちゃん コレクションポーチ パジャマ","1320"
"4549479053606","4549479053606","ネックポーチ・チャム","1100"
"4549479051732","4549479051732","クレヨンしんちゃん くるりんクリップマスコット（ぶりぶりざえもん）","770"
"4549479051725","4549479051725","クレヨンしんちゃん くるりんクリップマスコット（シロ）","770"
"4549479051718","4549479051718","クレヨンしんちゃん くるりんクリップマスコット（しんのすけ）","770"
"4549479051602","4549479051602","クレヨンしんちゃん ファンシーぱっちん 福岡","660"
"4549479050612","4549479050612","クレヨンしんちゃん ぴかぴかキーホルダー（明太子）","770"
"4549479050315","4549479050315","クレヨンしんちゃん キャラガま（カンタム・ロボ）","860"
"4549479049609","4549479049609","ラウンド小物ケース・シナモンロール","1100"
"4549479048763","4549479048763","キャラガま（しんのすけ）","860"
"4549479048602","4549479048602","クレヨンしんちゃん（チョコビ）バッジ","860"
"4549479048589","4549479048589","クレヨンしんちゃん（シロ）バッジ","860"
"4549479045274","4549479045274","恐竜ぬいぐるみリュック・パープルラメ","2470"
"4549204554750","4549204554750","MARVEL 　箸ケース","760"
"4549204500801","4549204500801","クレヨンしんちゃん アクリルキーホルダー（カステラ ピンク）","580"
"4548678911885","4548678911885","おえかきさんキーホルダー 長崎限定","990"
"4548678911861","4548678911861","靴下お絵かきさん　長崎ちゃんぽん","500"
"4548678911854","4548678911854","靴下お絵かきさん　 長崎カステラ","500"
"4548678911755","4548678911755","おえかきさんビニールステッカー ちゃんぽん","440"
"4548678911748","4548678911748","おえかきさんビニールステッカー カステラ","440"
"4548678911243","4548678911243","くつした ふくおかラーメン ばりかた","500"
"4548678910857","4548678910857","くつした はかためんたい ","500"
"4548643207227","4548643207227","ケアベアリフトMC　ファンシャインベア","1870"
"4548643205346","4548643205346","桜だるま　ハローキティ　RD","1540"
"4548643205339","4548643205339","桜だるま　ハローキティ　PK","1540"
"4548643205162","4548643205162","マジカルハート　ポチャッコMC","1750"
"4548643205148","4548643205148","マジカルハート　シナモンロールMC","1750"
"4548643205100","4548643205100","マジカルハート　マイメロディMC","1750"
"4548643205087","4548643205087","マジカルハート　ハローキティMC","1750"
"4548643204257","4548643204257","抹茶のシナモロール MC","1980"
"4548643202611","4548643202611","ハローキティ　いろいろふぇいす　どきどきMC","2200"
"4548643202598","4548643202598","ハローキティ　いろいろふぇいす　うふふMC","2200"
"4548643199201","4548643199201","ふわくた　ハンギョドン　はい型","2420"
"4548643199164","4548643199164","ふわくた　マイメロディ　はい型","2420"
"4548643199157","4548643199157","ふわくた　ハローキティ　はい型","2420"
"4548643195890","4548643195890","シナモンロール　寿司MC カリフォルニアロール","1540"
"4548643195883","4548643195883","マイメロディ　寿司MC　ネギトロ","1540"
"4548643194466","4548643194466","サンリオ　推し色マスコット　キティ　PK","1980"
"4548643194459","4548643194459","サンリオ　推し色マスコット　キティ   PU","1980"
"4548643194428","4548643194428","サンリオ　推し色マスコット　キティ   YE","1980"
"4548643194411","4548643194411","サンリオ　推し色マスコット　キティ　RD","1980"
"4548643193483","4548643193483","ポムポムプリン レトロポーズMC","2530"
"4548643193476","4548643193476","ポムポムプリン レトロポーズS","3520"
"4548643192929","4548643192929","ハローキティ　寿司MC　イクラ","1540"
"4548643189905","4548643189905","フェイスパスケース　ポムポムプリン","2200"
"4548643189899","4548643189899","フェイスパスケース　シナモン","2200"
"4548643189486","4548643189486","サンリオ　スタンダードマスコット　クロミ","1980"
"4548643189455","4548643189455","サンリオ　スタンダードマスコット　マイメロディ","1980"
"4548643189042","4548643189042","サンリオ　ギンガム　サガラ　化粧ポーチ　ポムポムプリン","1980"
"4548643188984","4548643188984","ギンガムキャスケット　ポムポムプリンMC","2530"
"4548643188021","4548643188021","ぬいぐるみサコッシュ　マイメロディ","2530"
"4548643182005","4548643182005","サンリオ　カラビナマスコット　ポムポムプリン","1760"
"4548643180230","4548643180230","まんまる巾着　マイメロディ","1650"
"4548643180223","4548643180223","まんまる巾着　ハローキティ","1650"
"4548643179722","4548643179722","ケアベアカズンズ　リフトMC　スウィフトハートラビット","1760"
"4548643178909","4548643178909","チョコベリーMC　ポムポムプリン","2420"
"4548643154521","4548643154521","ハンギョドン　ふわくた","2440"
"4548643143075","4548643143075","サンリオ　ほわほわ　マイメロディS","2640"
"4548643143037","4548643143037","サンリオ　ほわほわ　ハローキティS","2640"
"4548626235209","4548626235209","アイマスク　シナモンロール","1850"
"4548626235193","4548626235193","アイマスク　ハローキティ","1850"
"4548626235186","4548626235186","アイマスク　クロミ　ブラック","1850"
"4548626231829","4548626231829","クレヨンしんちゃん 箸（青）21㎝","440"
"4548626231812","4548626231812","クレヨンしんちゃん 箸（緑）21㎝","440"
"4548626226245","4548626226245","クレヨンしんちゃん スケボー KH　チョコビ","750"
"4548626226238","4548626226238","クレヨンしんちゃん スケボー KH アクション仮面","750"
"4548626226221","4548626226221","クレヨンしんちゃん スケボーキーホルダー","750"
"4548626221677","4548626221677","クレヨンしんちゃん クリア箸（水色）23㎝","660"
"4548626221660","4548626221660","クレヨンしんちゃん クリア箸（緑）23㎝","660"
"4548626221653","4548626221653","クレヨンしんちゃん クリア箸（青）23㎝","660"
"4548626221646","4548626221646","クレヨンしんちゃん クリア箸（赤）23㎝","660"
"4548626218387","4548626218387","2チャームキーホルダー　シナモン・ポムプリ","970"
"4548626215171","4548626215171","3チャームキーホルダー　ポチャッコ・ポムプリ","1080"
"4548626213917","4548626213917","はし　ポムポムプリン","440"
"4548626210046","4548626210046","くっつくマスコット　ポムポムプリン","990"
"4548626210008","4548626210008","くっつくマスコット　マイメロ","990"
"4548626197644","4548626197644","サンリオキャラクターズ　おしりポーチ　クロミ","990"
"4548626191666","4548626191666","フェイスポーチ　ジェリー","1980"
"4548626191642","4548626191642","フェイスポーチ　トム","1980"
"4548626188796","4548626188796","オーロラアクリルキーホルダー　マイメロ","720"
"4548626187119","4548626187119","サンリオキャラクターズ　カラビナ付きぬいぐるみファスナー　マスコットポムポムプリン","1410"
"4548626187102","4548626187102","サンリオ　カラビナ付　ぬいぐるみファスナーMC　シナモン","1410"
"4548626186648","4548626186648","リールキーホルダー/ゲンガー","1320"
"4548626186624","4548626186624","リールキーホルダー/カビゴン","1320"
"4548626186617","4548626186617","リールキーホルダー/ピカチュウ","1320"
"4548626181377","4548626181377","フラットポーチ　トム","1850"
"4548626181315","4548626181315","クレヨンしんちゃん　フラットポーチ　(ぶりぶりざえもん)","1850"
"4548626181308","4548626181308","クレヨンしんちゃん　フラットポーチ　(シロ)","1850"
"4548626180882","4548626180882","ポケモン・三角ポーチ・ゲンガー","530"
"4548626180844","4548626180844","ポケモン・三角ポーチ・ピカチュウ","530"
"4548626180837","4548626180837","ポケモン 三角ポーチ カラーズグリーン","530"
"4548626180820","4548626180820","ポケモン・三角ポーチ・紫","530"
"4548626180813","4548626180813","ポケモン 三角ポーチ カラーズイエロー","530"
"4548626180806","4548626180806","ポケモン 三角ポーチ カラーズピンク","530"
"4548626108275","4548626108275","MARVEL フィルム　付箋","530"
"4548626103461","4548626103461","MARVEL ロゴ　缶ミラー","640"
"4548626101894","4548626101894","MARVEL スティックのり","250"
"4548626089888","4548626089888","MARVEL 　ペンポーチ(ピンク)","850"
"4548626086863","4548626086863","MARVEL スライドミラー　録","520"
"4548626086856","4548626086856","MARVEL スライドミラー　紫","520"
"4548626083909","4548626083909","MARVEL 　3面ミラー","520"
"4548626081301","4548626081301","MARVEL 　ランヤード　レッド","960"
"4548626080090","4548626080090","MARVEL 　ラバーダイカット　ミラー","630"
"4548626079049","4548626079049","MARVEL 　メッシュポーチ","800"
"4548620159208","4548620159208","ポーチセット・ピカチュウ＆ほのおタイプ","1650"
"4546598550825","4546598550825","名探偵コナン アクリルKH 長崎","720"
"4546598549065","4546598549065","ご当地　ソックスモケケ　ザビエル","600"
"4546598549058","4546598549058","ご当地　ソックスモケケ　眼鏡橋","600"
"4546598545395","4546598545395","名探偵コナン アクリルKH長崎 大浦天主堂赤井","720"
"4546598545388","4546598545388","名探偵コナン アクリルKH長崎 龍踊安室","720"
"4546598545371","4546598545371","名探偵コナン アクリルKH長崎 カステラ平次","720"
"4546598545364","4546598545364","名探偵コナン アクリルKH長崎 眼鏡橋灰原","720"
"4546598541731","4546598541731","ご当地　モケケ　眼鏡橋","960"
"4546598533071","4546598533071","ガチャピンムック アクリルKH ザビエル","720"
"4546598528626","4546598528626","ご当地　モケケ　尾曲がり猫","960"
"4546598504750","4546598504750","ミツメトロ二クス　ザビエル","660"
"4546598504743","4546598504743","ミツメトロ二クス　坂本龍馬","660"
"4546598501728","4546598501728","ご当地　モケケ　ザビエル","960"
"4545403711208","4545403711208","ハイキュー前髪クリップ(思い出なんかいらん)","1080"
"4545403711192","4545403711192","ハイキュー前髪クリップ(繋げ)","1080"
"4545403711185","4545403711185","ハイキュー前髪クリップ(コートを制す)","1080"
"4545403711178","4545403711178","ハイキュー前髪クリップ(飛べ)","1080"
"4545403571765","4545403571765","サンリオ　チョコレートラバーキーホルダー　シナモン","1410"
"4545403571758","4545403571758","サンリオ　チョコレートラバーキーホルダー　ポムポムプリン","1410"
"4545403571741","4545403571741","サンリオ　チョコレートラバーキーホルダー　ポチャッコ","1410"
"4545403571734","4545403571734","サンリオ　チョコレートラバーキーホルダー　マイメロディ","1410"
"4545403571727","4545403571727","サンリオ　チョコレートラバーキーホルダー　キティ","1410"
"4545403571710","4545403571710","サンリオ　チョコレートヘアクリップ　シナモン","1100"
"4545403571703","4545403571703","サンリオ　チョコレートヘアクリップ　ポムポムプリン","1100"
"4545403571697","4545403571697","サンリオ　チョコレートヘアクリップ　ポチャッコ","1100"
"4545403571680","4545403571680","サンリオ　チョコレートヘアクリップ　マイメロディ","1100"
"4545403571673","4545403571673","サンリオ　チョコレートヘアクリップ　ハローキティ","1100"
"4545403571567","4545403571567","サンリオ　チョコレートマルチクリアケース　シナモン","970"
"4545403571550","4545403571550","サンリオ　チョコレートマルチクリアケース　ポムポムプリン","970"
"4545403571543","4545403571543","サンリオ　チョコレートマルチクリアケース　ポチャッコ","970"
"4545403571536","4545403571536","サンリオ　チョコレートマルチクリアケース　マイメロディ","970"
"4545403571529","4545403571529","サンリオ　チョコレートマルチクリアケース　キティ","970"
"4545403566662","4545403566662","ヘアクリップマカロン　クロミ","1080"
"4545403566631","4545403566631","ヘアクリップマカロン　シナモン","1080"
"4545403566617","4545403566617","ヘアクリップマカロン　ポチャッコ","1080"
"4545403566594","4545403566594","ヘアクリップマカロン　マイメロディ","1080"
"4545403566587","4545403566587","ヘアクリップマカロン　ハローキティ","1080"
"4545403565573","4545403565573","サンリオ　チョコレートハンドミラー　ポムポムプリン","1630"
"4545403565566","4545403565566","サンリオ　チョコレートハンドミラー　マイメロディ","1630"
"4545403564750","4545403564750","スーパーマリオ はし21cm おばけ","750"
"4545403564743","4545403564743","スーパーマリオ はし21cm スター","750"
"4545403564712","4545403564712","スーパーマリオ はし21cm キノコ緑","750"
"4545403564705","4545403564705","スーパーマリオ はし21cm キノコ赤","750"
"4545403559992","4545403559992","カービィ スイートドリームゆらっとアクリルキーホルダー 黄","1080"
"4545403559985","4545403559985","カービィ スイートドリームゆらっとアクリルキーホルダー 青","1080"
"4545403558162","4545403558162","つながるアクリルルームスタンド ホロライブはぐみーつ 不知火フレア","1380"
"4545403558100","4545403558100","アクリルKH ホロライブはぐみーつ lRys","940"
"4545403557967","4545403557967","つながるアクリルルームスタンド ホロライブはぐみーつ 桃鈴ねね","1380"
"4545403557950","4545403557950","つながるアクリルルームスタンド ホロライブはぐみーつ 雪花ラミィ","1380"
"4545403557912","4545403557912","つながるアクリルルームスタンド ホロライブはぐみーつ ロボ子さん","1380"
"4545403557905","4545403557905","つながるアクリルルームスタンド ホロライブはぐみーつ ときのそら","1380"
"4545403557844","4545403557844","アクリルKH ホロライブはぐみーつ 桃鈴ねね","940"
"4545403552412","4545403552412","ソフビィ(全7種)","750"
"4545403539284","4545403539284","鬼滅の刃 CANバッジ（お団子シリーズ）","200"
"4545403539277","4545403539277","鬼滅の刃 CANバッジ（お団子シリーズ）","200"
"4545403538157","4545403538157","鬼滅の刃 スタンドミニアクリルキーホルダー","660"
"4545403538102","4545403538102","鬼滅の刃 スタンドミニアクリルキーホルダー（お団子シリーズ）","200"
"4545403538096","4545403538096","鬼滅の刃 スタンドミニアクリルキーホルダー（お団子シリーズ）","200"
"4545403537266","4545403537266","鬼滅の刃 プチっとバッジ（炭治郎）","750"
"4545403536160","4545403536160","鬼滅の刃 CANバッジ","420"
"4545403536153","4545403536153","鬼滅の刃 スタンドミニアクリルキーホルダー","200"
"4544815076684","4544815076684","カービィもふっとシリーズプラがまネックポーチ わくわく","2310"
"4544815076677","4544815076677","カービィ もふっとシリーズプラがまネックポーチ にっこり","2310"
"4544815076660","4544815076660","カービィ もふっとシリーズマスコットリール わくわく","1410"
"4544815076653","4544815076653","カービィ もふっとシリーズマスコットリール にっこり","1410"
"4544815076646","4544815076646","カービィもふっとシリーズマチ付きポーチ わくわく","1850"
"4544815076639","4544815076639","カービィもふっとシリーズマチ付きポーチ にっこり","1850"
"4544815074697","4544815074697","星のカービィ キャラクター鈴 おひるね","750"
"4544815074680","4544815074680","星のカービィ キャラクター鈴 おすわり","750"
"4544815073652","4544815073652","ポケモン ラバーリール KH ソウブレイズ","880"
"4544815073645","4544815073645","ポケモン・ラバーリール・グレンアルマ","880"
"4544815073638","4544815073638","ラバーリールキーホルダー　レシラム","880"
"4544815073621","4544815073621","ラバーリールキーホルダー　ワッカネズミ","880"
"4544815073614","4544815073614","ラバーリールキーホルダー　ゴンべ","880"
"4544815071832","4544815071832","ラバーリールキーホルダー　クレッフィ","880"
"4544815071825","4544815071825","ポケモン・ラバーリール・ジラーチ","880"
"4544815071818","4544815071818","ラバーリールキーホルダー　メタグロス","880"
"4544815071801","4544815071801","ラバーリールキーホルダー　シャリタツ(のびたすがた)","880"
"4544815071788","4544815071788","ポケモン・ラバーリール・ボーマンダ","880"
"4544815069921","4544815069921","ポケモン・ラバーリール・パモ","880"
"4544815069907","4544815069907","ポケモン・ラバーリール・レントラー","880"
"4544815069891","4544815069891","ポケモン ラバーリール KH エレキッド","880"
"4544815069884","4544815069884","ポケモン ラバーリール KH デンリュウ","880"
"4544815069341","4544815069341","クレヨンしんちゃん　がまぐち","1740"
"4544815068900","4544815068900","カービィ スイートドリームラバーリール あわあわドルディ","880"
"4544815067484","4544815067484","SKJ バスボール","610"
"4544815067408","4544815067408","ケアベア　フィンガーパペットBC　[Birthday　Bear]　","1410"
"4544815067224","4544815067224","ケアベア　フェイスマスコット巾着［Togetherness Bear］","1630"
"4544815067217","4544815067217","ケアベア　フェイスマスコット巾着［Wish Bear］","1630"
"4544815067200","4544815067200","ケアベア　フェイスマスコット巾着［Birthday Bear］","1630"
"4544815067194","4544815067194","ケアベア　フェイスマスコット巾着［Sweet Dream Bear］","1630"
"4544815067187","4544815067187","ケアベア　フェイスマスコット巾着［Love-A-Lot Bear］","1630"
"4544815066906","4544815066906","たべっ子水族館 ひつじ","1080"
"4544815066876","4544815066876","たべっ子水族館 ぞう","1080"
"4544815066555","4544815066555","クレヨンしんちゃん ぬいぐるみ KR ネネチャンウサギ","1520"
"4544815066548","4544815066548","クレヨンしんちゃん シンティッシュポーチ パジャマ","1410"
"4544815066487","4544815066487","ポケモン キラキラメタル KC リオル","990"
"4544815066470","4544815066470","キラキラメタルチェーン／ポッチャマ","990"
"4544815066463","4544815066463","ポケモン キラキラメタル KC カビゴン","990"
"4544815066449","4544815066449","ポケモン キラキラメタル KC ゲンガー","990"
"4544815066432","4544815066432","ポケモン キラキラメタル KC ピカチュウ","990"
"4544815066401","4544815066401","ラバーリールキーホルダー　キリキザン","880"
"4544815066395","4544815066395","ラバーリールキーホルダー　ゾロア","880"
"4544815066388","4544815066388","ラバーリールキーホルダー　フラワイド","880"
"4544815066371","4544815066371","ラバーリールキーホルダー　ヤミヤミ","880"
"4544815066364","4544815066364","ポケモン・ラバーリール・ムウマ","880"
"4544815065428","4544815065428","たべっ子どうぶつ　バスボール","610"
"4544815064506","4544815064506","ラバーリールキーホルダー　ニャスパー","880"
"4544815064353","4544815064353","ゆるふわプラがまぐち　ポチャッコ","1270"
"4544815064346","4544815064346","ゆるふわプラがまぐち　ポムポムプリン","1270"
"4544815064322","4544815064322","ゆるふわプラがまぐち　シナモンロール","1270"
"4544815064315","4544815064315","ゆるふわプラがまぐち　クロミ","1270"
"4544815064308","4544815064308","ゆるふわプラがまぐち　マイメロディ","1270"
"4544815064292","4544815064292","サンリオゆめふわ　ミニティッシュポーチ[ポチャッコ]","1870"
"4544815064285","4544815064285","サンリオゆめふわ　ミニティッシュポーチ[ポムポムプリン]","1870"
"4544815064278","4544815064278","サンリオゆめふわ　ミニティッシュポーチ[ハンギョドン]","1870"
"4544815064223","4544815064223","サンリオゆめふわ　ぬいぐるみBC [ポムポムプリン]","1850"
"4544815064162","4544815064162","ラバーリール　ポムポムプリン","1080"
"4544815063981","4544815063981","ポケモン・ラバーリール・ククッス","880"
"4544815063974","4544815063974","ポケモン・ラバーリール・ホゲータ","880"
"4544815063967","4544815063967","ポケモン・ラバーリール・ニャオハ","880"
"4544815063899","4544815063899","ポケモン・ラバーリール・ミミュキュ","880"
"4544815063851","4544815063851","ポケモン・ラバーリール・ニンフィア","880"
"4544815063820","4544815063820","ポケモン・ラバーリール・グレイシア","880"
"4544815063813","4544815063813","ラバーリールキーホルダー　ソーフィア","880"
"4544815063806","4544815063806","ラバーリールキーホルダー　ルカリオ","880"
"4544815063769","4544815063769","ラバーリールキーホルダー　エーフィ","880"
"4544815063738","4544815063738","ポケモン・ラバーリール・カビゴン","880"
"4544815063707","4544815063707","ポケモン・ラバーリール・ゲンガー","880"
"4544815063684","4544815063684","ポケモン・ラバーリール・リザードン","880"
"4544815063660","4544815063660","ラバーリールキーホルダー　ピカチュウジャンプ","880"
"4544815063653","4544815063653","ラバーリールキーホルダー　ピカチュウおすわり","880"
"4544815062557","4544815062557","マスコットリールキーホルダー/ピカチュウ","860"
"4544815062496","4544815062496","クレヨンしんちゃん ぬいぐるみ キーリング シロ","1520"
"4544815062489","4544815062489","クレヨンしんちゃん ぬいぐるみ KR ぶりぶり","1520"
"4544815062472","4544815062472","クレヨンしんちゃん ぬいぐるみ KR パジャマ","1520"
"4544815062465","4544815062465","クレヨンしんちゃん ぬいぐるみ KR しんのすけ","1520"
"4544815062328","4544815062328","クレヨンしんちゃん ミニティッシュポーチ（ぶりぶりざえもん）","1410"
"4544815062311","4544815062311","クレヨンしんちゃん シンティッシュポーチ しんのすけ","1410"
"4544815062182","4544815062182","ポケモン・ラバーリール・エルフーン","880"
"4544815062168","4544815062168","ポケモン・ラバーリール・ピィ","880"
"4544815062151","4544815062151","ラバーリールキーホルダー　マリル","880"
"4544815062144","4544815062144","ポケモン・ラバーリール・トゲピー","880"
"4544815061581","4544815061581","ティッシュポーチ　ジェリー","1410"
"4544815060423","4544815060423","プラがま口・ルカリオ","1740"
"4544815060416","4544815060416","プラがま口・ポッチャマ","1740"
"4544815060409","4544815060409","プラがま口・カビゴン","1740"
"4544815060386","4544815060386","プラがま口・メタモン","1740"
"4544815060379","4544815060379","ポケモン プラがまぐち ゲンガー","1740"
"4544815060362","4544815060362","プラがま口・ピカチュウ","1740"
"4544815060324","4544815060324","ミニティッシュポーチ　ミミッキュ","1410"
"4544815060294","4544815060294","ミニティッシュポーチ　ポッチャマ","1410"
"4544815060256","4544815060256","ポケモン シンティッシュポーチ ピカチュウ","1410"
"4544815059151","4544815059151","ポケモン・ラバーリール・デデンネ","880"
"4544815059038","4544815059038","ポケモン・ラバーリール・モルペコ","880"
"4544815059014","4544815059014","ラバーリールキーホルダー　ワンパチ","880"
"4544815059007","4544815059007","ポケモン・ラバーリール・メッソン","880"
"4544815058987","4544815058987","ラバーリールキーホルダー　ヒバニー","880"
"4544815058604","4544815058604","たべっ子水族館 くじら","1080"
"4544815058550","4544815058550","たべっ子水族館 らっこ","1080"
"4544815058543","4544815058543","たべっ子水族館 ほっきょくぐま","1080"
"4544815058017","4544815058017","クレヨンしんちゃん ミニティッシュポーチ（シロ）","1080"
"4544815057843","4544815057843","こねずみ ネックパース","1326"
"4544815057812","4544815057812","ごきげんぱんだ","2200"
"4544815055283","4544815055283","マスコットリールキーホルダー/ワンパチ","860"
"4544815054392","4544815054392","たべっ子水族館 さる","1080"
"4544815051728","4544815051728","クレヨンしんちゃん　マスクケース","880"
"4544815033809","4544815033809","アリエル　タンプラー","810"
"4544815033786","4544815033786","ミッキー・ミニー　タンプラー","810"
"4544815033472","4544815033472","リラックマ　タンプラー","810"
"4541614601963","4541614601963","聖獣四神　キューブ","440"
"4541228468693","4541228468693","のびねこ　ドラゴン","830"
"4541228446028","4541228446028","やらかした！？ パンダ","550"
"4541228445212","4541228445212","しあがってる　ちゃんぽん","660"
"4541228445137","4541228445137","しあがってる　カステラ","660"
"4541228433240","4541228433240","ころぱんだ","550"
"4541228409658","4541228409658","のびねこ　天主堂","830"
"4541228409245","4541228409245","のびねこ　カステラ","830"
"4541228409221","4541228409221","のびぱんだ","770"
"4541228409085","4541228409085","のびねこ　バレー","770"
"4541228409078","4541228409078","のびねこ　バスケ","770"
"4541228409061","4541228409061","のびねこ　サッカー","770"
"4541228409054","4541228409054","のびねこ　野球","770"
"4541228393759","4541228393759","考えるカステラ　ぬいぐるみマスコット","1320"
"4541228393513","4541228393513","考えるパンダ","550"
"4541228393452","4541228393452","考える黄金のうんち　キーホルダー","610"
"4541062049211","4541062049211","龍笛　金×オレンジ","440"
"4541062028909","4541062028909","龍笛","550"
"4538023030323","4538023030323","ボールペン・シャーペン　2本セット　尾曲がり猫","660"
"4538023029327","4538023029327","ムーンキャット　キーホルダー","660"
"4538023023257","4538023023257","ネオステンドチャーム　教会","440"
"4538023023240","4538023023240","ネオステンド　キーホルダー　教会","550"
"4538023022984","4538023022984","ネオステンドチャーム　尾曲がり猫","440"
"4538023022977","4538023022977","ネオステンド　キーホルダー　尾曲がり猫","550"
"4538023020645","4538023020645","イニシャルKH　尾曲がり猫","550"
"4538023017577","4538023017577","天然石","440"
"4538023015856","4538023015856","3個ST　ぬいぐるみ　新カステラ","660"
"4538023007912","4538023007912","3連カステラ　キーホルダー","660"
"4536283154834","4536283154834","NAGASAKI 　ソックス　グレー","770"
"4536283154827","4536283154827","NAGASAKI 　ソックス　赤","770"
"4536283154810","4536283154810","NAGASAKI 　ソックス　青","770"
"4536283152700","4536283152700","メタルマグネット　軍艦島","660"
"4536283152373","4536283152373","たおるはんかち(ちゃんぽん)","770"
"4536283146730","4536283146730","尾曲がり猫　はんかち(カステラ ちゃんぽん)","770"
"4536283146495","4536283146495","タオルはんかち","660"
"4536283146242","4536283146242","長崎ステッカー","550"
"4536283146143","4536283146143","尾曲がり猫　F付　カードケース　ちゃんぽん／カステラ","990"
"4536283146136","4536283146136","尾曲がり猫　(黄)(ピンク）　小銭入れ","990"
"4536283146068","4536283146068","龍踊り　Tシャツ","2750"
"4536283144989","4536283144989","長崎　足袋ソックス","550"
"4536283143906","4536283143906","中華パンダ　カードケース","610"
"4536283135062","4536283135062","尾曲がり猫　カードケース","610"
"4536283135055","4536283135055","尾曲がり猫　タオルはんかち","610"
"4536283125636","4536283125636","お曲がり猫　タオルはんかち","770"
"4536219989950","4536219989950","鬼滅の刃 ICカードケース KMY-10N（しなずがわ さねみ）","1100"
"4536219989943","4536219989943","鬼滅の刃 ICカードケース KMY-10M（いぐろ おばない）","1100"
"4536219989936","4536219989936","鬼滅の刃 ICカードケース（行冥）","1100"
"4536219989929","4536219989929","鬼滅の刃 ICカードケース KMY-10K（ときとう むいちろう）","1100"
"4536219989912","4536219989912","鬼滅の刃 ICカードケース KMY-10J（かんろじ みつり）","1100"
"4536219989905","4536219989905","鬼滅の刃 ICカードケース KMY-10H（うずい てんげん）","1100"
"4536219989875","4536219989875","鬼滅の刃 ICカードケース KMY-10E（とみおか ぎゆう）","1100"
"4536219989868","4536219989868","鬼滅の刃 ICカードケース KMY-10D（はしびら いのすけ）","1100"
"4536219989851","4536219989851","鬼滅の刃 ICカードケース（善逸）","1100"
"4536219989844","4536219989844","鬼滅の刃 ICカードケース（ねずこ）","1100"
"4536219989837","4536219989837","鬼滅の刃 ICカードケース（炭治郎）","1100"
"4535304727521","4535304727521","ウインナー　バスボール","550"
"4535304718338","4535304718338","パンどろぼう　バスボール","550"
"4534253481065","4534253481065","パンダ帽子","1320"
"4534253266303","4534253266303","スクイーズ　ミニボール","500"
"4531176562024","4531176562024","桜花　漫遊","440"
"4527837385231","4527837385231","魔女の宅急便 ベビーソックス ジジ(リボンあり)","570"
"4525636334535","4525636334535","クレヨンしんちゃん ばんそうこう","500"
"4522776863185","4522776863185","鬼滅の刃　クリアファイル　CTZT-02","660"
"4522776863055","4522776863055","鬼滅の刃　クリアファイル　CTKH-01","660"
"4522776862614","4522776862614","鬼滅の刃　クリアファイル　CTUA-01","660"
"4522776633016","4522776633016","葬送のフリーレン ぎゅぎゅっとミニスタンド シュタルク","660"
"4522776619348","4522776619348","スパイファミリー ごちきゃらミニスタンド（ロイド）","660"
"4522776619331","4522776619331","スパイファミリー ごちきゃらミニスタンド（ダミアン）","660"
"4522776619324","4522776619324","スパイファミリー ごちキャラミニスタンド（ユーリ）","660"
"4522776618631","4522776618631","スパイファミリー メモリーズミニスタンド（ダミアン）","660"
"4522776382907","4522776382907","鬼滅の刃　ノート　K","200"
"4522776382877","4522776382877","鬼滅の刃　ノート　H","200"
"4522776382853","4522776382853","鬼滅の刃　ノート　F","200"
"4522776382822","4522776382822","鬼滅の刃　ノート　C","200"
"4522776382808","4522776382808","鬼滅の刃　ノート　A","200"
"4522776261394","4522776261394","葬送のフリーレン アクリルキーホルダー","750"
"4522776246376","4522776246376","アクリルキーホルダー マッシュル レモン","750"
"4522776239669","4522776239669","スパイファミリー ロイド アクリルキーホルダー（ナイフ）","750"
"4522776239652","4522776239652","スパイファミリー アクリルキーホルダー（ダミアン）","750"
"4522776239645","4522776239645","スパイファミリー アクリルキーホルダー（ユーリ）","750"
"4522776239614","4522776239614","スパイファミリー ロイド アクリルキーホルダー（フォーク）","750"
"4522776239133","4522776239133","スパイファミリー アクリルキーホルダー（ユーリ）腕組み","750"
"4522776239102","4522776239102","スパイファミリー ぷかっしゅアクリルキーホルダー（ロイド）","750"
"4522776215977","4522776215977","鬼滅の刃 レトロ看板キーホルダー（行冥）","200"
"4522776215960","4522776215960","鬼滅の刃 レトロ看板キーホルダー（実弥） ","200"
"4522776215953","4522776215953","鬼滅の刃 レトロ看板キーホルダー（小芭内）","200"
"4522776215946","4522776215946","鬼滅の刃 レトロ看板キーホルダー（蜜璃）","200"
"4522776215939","4522776215939","鬼滅の刃 レトロ看板キーホルダー（無一郎）","200"
"4522776215922","4522776215922","鬼滅の刃 レトロ看板キーホルダー（天元）","200"
"4522776215915","4522776215915","鬼滅の刃 レトロ看板キーホルダー（杏寿郎）","200"
"4522776215908","4522776215908","鬼滅の刃　レトロ看板キーホルダー（しのぶ）","200"
"4522776215892","4522776215892","鬼滅の刃 レトロ看板キーホルダー（義勇）","200"
"4522776215885","4522776215885","鬼滅の刃 レトロ看板キーホルダー（伊之助）","200"
"4522776215878","4522776215878","鬼滅の刃 レトロ看板キーホルダー（善逸）","200"
"4522776215861","4522776215861","鬼滅の刃 レトロ看板キーホルダー（ねずこ）","200"
"4522776215854","4522776215854","鬼滅の刃 レトロ看板キーホルダー（炭治郎）","200"
"4522776215557","4522776215557","鬼滅の刃 アクリルキーホルダー（炭治郎）","750"
"4522776215540","4522776215540","鬼滅の刃 アクリルキーホルダー（伊之助）","750"
"4522776215533","4522776215533","鬼滅の刃 アクリルキーホルダー（善逸 ねずこ）","750"
"4522776214857","4522776214857","鬼滅の刃 アクリルキーホルダー（行冥）","880"
"4522776211917","4522776211917","鬼滅の刃 アクリルキーホルダー（伊之助）","750"
"4522776211887","4522776211887","鬼滅の刃 アクリルキーホルダー（炭治郎）","750"
"4522776189445","4522776189445","鬼滅の刃 　アクリルフィギア　AFZT-04","1320"
"4522776189438","4522776189438","鬼滅の刃 　アクリルフィギア　AFZT-03","1320"
"4522776189414","4522776189414","鬼滅の刃　アクリルフィギア　AFZT-01","1320"
"4522776173864","4522776173864","スパイファミリー ボールペン（ヨル）","770"
"4522776170429","4522776170429","鬼滅の刃 ボールペン（炭治郎）","770"
"4522776170412","4522776170412","鬼滅の刃 ボールペン（伊之助）","770"
"4522776170405","4522776170405","鬼滅の刃 ボールペン（善逸）","770"
"4522776163759","4522776163759","鬼滅の刃 缶バッジ CBZT-05","550"
"4522776163742","4522776163742","鬼滅の刃 缶バッジ CBZT-04","550"
"4522776163735","4522776163735","鬼滅の刃 缶バッジ CBZT-03","550"
"4522776163711","4522776163711","鬼滅の刃 缶バッジ CBZT-01","550"
"4522776161212","4522776161212","鬼滅の刃 缶バッジ CBKC-05","550"
"4522776161205","4522776161205","鬼滅の刃 缶バッジ CBKC-04","550"
"4522776161175","4522776161175","鬼滅の刃 缶バッジ CBKC-01","550"
"4522776158625","4522776158625","鬼滅の刃 缶バッジ CBGK-01","550"
"4518645623998","4518645623998","マーベル　ステッカー","540"
"4518297071239","4518297071239","キューピー　軍艦島","840"
"4518297071215","4518297071215","キューピー　天主堂","840"
"4518297032841","4518297032841","キューピー　ちゃんぽん","840"
"4518297026253","4518297026253","キューピー　ドラゴン","840"
"4518297026246","4518297026246","キューピー　坂本龍馬","840"
"4518297019927","4518297019927","キューピー　カステラ","840"
"4518003037061","4518003037061","Water front折り畳み傘 サクラ","2200"
"4518003015441","4518003015441","Water front折り傘","1100"
"4518003015427","4518003015427","Water front折り傘","1100"
"4518003014826","4518003014826","Water front折り畳み傘 ","1100"
"4517869505233","4517869505233","長崎カラーマップ　トランプ","1100"
"4517869005283","4517869005283","高級シルク扇子","1320"
"4513750146387","4513750146387","ちいかわもちころりん くりまんじゅう","1430"
"4513750146363","4513750146363","ちいかわもちころりん うさぎ","1430"
"4513750146356","4513750146356","ちいかわもちころりん ハチワレ","1430"
"4513750146349","4513750146349","ちいかわもちころりん","1430"
"4513266172344","4513266172344","ポケモン カラビナ付ヌイグルミ カビゴン","2200"
"4513266172320","4513266172320","ポケモン カラビナ付ヌイグルミ ピカチュウ","2200"
"4513266172313","4513266172313","カラビナ付きポーチ　ゲンガー","2200"
"4513266156221","4513266156221","ポケモンフェイスパスケース ゲンガー","1740"
"4513266156184","4513266156184","ポケモンフェイスパスケース ピカチュウ","1740"
"4513266155231","4513266155231","ポケモン・両面フェイスポーチ(モルペコ)","1520"
"4512945578019","4512945578019","スライドミラー　ミニー","1210"
"4512945578002","4512945578002","スライドミラー　ミッキー","1210"
"4512945577999","4512945577999","チャイナポーチ　イエロー","1760"
"4512945577982","4512945577982","チャイナポーチ　ブルー","1760"
"4512945577975","4512945577975","チャイナポーチ　レッド","1760"
"4512945570228","4512945570228","サテンポーチ　ネオンミッキー","1980"
"4512945569772","4512945569772","パタパタメモ　ネオンミッキーミニー","550"
"4512945569765","4512945569765","パタパタメモ　武林指南書","550"
"4512945569758","4512945569758","白雲石　コースター　ミニー","1210"
"4512945569741","4512945569741","白雲石　コースター　武林米笈","1210"
"4512945569734","4512945569734","白雲石　コースター　カンフー虎","1210"
"4512945569727","4512945569727","ステッカー　ミニーライト","330"
"4512945569710","4512945569710","ステッカー　ネオンミッキー","330"
"4512945569697","4512945569697","ステッカー　ネオン街","330"
"4512945569680","4512945569680","ステッカー　武林指南書","330"
"4512945569673","4512945569673","ステッカー　カンフー鶴","330"
"4512945569666","4512945569666","ステッカー　カンフー虎","330"
"4512945569659","4512945569659","ステッカー　カンフー蛇","330"
"4512945569642","4512945569642","ステッカー　カンフー龍","330"
"4512945569635","4512945569635","ステッカー　ミッキー","330"
"4512945569628","4512945569628","板マグネット　ネオンミニー","500"
"4512945569611","4512945569611","板マグネット　ネオンミッキーミニー","500"
"4512945569604","4512945569604","板マグネット　ネオン街","500"
"4512945569598","4512945569598","板マグネット　LEGEND","500"
"4512945569581","4512945569581","板マグネット　武功","500"
"4512945569574","4512945569574","アクリルキーホルダー　米ミニー","720"
"4512945569550","4512945569550","アクリルキーホルダー　武林指南書","720"
"4512945569543","4512945569543","アクリルキーホルダー　カンフー龍","720"
"4512945569529","4512945569529","Tシャツ　ネオンミッキー　L","3850"
"4512945569512","4512945569512","Tシャツ　ネオンミッキー　M","3850"
"4512945569505","4512945569505","Tシャツ　ネオンミッキー　S","3850"
"4512945569499","4512945569499","Tシャツ　ネオン1928　L","3850"
"4512945569482","4512945569482","Tシャツ　ネオン1928　M","3850"
"4512945569475","4512945569475","Tシャツ　ネオン1928　S","3850"
"4512945569468","4512945569468","Tシャツ　武林指南書 L","3850"
"4512945569451","4512945569451","Tシャツ　武林指南書 M","3850"
"4512945569444","4512945569444","Tシャツ　武林指南書 S","3850"
"4512945569437","4512945569437","Tシャツ　精氣神　L","3850"
"4512945569420","4512945569420","Tシャツ　精氣神　M","3850"
"4512945569413","4512945569413","Tシャツ　精氣神　S","3850"
"4512945569390","4512945569390","Tシャツ　カンフーミッキーM","3850"
"4512945569383","4512945569383","Tシャツ　カンフーミッキーS","3850"
"4512945569376","4512945569376","ランチョンマット","1320"
"4512945569369","4512945569369","アクリルスタンド　屏風","880"
"4512945569352","4512945569352","アクリルスタンド　ネオン街","880"
"4512945569345","4512945569345","サテンポーチ　ミニーライト","1980"
"4512945569338","4512945569338","サテン巾着","1980"
"4512945569336","4512945569336","アクリルキーホルダー　米奇","720"
"4510656012792","4510656012792","柿の種　柚子","700"
"4510656012723","4510656012723","柿の種　明太子","700"
"4012390901368","4012390901368","NICI10cmキーホルダー パンダ","1020"
"452276163728","452276163728","鬼滅の刃 缶バッジ CBZT-02","550"
"20","10","フルーツバー","450"
"19","9","アイスクリーム","400"
"18","8","中華ちまき","450"
"17","7","海鮮焼売　３個","350"
"16","6","肉まん","300"
"15","5","小籠包　１０個","900"
"14","4","小籠包　３個","300"
"13","3","角煮まんじゅう","350"
"12","2","カステラ　修学旅行割","1000"
"11","1","カステラ","1100"
